configuration,evaluation_scope,file_name,perturbation,status,rejection_reason,original_prediction_kg,perturbed_prediction_kg,delta_kg
random_forest,baseline,0266d87e-faec-497f-8e14-949a5ab6afa3.png,contraction,rejected,contraction_topology_violation,84.709431,,
random_forest,baseline,0266d87e-faec-497f-8e14-949a5ab6afa3.png,expansion,rejected,contraction_topology_violation,84.709431,,
random_forest,baseline,0266d87e-faec-497f-8e14-949a5ab6afa3.png,scale_grow,eligible,,84.709431,84.797715,0.088284
random_forest,baseline,0266d87e-faec-497f-8e14-949a5ab6afa3.png,scale_shrink,eligible,,84.709431,81.397549,-3.311882
random_forest,baseline,0266d87e-faec-497f-8e14-949a5ab6afa3.png,shift_down,eligible,,84.709431,84.709431,0.000000
random_forest,baseline,0266d87e-faec-497f-8e14-949a5ab6afa3.png,shift_left,eligible,,84.709431,84.709431,0.000000
random_forest,baseline,0266d87e-faec-497f-8e14-949a5ab6afa3.png,shift_right,eligible,,84.709431,84.709431,0.000000
random_forest,baseline,0266d87e-faec-497f-8e14-949a5ab6afa3.png,shift_up,eligible,,84.709431,84.709431,0.000000
random_forest,baseline,069d2cff-0b33-42bc-b85e-a4b740860bc1.png,contraction,eligible,,382.518844,333.678166,-48.840678
random_forest,baseline,069d2cff-0b33-42bc-b85e-a4b740860bc1.png,expansion,eligible,,382.518844,435.254669,52.735824
random_forest,baseline,069d2cff-0b33-42bc-b85e-a4b740860bc1.png,scale_grow,eligible,,382.518844,383.463297,0.944453
random_forest,baseline,069d2cff-0b33-42bc-b85e-a4b740860bc1.png,scale_shrink,eligible,,382.518844,380.090338,-2.428506
random_forest,baseline,069d2cff-0b33-42bc-b85e-a4b740860bc1.png,shift_down,eligible,,382.518844,382.518844,0.000000
random_forest,baseline,069d2cff-0b33-42bc-b85e-a4b740860bc1.png,shift_left,eligible,,382.518844,382.518844,0.000000
random_forest,baseline,069d2cff-0b33-42bc-b85e-a4b740860bc1.png,shift_right,eligible,,382.518844,382.518844,0.000000
random_forest,baseline,069d2cff-0b33-42bc-b85e-a4b740860bc1.png,shift_up,eligible,,382.518844,382.518844,0.000000
random_forest,baseline,0831a96e-316e-4041-9025-4d30c31eb021.png,contraction,eligible,,318.571892,209.288828,-109.283064
random_forest,baseline,0831a96e-316e-4041-9025-4d30c31eb021.png,expansion,eligible,,318.571892,431.063605,112.491713
random_forest,baseline,0831a96e-316e-4041-9025-4d30c31eb021.png,scale_grow,eligible,,318.571892,343.557309,24.985417
random_forest,baseline,0831a96e-316e-4041-9025-4d30c31eb021.png,scale_shrink,eligible,,318.571892,240.116401,-78.455492
random_forest,baseline,0831a96e-316e-4041-9025-4d30c31eb021.png,shift_down,eligible,,318.571892,318.571892,0.000000
random_forest,baseline,0831a96e-316e-4041-9025-4d30c31eb021.png,shift_left,eligible,,318.571892,318.571892,0.000000
random_forest,baseline,0831a96e-316e-4041-9025-4d30c31eb021.png,shift_right,eligible,,318.571892,318.571892,0.000000
random_forest,baseline,0831a96e-316e-4041-9025-4d30c31eb021.png,shift_up,eligible,,318.571892,318.571892,0.000000
random_forest,baseline,0bfd53d9-1efc-44a4-b8e7-09bb28b556ef.png,contraction,rejected,contraction_topology_violation,277.417350,,
random_forest,baseline,0bfd53d9-1efc-44a4-b8e7-09bb28b556ef.png,expansion,rejected,contraction_topology_violation,277.417350,,
random_forest,baseline,0bfd53d9-1efc-44a4-b8e7-09bb28b556ef.png,scale_grow,eligible,,277.417350,283.539733,6.122383
random_forest,baseline,0bfd53d9-1efc-44a4-b8e7-09bb28b556ef.png,scale_shrink,eligible,,277.417350,277.123327,-0.294023
random_forest,baseline,0bfd53d9-1efc-44a4-b8e7-09bb28b556ef.png,shift_down,eligible,,277.417350,277.417350,0.000000
random_forest,baseline,0bfd53d9-1efc-44a4-b8e7-09bb28b556ef.png,shift_left,eligible,,277.417350,277.417350,0.000000
random_forest,baseline,0bfd53d9-1efc-44a4-b8e7-09bb28b556ef.png,shift_right,eligible,,277.417350,277.417350,0.000000
random_forest,baseline,0bfd53d9-1efc-44a4-b8e7-09bb28b556ef.png,shift_up,eligible,,277.417350,277.417350,0.000000
random_forest,baseline,10dc027a-4409-425e-b87e-e39f312a8fda.png,contraction,rejected,contraction_topology_violation,499.680729,,
random_forest,baseline,10dc027a-4409-425e-b87e-e39f312a8fda.png,expansion,rejected,contraction_topology_violation,499.680729,,
random_forest,baseline,10dc027a-4409-425e-b87e-e39f312a8fda.png,scale_grow,eligible,,499.680729,510.217181,10.536451
random_forest,baseline,10dc027a-4409-425e-b87e-e39f312a8fda.png,scale_shrink,eligible,,499.680729,469.143631,-30.537098
random_forest,baseline,10dc027a-4409-425e-b87e-e39f312a8fda.png,shift_down,eligible,,499.680729,499.680729,0.000000
random_forest,baseline,10dc027a-4409-425e-b87e-e39f312a8fda.png,shift_left,eligible,,499.680729,499.680729,0.000000
random_forest,baseline,10dc027a-4409-425e-b87e-e39f312a8fda.png,shift_right,eligible,,499.680729,499.680729,0.000000
random_forest,baseline,10dc027a-4409-425e-b87e-e39f312a8fda.png,shift_up,eligible,,499.680729,499.680729,0.000000
random_forest,baseline,1187630e-84b7-4544-95e7-4c2d96ebf3b6.png,contraction,eligible,,318.817984,293.402996,-25.414988
random_forest,baseline,1187630e-84b7-4544-95e7-4c2d96ebf3b6.png,expansion,eligible,,318.817984,438.147071,119.329087
random_forest,baseline,1187630e-84b7-4544-95e7-4c2d96ebf3b6.png,scale_grow,eligible,,318.817984,320.819137,2.001153
random_forest,baseline,1187630e-84b7-4544-95e7-4c2d96ebf3b6.png,scale_shrink,eligible,,318.817984,318.835958,0.017973
random_forest,baseline,1187630e-84b7-4544-95e7-4c2d96ebf3b6.png,shift_down,rejected,shift_cuts_foreground,318.817984,,
random_forest,baseline,1187630e-84b7-4544-95e7-4c2d96ebf3b6.png,shift_left,eligible,,318.817984,318.817984,0.000000
random_forest,baseline,1187630e-84b7-4544-95e7-4c2d96ebf3b6.png,shift_right,eligible,,318.817984,318.817984,0.000000
random_forest,baseline,1187630e-84b7-4544-95e7-4c2d96ebf3b6.png,shift_up,eligible,,318.817984,318.817984,0.000000
random_forest,baseline,123e681e-0fcd-4138-8212-b85901c9f5fc.png,contraction,eligible,,347.465694,309.371731,-38.093963
random_forest,baseline,123e681e-0fcd-4138-8212-b85901c9f5fc.png,expansion,eligible,,347.465694,409.439093,61.973399
random_forest,baseline,123e681e-0fcd-4138-8212-b85901c9f5fc.png,scale_grow,eligible,,347.465694,342.447229,-5.018465
random_forest,baseline,123e681e-0fcd-4138-8212-b85901c9f5fc.png,scale_shrink,eligible,,347.465694,341.488238,-5.977456
random_forest,baseline,123e681e-0fcd-4138-8212-b85901c9f5fc.png,shift_down,eligible,,347.465694,347.465694,0.000000
random_forest,baseline,123e681e-0fcd-4138-8212-b85901c9f5fc.png,shift_left,eligible,,347.465694,347.465694,0.000000
random_forest,baseline,123e681e-0fcd-4138-8212-b85901c9f5fc.png,shift_right,eligible,,347.465694,347.465694,0.000000
random_forest,baseline,123e681e-0fcd-4138-8212-b85901c9f5fc.png,shift_up,eligible,,347.465694,347.465694,0.000000
random_forest,baseline,1445f474-b22d-4157-b0bb-0ceef7bd9dc8.png,contraction,eligible,,183.022909,159.441074,-23.581836
random_forest,baseline,1445f474-b22d-4157-b0bb-0ceef7bd9dc8.png,expansion,eligible,,183.022909,206.291399,23.268490
random_forest,baseline,1445f474-b22d-4157-b0bb-0ceef7bd9dc8.png,scale_grow,eligible,,183.022909,180.153259,-2.869650
random_forest,baseline,1445f474-b22d-4157-b0bb-0ceef7bd9dc8.png,scale_shrink,eligible,,183.022909,182.074634,-0.948276
random_forest,baseline,1445f474-b22d-4157-b0bb-0ceef7bd9dc8.png,shift_down,eligible,,183.022909,183.022909,0.000000
random_forest,baseline,1445f474-b22d-4157-b0bb-0ceef7bd9dc8.png,shift_left,eligible,,183.022909,183.022909,0.000000
random_forest,baseline,1445f474-b22d-4157-b0bb-0ceef7bd9dc8.png,shift_right,eligible,,183.022909,183.022909,0.000000
random_forest,baseline,1445f474-b22d-4157-b0bb-0ceef7bd9dc8.png,shift_up,eligible,,183.022909,183.022909,0.000000
random_forest,baseline,152282d7-d52e-4491-ab39-405f11d4a1ec.png,contraction,rejected,insufficient_expansion_margin,183.740759,,
random_forest,baseline,152282d7-d52e-4491-ab39-405f11d4a1ec.png,expansion,rejected,insufficient_expansion_margin,183.740759,,
random_forest,baseline,152282d7-d52e-4491-ab39-405f11d4a1ec.png,scale_grow,eligible,,183.740759,174.314051,-9.426709
random_forest,baseline,152282d7-d52e-4491-ab39-405f11d4a1ec.png,scale_shrink,eligible,,183.740759,168.205844,-15.534916
random_forest,baseline,152282d7-d52e-4491-ab39-405f11d4a1ec.png,shift_down,eligible,,183.740759,183.740759,0.000000
random_forest,baseline,152282d7-d52e-4491-ab39-405f11d4a1ec.png,shift_left,rejected,shift_cuts_foreground,183.740759,,
random_forest,baseline,152282d7-d52e-4491-ab39-405f11d4a1ec.png,shift_right,eligible,,183.740759,183.740759,0.000000
random_forest,baseline,152282d7-d52e-4491-ab39-405f11d4a1ec.png,shift_up,eligible,,183.740759,183.740759,0.000000
random_forest,baseline,15ad4c22-91c5-41a2-aee8-1aa27b1a60e0.png,contraction,eligible,,86.213134,86.152429,-0.060705
random_forest,baseline,15ad4c22-91c5-41a2-aee8-1aa27b1a60e0.png,expansion,eligible,,86.213134,99.830293,13.617159
random_forest,baseline,15ad4c22-91c5-41a2-aee8-1aa27b1a60e0.png,scale_grow,eligible,,86.213134,91.319589,5.106454
random_forest,baseline,15ad4c22-91c5-41a2-aee8-1aa27b1a60e0.png,scale_shrink,eligible,,86.213134,81.721264,-4.491870
random_forest,baseline,15ad4c22-91c5-41a2-aee8-1aa27b1a60e0.png,shift_down,eligible,,86.213134,86.213134,0.000000
random_forest,baseline,15ad4c22-91c5-41a2-aee8-1aa27b1a60e0.png,shift_left,eligible,,86.213134,86.213134,0.000000
random_forest,baseline,15ad4c22-91c5-41a2-aee8-1aa27b1a60e0.png,shift_right,eligible,,86.213134,86.213134,0.000000
random_forest,baseline,15ad4c22-91c5-41a2-aee8-1aa27b1a60e0.png,shift_up,eligible,,86.213134,86.213134,0.000000
random_forest,baseline,1a64c0a2-30d9-42b1-a45d-b9058574a858.png,contraction,rejected,contraction_topology_violation,324.642097,,
random_forest,baseline,1a64c0a2-30d9-42b1-a45d-b9058574a858.png,expansion,rejected,contraction_topology_violation,324.642097,,
random_forest,baseline,1a64c0a2-30d9-42b1-a45d-b9058574a858.png,scale_grow,eligible,,324.642097,326.116255,1.474158
random_forest,baseline,1a64c0a2-30d9-42b1-a45d-b9058574a858.png,scale_shrink,eligible,,324.642097,327.859861,3.217764
random_forest,baseline,1a64c0a2-30d9-42b1-a45d-b9058574a858.png,shift_down,eligible,,324.642097,324.642097,0.000000
random_forest,baseline,1a64c0a2-30d9-42b1-a45d-b9058574a858.png,shift_left,eligible,,324.642097,324.642097,0.000000
random_forest,baseline,1a64c0a2-30d9-42b1-a45d-b9058574a858.png,shift_right,eligible,,324.642097,324.642097,0.000000
random_forest,baseline,1a64c0a2-30d9-42b1-a45d-b9058574a858.png,shift_up,eligible,,324.642097,324.642097,0.000000
random_forest,baseline,1b394ca5-4825-4d27-9139-bdf6bed0b399.png,contraction,eligible,,240.245975,150.976828,-89.269147
random_forest,baseline,1b394ca5-4825-4d27-9139-bdf6bed0b399.png,expansion,eligible,,240.245975,369.979846,129.733871
random_forest,baseline,1b394ca5-4825-4d27-9139-bdf6bed0b399.png,scale_grow,eligible,,240.245975,285.833464,45.587489
random_forest,baseline,1b394ca5-4825-4d27-9139-bdf6bed0b399.png,scale_shrink,eligible,,240.245975,178.132613,-62.113362
random_forest,baseline,1b394ca5-4825-4d27-9139-bdf6bed0b399.png,shift_down,eligible,,240.245975,240.245975,0.000000
random_forest,baseline,1b394ca5-4825-4d27-9139-bdf6bed0b399.png,shift_left,eligible,,240.245975,240.245975,0.000000
random_forest,baseline,1b394ca5-4825-4d27-9139-bdf6bed0b399.png,shift_right,eligible,,240.245975,240.245975,0.000000
random_forest,baseline,1b394ca5-4825-4d27-9139-bdf6bed0b399.png,shift_up,eligible,,240.245975,240.245975,0.000000
random_forest,baseline,1ccabb11-5fef-4c6f-a21a-0acf1128b423.png,contraction,eligible,,85.998550,80.264200,-5.734351
random_forest,baseline,1ccabb11-5fef-4c6f-a21a-0acf1128b423.png,expansion,eligible,,85.998550,104.701971,18.703420
random_forest,baseline,1ccabb11-5fef-4c6f-a21a-0acf1128b423.png,scale_grow,eligible,,85.998550,88.038993,2.040443
random_forest,baseline,1ccabb11-5fef-4c6f-a21a-0acf1128b423.png,scale_shrink,eligible,,85.998550,78.852155,-7.146396
random_forest,baseline,1ccabb11-5fef-4c6f-a21a-0acf1128b423.png,shift_down,eligible,,85.998550,85.998550,0.000000
random_forest,baseline,1ccabb11-5fef-4c6f-a21a-0acf1128b423.png,shift_left,eligible,,85.998550,85.998550,0.000000
random_forest,baseline,1ccabb11-5fef-4c6f-a21a-0acf1128b423.png,shift_right,eligible,,85.998550,85.998550,0.000000
random_forest,baseline,1ccabb11-5fef-4c6f-a21a-0acf1128b423.png,shift_up,eligible,,85.998550,85.998550,0.000000
random_forest,baseline,1f26dd3d-addb-4203-9ce4-03d477ab545d.png,contraction,eligible,,293.614817,201.494715,-92.120102
random_forest,baseline,1f26dd3d-addb-4203-9ce4-03d477ab545d.png,expansion,eligible,,293.614817,377.315321,83.700504
random_forest,baseline,1f26dd3d-addb-4203-9ce4-03d477ab545d.png,scale_grow,eligible,,293.614817,316.144655,22.529839
random_forest,baseline,1f26dd3d-addb-4203-9ce4-03d477ab545d.png,scale_shrink,eligible,,293.614817,226.652915,-66.961902
random_forest,baseline,1f26dd3d-addb-4203-9ce4-03d477ab545d.png,shift_down,rejected,shift_cuts_foreground,293.614817,,
random_forest,baseline,1f26dd3d-addb-4203-9ce4-03d477ab545d.png,shift_left,eligible,,293.614817,293.614817,0.000000
random_forest,baseline,1f26dd3d-addb-4203-9ce4-03d477ab545d.png,shift_right,eligible,,293.614817,293.614817,0.000000
random_forest,baseline,1f26dd3d-addb-4203-9ce4-03d477ab545d.png,shift_up,eligible,,293.614817,293.614817,0.000000
random_forest,baseline,1f5efe82-b5ff-409c-99dd-faec76d29d0d.png,contraction,rejected,contraction_topology_violation,189.954379,,
random_forest,baseline,1f5efe82-b5ff-409c-99dd-faec76d29d0d.png,expansion,rejected,contraction_topology_violation,189.954379,,
random_forest,baseline,1f5efe82-b5ff-409c-99dd-faec76d29d0d.png,scale_grow,eligible,,189.954379,194.184868,4.230488
random_forest,baseline,1f5efe82-b5ff-409c-99dd-faec76d29d0d.png,scale_shrink,eligible,,189.954379,189.507104,-0.447275
random_forest,baseline,1f5efe82-b5ff-409c-99dd-faec76d29d0d.png,shift_down,eligible,,189.954379,189.954379,0.000000
random_forest,baseline,1f5efe82-b5ff-409c-99dd-faec76d29d0d.png,shift_left,eligible,,189.954379,189.954379,0.000000
random_forest,baseline,1f5efe82-b5ff-409c-99dd-faec76d29d0d.png,shift_right,eligible,,189.954379,189.954379,0.000000
random_forest,baseline,1f5efe82-b5ff-409c-99dd-faec76d29d0d.png,shift_up,eligible,,189.954379,189.954379,0.000000
random_forest,baseline,1f7fde85-94ee-4bad-9437-6b87e24c3e16.png,contraction,eligible,,109.864944,100.501955,-9.362989
random_forest,baseline,1f7fde85-94ee-4bad-9437-6b87e24c3e16.png,expansion,eligible,,109.864944,160.950430,51.085486
random_forest,baseline,1f7fde85-94ee-4bad-9437-6b87e24c3e16.png,scale_grow,eligible,,109.864944,139.932854,30.067910
random_forest,baseline,1f7fde85-94ee-4bad-9437-6b87e24c3e16.png,scale_shrink,eligible,,109.864944,106.762965,-3.101979
random_forest,baseline,1f7fde85-94ee-4bad-9437-6b87e24c3e16.png,shift_down,eligible,,109.864944,109.864944,0.000000
random_forest,baseline,1f7fde85-94ee-4bad-9437-6b87e24c3e16.png,shift_left,eligible,,109.864944,109.864944,0.000000
random_forest,baseline,1f7fde85-94ee-4bad-9437-6b87e24c3e16.png,shift_right,eligible,,109.864944,109.864944,0.000000
random_forest,baseline,1f7fde85-94ee-4bad-9437-6b87e24c3e16.png,shift_up,eligible,,109.864944,109.864944,0.000000
random_forest,baseline,22b6dbb3-e63e-4737-80fb-02a7c4f93bf4.png,contraction,eligible,,94.752740,82.631068,-12.121672
random_forest,baseline,22b6dbb3-e63e-4737-80fb-02a7c4f93bf4.png,expansion,eligible,,94.752740,101.717777,6.965037
random_forest,baseline,22b6dbb3-e63e-4737-80fb-02a7c4f93bf4.png,scale_grow,eligible,,94.752740,93.426632,-1.326108
random_forest,baseline,22b6dbb3-e63e-4737-80fb-02a7c4f93bf4.png,scale_shrink,eligible,,94.752740,90.790343,-3.962396
random_forest,baseline,22b6dbb3-e63e-4737-80fb-02a7c4f93bf4.png,shift_down,eligible,,94.752740,94.752740,0.000000
random_forest,baseline,22b6dbb3-e63e-4737-80fb-02a7c4f93bf4.png,shift_left,eligible,,94.752740,94.752740,0.000000
random_forest,baseline,22b6dbb3-e63e-4737-80fb-02a7c4f93bf4.png,shift_right,eligible,,94.752740,94.752740,0.000000
random_forest,baseline,22b6dbb3-e63e-4737-80fb-02a7c4f93bf4.png,shift_up,eligible,,94.752740,94.752740,0.000000
random_forest,baseline,22c85481-acbd-4076-b8d4-b330d3374d09.png,contraction,eligible,,478.965304,356.074637,-122.890666
random_forest,baseline,22c85481-acbd-4076-b8d4-b330d3374d09.png,expansion,eligible,,478.965304,472.037350,-6.927953
random_forest,baseline,22c85481-acbd-4076-b8d4-b330d3374d09.png,scale_grow,eligible,,478.965304,490.997297,12.031993
random_forest,baseline,22c85481-acbd-4076-b8d4-b330d3374d09.png,scale_shrink,eligible,,478.965304,457.545513,-21.419791
random_forest,baseline,22c85481-acbd-4076-b8d4-b330d3374d09.png,shift_down,eligible,,478.965304,478.965304,0.000000
random_forest,baseline,22c85481-acbd-4076-b8d4-b330d3374d09.png,shift_left,eligible,,478.965304,478.965304,0.000000
random_forest,baseline,22c85481-acbd-4076-b8d4-b330d3374d09.png,shift_right,eligible,,478.965304,478.965304,0.000000
random_forest,baseline,22c85481-acbd-4076-b8d4-b330d3374d09.png,shift_up,eligible,,478.965304,478.965304,0.000000
random_forest,baseline,2419d853-34c1-408c-8122-6498002c8312.png,contraction,eligible,,317.749837,328.324474,10.574637
random_forest,baseline,2419d853-34c1-408c-8122-6498002c8312.png,expansion,eligible,,317.749837,376.743961,58.994124
random_forest,baseline,2419d853-34c1-408c-8122-6498002c8312.png,scale_grow,eligible,,317.749837,327.677443,9.927606
random_forest,baseline,2419d853-34c1-408c-8122-6498002c8312.png,scale_shrink,eligible,,317.749837,315.075316,-2.674522
random_forest,baseline,2419d853-34c1-408c-8122-6498002c8312.png,shift_down,eligible,,317.749837,317.749837,0.000000
random_forest,baseline,2419d853-34c1-408c-8122-6498002c8312.png,shift_left,eligible,,317.749837,317.749837,0.000000
random_forest,baseline,2419d853-34c1-408c-8122-6498002c8312.png,shift_right,eligible,,317.749837,317.749837,0.000000
random_forest,baseline,2419d853-34c1-408c-8122-6498002c8312.png,shift_up,eligible,,317.749837,317.749837,0.000000
random_forest,baseline,24d72b1f-a473-4a63-9126-f55591d64655.png,contraction,rejected,contraction_topology_violation,362.982647,,
random_forest,baseline,24d72b1f-a473-4a63-9126-f55591d64655.png,expansion,rejected,contraction_topology_violation,362.982647,,
random_forest,baseline,24d72b1f-a473-4a63-9126-f55591d64655.png,scale_grow,eligible,,362.982647,356.802655,-6.179992
random_forest,baseline,24d72b1f-a473-4a63-9126-f55591d64655.png,scale_shrink,eligible,,362.982647,358.908661,-4.073987
random_forest,baseline,24d72b1f-a473-4a63-9126-f55591d64655.png,shift_down,rejected,shift_cuts_foreground,362.982647,,
random_forest,baseline,24d72b1f-a473-4a63-9126-f55591d64655.png,shift_left,eligible,,362.982647,362.982647,0.000000
random_forest,baseline,24d72b1f-a473-4a63-9126-f55591d64655.png,shift_right,eligible,,362.982647,362.982647,0.000000
random_forest,baseline,24d72b1f-a473-4a63-9126-f55591d64655.png,shift_up,eligible,,362.982647,362.982647,0.000000
random_forest,baseline,28cf3f46-5cde-4fa2-992d-76cc2f454fd8.png,contraction,rejected,contraction_topology_violation,449.378964,,
random_forest,baseline,28cf3f46-5cde-4fa2-992d-76cc2f454fd8.png,expansion,rejected,contraction_topology_violation,449.378964,,
random_forest,baseline,28cf3f46-5cde-4fa2-992d-76cc2f454fd8.png,scale_grow,eligible,,449.378964,450.130719,0.751755
random_forest,baseline,28cf3f46-5cde-4fa2-992d-76cc2f454fd8.png,scale_shrink,eligible,,449.378964,448.913794,-0.465170
random_forest,baseline,28cf3f46-5cde-4fa2-992d-76cc2f454fd8.png,shift_down,eligible,,449.378964,449.378964,0.000000
random_forest,baseline,28cf3f46-5cde-4fa2-992d-76cc2f454fd8.png,shift_left,eligible,,449.378964,449.378964,0.000000
random_forest,baseline,28cf3f46-5cde-4fa2-992d-76cc2f454fd8.png,shift_right,eligible,,449.378964,449.378964,0.000000
random_forest,baseline,28cf3f46-5cde-4fa2-992d-76cc2f454fd8.png,shift_up,eligible,,449.378964,449.378964,0.000000
random_forest,baseline,295a18ed-f530-4a21-9fdd-7636c3135df2.png,contraction,rejected,expansion_topology_violation,99.174322,,
random_forest,baseline,295a18ed-f530-4a21-9fdd-7636c3135df2.png,expansion,rejected,expansion_topology_violation,99.174322,,
random_forest,baseline,295a18ed-f530-4a21-9fdd-7636c3135df2.png,scale_grow,eligible,,99.174322,128.723432,29.549110
random_forest,baseline,295a18ed-f530-4a21-9fdd-7636c3135df2.png,scale_shrink,eligible,,99.174322,84.511182,-14.663140
random_forest,baseline,295a18ed-f530-4a21-9fdd-7636c3135df2.png,shift_down,eligible,,99.174322,99.174322,0.000000
random_forest,baseline,295a18ed-f530-4a21-9fdd-7636c3135df2.png,shift_left,eligible,,99.174322,99.174322,0.000000
random_forest,baseline,295a18ed-f530-4a21-9fdd-7636c3135df2.png,shift_right,eligible,,99.174322,99.174322,0.000000
random_forest,baseline,295a18ed-f530-4a21-9fdd-7636c3135df2.png,shift_up,eligible,,99.174322,99.174322,0.000000
random_forest,baseline,2d792231-41e6-4235-84ac-3fc27433c34a.png,contraction,rejected,insufficient_expansion_margin,363.632994,,
random_forest,baseline,2d792231-41e6-4235-84ac-3fc27433c34a.png,expansion,rejected,insufficient_expansion_margin,363.632994,,
random_forest,baseline,2d792231-41e6-4235-84ac-3fc27433c34a.png,scale_grow,eligible,,363.632994,361.325447,-2.307547
random_forest,baseline,2d792231-41e6-4235-84ac-3fc27433c34a.png,scale_shrink,eligible,,363.632994,352.777814,-10.855180
random_forest,baseline,2d792231-41e6-4235-84ac-3fc27433c34a.png,shift_down,rejected,shift_cuts_foreground,363.632994,,
random_forest,baseline,2d792231-41e6-4235-84ac-3fc27433c34a.png,shift_left,eligible,,363.632994,363.632994,0.000000
random_forest,baseline,2d792231-41e6-4235-84ac-3fc27433c34a.png,shift_right,eligible,,363.632994,363.632994,0.000000
random_forest,baseline,2d792231-41e6-4235-84ac-3fc27433c34a.png,shift_up,eligible,,363.632994,363.632994,0.000000
random_forest,baseline,2dd84a7b-bd27-4446-8ce3-0485aff99694.png,contraction,eligible,,228.464617,158.353334,-70.111283
random_forest,baseline,2dd84a7b-bd27-4446-8ce3-0485aff99694.png,expansion,eligible,,228.464617,401.817908,173.353290
random_forest,baseline,2dd84a7b-bd27-4446-8ce3-0485aff99694.png,scale_grow,eligible,,228.464617,323.724768,95.260151
random_forest,baseline,2dd84a7b-bd27-4446-8ce3-0485aff99694.png,scale_shrink,eligible,,228.464617,171.878625,-56.585992
random_forest,baseline,2dd84a7b-bd27-4446-8ce3-0485aff99694.png,shift_down,rejected,shift_cuts_foreground,228.464617,,
random_forest,baseline,2dd84a7b-bd27-4446-8ce3-0485aff99694.png,shift_left,eligible,,228.464617,228.464617,0.000000
random_forest,baseline,2dd84a7b-bd27-4446-8ce3-0485aff99694.png,shift_right,eligible,,228.464617,228.464617,0.000000
random_forest,baseline,2dd84a7b-bd27-4446-8ce3-0485aff99694.png,shift_up,eligible,,228.464617,228.464617,0.000000
random_forest,baseline,2dfe3cf8-81a2-4320-9e17-2970ec2d9b82.png,contraction,eligible,,365.998880,332.498310,-33.500570
random_forest,baseline,2dfe3cf8-81a2-4320-9e17-2970ec2d9b82.png,expansion,eligible,,365.998880,391.511845,25.512965
random_forest,baseline,2dfe3cf8-81a2-4320-9e17-2970ec2d9b82.png,scale_grow,eligible,,365.998880,372.043527,6.044647
random_forest,baseline,2dfe3cf8-81a2-4320-9e17-2970ec2d9b82.png,scale_shrink,eligible,,365.998880,338.462224,-27.536657
random_forest,baseline,2dfe3cf8-81a2-4320-9e17-2970ec2d9b82.png,shift_down,eligible,,365.998880,365.998880,0.000000
random_forest,baseline,2dfe3cf8-81a2-4320-9e17-2970ec2d9b82.png,shift_left,eligible,,365.998880,365.998880,0.000000
random_forest,baseline,2dfe3cf8-81a2-4320-9e17-2970ec2d9b82.png,shift_right,eligible,,365.998880,365.998880,0.000000
random_forest,baseline,2dfe3cf8-81a2-4320-9e17-2970ec2d9b82.png,shift_up,eligible,,365.998880,365.998880,0.000000
random_forest,baseline,300416ff-422c-483b-9bf0-c48b5b69a3bf.png,contraction,eligible,,205.831489,163.216183,-42.615306
random_forest,baseline,300416ff-422c-483b-9bf0-c48b5b69a3bf.png,expansion,eligible,,205.831489,280.505429,74.673940
random_forest,baseline,300416ff-422c-483b-9bf0-c48b5b69a3bf.png,scale_grow,eligible,,205.831489,239.252786,33.421297
random_forest,baseline,300416ff-422c-483b-9bf0-c48b5b69a3bf.png,scale_shrink,eligible,,205.831489,159.948297,-45.883193
random_forest,baseline,300416ff-422c-483b-9bf0-c48b5b69a3bf.png,shift_down,rejected,shift_cuts_foreground,205.831489,,
random_forest,baseline,300416ff-422c-483b-9bf0-c48b5b69a3bf.png,shift_left,eligible,,205.831489,205.831489,0.000000
random_forest,baseline,300416ff-422c-483b-9bf0-c48b5b69a3bf.png,shift_right,eligible,,205.831489,205.831489,0.000000
random_forest,baseline,300416ff-422c-483b-9bf0-c48b5b69a3bf.png,shift_up,eligible,,205.831489,205.831489,0.000000
random_forest,baseline,30c7b78b-74cc-4b24-a900-94f08c564d8b.png,contraction,rejected,contraction_topology_violation,305.744878,,
random_forest,baseline,30c7b78b-74cc-4b24-a900-94f08c564d8b.png,expansion,rejected,contraction_topology_violation,305.744878,,
random_forest,baseline,30c7b78b-74cc-4b24-a900-94f08c564d8b.png,scale_grow,eligible,,305.744878,353.343130,47.598252
random_forest,baseline,30c7b78b-74cc-4b24-a900-94f08c564d8b.png,scale_shrink,eligible,,305.744878,230.830822,-74.914056
random_forest,baseline,30c7b78b-74cc-4b24-a900-94f08c564d8b.png,shift_down,eligible,,305.744878,305.744878,0.000000
random_forest,baseline,30c7b78b-74cc-4b24-a900-94f08c564d8b.png,shift_left,eligible,,305.744878,305.744878,0.000000
random_forest,baseline,30c7b78b-74cc-4b24-a900-94f08c564d8b.png,shift_right,eligible,,305.744878,305.744878,0.000000
random_forest,baseline,30c7b78b-74cc-4b24-a900-94f08c564d8b.png,shift_up,eligible,,305.744878,305.744878,0.000000
random_forest,baseline,3406b870-8c8b-451e-9e8f-681a9e974b8a.png,contraction,eligible,,254.904173,207.676823,-47.227350
random_forest,baseline,3406b870-8c8b-451e-9e8f-681a9e974b8a.png,expansion,eligible,,254.904173,342.994467,88.090294
random_forest,baseline,3406b870-8c8b-451e-9e8f-681a9e974b8a.png,scale_grow,eligible,,254.904173,297.871195,42.967022
random_forest,baseline,3406b870-8c8b-451e-9e8f-681a9e974b8a.png,scale_shrink,eligible,,254.904173,216.271335,-38.632838
random_forest,baseline,3406b870-8c8b-451e-9e8f-681a9e974b8a.png,shift_down,eligible,,254.904173,254.904173,0.000000
random_forest,baseline,3406b870-8c8b-451e-9e8f-681a9e974b8a.png,shift_left,eligible,,254.904173,254.904173,0.000000
random_forest,baseline,3406b870-8c8b-451e-9e8f-681a9e974b8a.png,shift_right,eligible,,254.904173,254.904173,0.000000
random_forest,baseline,3406b870-8c8b-451e-9e8f-681a9e974b8a.png,shift_up,eligible,,254.904173,254.904173,0.000000
random_forest,baseline,35116c5d-caf9-4f61-b979-059faee29dc6.png,contraction,eligible,,88.380744,82.749328,-5.631416
random_forest,baseline,35116c5d-caf9-4f61-b979-059faee29dc6.png,expansion,eligible,,88.380744,95.520965,7.140221
random_forest,baseline,35116c5d-caf9-4f61-b979-059faee29dc6.png,scale_grow,eligible,,88.380744,89.117608,0.736863
random_forest,baseline,35116c5d-caf9-4f61-b979-059faee29dc6.png,scale_shrink,eligible,,88.380744,82.229937,-6.150808
random_forest,baseline,35116c5d-caf9-4f61-b979-059faee29dc6.png,shift_down,eligible,,88.380744,88.380744,0.000000
random_forest,baseline,35116c5d-caf9-4f61-b979-059faee29dc6.png,shift_left,eligible,,88.380744,88.380744,0.000000
random_forest,baseline,35116c5d-caf9-4f61-b979-059faee29dc6.png,shift_right,eligible,,88.380744,88.380744,0.000000
random_forest,baseline,35116c5d-caf9-4f61-b979-059faee29dc6.png,shift_up,eligible,,88.380744,88.380744,0.000000
random_forest,baseline,3513352c-1a25-42e2-8ff7-9ce969791a3e.png,contraction,eligible,,92.922391,88.546527,-4.375864
random_forest,baseline,3513352c-1a25-42e2-8ff7-9ce969791a3e.png,expansion,eligible,,92.922391,161.221465,68.299074
random_forest,baseline,3513352c-1a25-42e2-8ff7-9ce969791a3e.png,scale_grow,eligible,,92.922391,113.765388,20.842998
random_forest,baseline,3513352c-1a25-42e2-8ff7-9ce969791a3e.png,scale_shrink,eligible,,92.922391,90.444374,-2.478016
random_forest,baseline,3513352c-1a25-42e2-8ff7-9ce969791a3e.png,shift_down,eligible,,92.922391,92.922391,0.000000
random_forest,baseline,3513352c-1a25-42e2-8ff7-9ce969791a3e.png,shift_left,eligible,,92.922391,92.922391,0.000000
random_forest,baseline,3513352c-1a25-42e2-8ff7-9ce969791a3e.png,shift_right,eligible,,92.922391,92.922391,0.000000
random_forest,baseline,3513352c-1a25-42e2-8ff7-9ce969791a3e.png,shift_up,eligible,,92.922391,92.922391,0.000000
random_forest,baseline,35b92251-6e7f-4ced-a397-6a785d7b34b6.png,contraction,rejected,contraction_topology_violation,356.526238,,
random_forest,baseline,35b92251-6e7f-4ced-a397-6a785d7b34b6.png,expansion,rejected,contraction_topology_violation,356.526238,,
random_forest,baseline,35b92251-6e7f-4ced-a397-6a785d7b34b6.png,scale_grow,eligible,,356.526238,360.368143,3.841905
random_forest,baseline,35b92251-6e7f-4ced-a397-6a785d7b34b6.png,scale_shrink,eligible,,356.526238,351.465774,-5.060464
random_forest,baseline,35b92251-6e7f-4ced-a397-6a785d7b34b6.png,shift_down,eligible,,356.526238,356.526238,0.000000
random_forest,baseline,35b92251-6e7f-4ced-a397-6a785d7b34b6.png,shift_left,eligible,,356.526238,356.526238,0.000000
random_forest,baseline,35b92251-6e7f-4ced-a397-6a785d7b34b6.png,shift_right,eligible,,356.526238,356.526238,0.000000
random_forest,baseline,35b92251-6e7f-4ced-a397-6a785d7b34b6.png,shift_up,eligible,,356.526238,356.526238,0.000000
random_forest,baseline,35ed6e96-4f34-4be3-bc8b-a60d7d857b61.png,contraction,eligible,,104.482664,93.630618,-10.852046
random_forest,baseline,35ed6e96-4f34-4be3-bc8b-a60d7d857b61.png,expansion,eligible,,104.482664,151.112596,46.629932
random_forest,baseline,35ed6e96-4f34-4be3-bc8b-a60d7d857b61.png,scale_grow,eligible,,104.482664,116.249663,11.766999
random_forest,baseline,35ed6e96-4f34-4be3-bc8b-a60d7d857b61.png,scale_shrink,eligible,,104.482664,91.005329,-13.477335
random_forest,baseline,35ed6e96-4f34-4be3-bc8b-a60d7d857b61.png,shift_down,eligible,,104.482664,104.482664,0.000000
random_forest,baseline,35ed6e96-4f34-4be3-bc8b-a60d7d857b61.png,shift_left,eligible,,104.482664,104.482664,0.000000
random_forest,baseline,35ed6e96-4f34-4be3-bc8b-a60d7d857b61.png,shift_right,eligible,,104.482664,104.482664,0.000000
random_forest,baseline,35ed6e96-4f34-4be3-bc8b-a60d7d857b61.png,shift_up,eligible,,104.482664,104.482664,0.000000
random_forest,baseline,37a9f607-5473-4249-bb13-7aed1cc13352.png,contraction,eligible,,190.070627,162.308634,-27.761993
random_forest,baseline,37a9f607-5473-4249-bb13-7aed1cc13352.png,expansion,eligible,,190.070627,380.247876,190.177249
random_forest,baseline,37a9f607-5473-4249-bb13-7aed1cc13352.png,scale_grow,eligible,,190.070627,232.258235,42.187608
random_forest,baseline,37a9f607-5473-4249-bb13-7aed1cc13352.png,scale_shrink,eligible,,190.070627,175.804074,-14.266553
random_forest,baseline,37a9f607-5473-4249-bb13-7aed1cc13352.png,shift_down,eligible,,190.070627,190.070627,0.000000
random_forest,baseline,37a9f607-5473-4249-bb13-7aed1cc13352.png,shift_left,eligible,,190.070627,190.070627,0.000000
random_forest,baseline,37a9f607-5473-4249-bb13-7aed1cc13352.png,shift_right,eligible,,190.070627,190.070627,0.000000
random_forest,baseline,37a9f607-5473-4249-bb13-7aed1cc13352.png,shift_up,eligible,,190.070627,190.070627,0.000000
random_forest,baseline,3994dc59-f2a5-4368-90e9-52cd405e1da8.png,contraction,eligible,,105.370456,89.513350,-15.857106
random_forest,baseline,3994dc59-f2a5-4368-90e9-52cd405e1da8.png,expansion,eligible,,105.370456,140.421204,35.050749
random_forest,baseline,3994dc59-f2a5-4368-90e9-52cd405e1da8.png,scale_grow,eligible,,105.370456,109.539692,4.169236
random_forest,baseline,3994dc59-f2a5-4368-90e9-52cd405e1da8.png,scale_shrink,eligible,,105.370456,90.462595,-14.907860
random_forest,baseline,3994dc59-f2a5-4368-90e9-52cd405e1da8.png,shift_down,eligible,,105.370456,105.370456,0.000000
random_forest,baseline,3994dc59-f2a5-4368-90e9-52cd405e1da8.png,shift_left,eligible,,105.370456,105.370456,0.000000
random_forest,baseline,3994dc59-f2a5-4368-90e9-52cd405e1da8.png,shift_right,eligible,,105.370456,105.370456,0.000000
random_forest,baseline,3994dc59-f2a5-4368-90e9-52cd405e1da8.png,shift_up,eligible,,105.370456,105.370456,0.000000
random_forest,baseline,3b556a70-fdd6-456c-93e8-cc544913ddf6.png,contraction,eligible,,312.361487,314.854004,2.492517
random_forest,baseline,3b556a70-fdd6-456c-93e8-cc544913ddf6.png,expansion,eligible,,312.361487,350.448697,38.087210
random_forest,baseline,3b556a70-fdd6-456c-93e8-cc544913ddf6.png,scale_grow,eligible,,312.361487,312.349479,-0.012008
random_forest,baseline,3b556a70-fdd6-456c-93e8-cc544913ddf6.png,scale_shrink,eligible,,312.361487,312.389299,0.027812
random_forest,baseline,3b556a70-fdd6-456c-93e8-cc544913ddf6.png,shift_down,eligible,,312.361487,312.361487,0.000000
random_forest,baseline,3b556a70-fdd6-456c-93e8-cc544913ddf6.png,shift_left,eligible,,312.361487,312.361487,0.000000
random_forest,baseline,3b556a70-fdd6-456c-93e8-cc544913ddf6.png,shift_right,eligible,,312.361487,312.361487,0.000000
random_forest,baseline,3b556a70-fdd6-456c-93e8-cc544913ddf6.png,shift_up,eligible,,312.361487,312.361487,0.000000
random_forest,baseline,3bc2becd-88fd-4baa-b867-2371702107f3.png,contraction,eligible,,80.032425,81.690099,1.657674
random_forest,baseline,3bc2becd-88fd-4baa-b867-2371702107f3.png,expansion,eligible,,80.032425,97.270353,17.237927
random_forest,baseline,3bc2becd-88fd-4baa-b867-2371702107f3.png,scale_grow,eligible,,80.032425,86.217849,6.185424
random_forest,baseline,3bc2becd-88fd-4baa-b867-2371702107f3.png,scale_shrink,eligible,,80.032425,75.001463,-5.030962
random_forest,baseline,3bc2becd-88fd-4baa-b867-2371702107f3.png,shift_down,eligible,,80.032425,80.032425,0.000000
random_forest,baseline,3bc2becd-88fd-4baa-b867-2371702107f3.png,shift_left,eligible,,80.032425,80.032425,0.000000
random_forest,baseline,3bc2becd-88fd-4baa-b867-2371702107f3.png,shift_right,eligible,,80.032425,80.032425,0.000000
random_forest,baseline,3bc2becd-88fd-4baa-b867-2371702107f3.png,shift_up,eligible,,80.032425,80.032425,0.000000
random_forest,baseline,3d2866c1-9664-4909-9490-a353d1e4d8ee.png,contraction,eligible,,421.960043,429.769796,7.809752
random_forest,baseline,3d2866c1-9664-4909-9490-a353d1e4d8ee.png,expansion,eligible,,421.960043,430.259471,8.299428
random_forest,baseline,3d2866c1-9664-4909-9490-a353d1e4d8ee.png,scale_grow,eligible,,421.960043,433.278442,11.318398
random_forest,baseline,3d2866c1-9664-4909-9490-a353d1e4d8ee.png,scale_shrink,eligible,,421.960043,426.991072,5.031028
random_forest,baseline,3d2866c1-9664-4909-9490-a353d1e4d8ee.png,shift_down,rejected,shift_cuts_foreground,421.960043,,
random_forest,baseline,3d2866c1-9664-4909-9490-a353d1e4d8ee.png,shift_left,eligible,,421.960043,421.960043,0.000000
random_forest,baseline,3d2866c1-9664-4909-9490-a353d1e4d8ee.png,shift_right,eligible,,421.960043,421.960043,0.000000
random_forest,baseline,3d2866c1-9664-4909-9490-a353d1e4d8ee.png,shift_up,eligible,,421.960043,421.960043,0.000000
random_forest,baseline,3dd2b459-3060-4fa5-a6c3-98d874571b01.png,contraction,eligible,,149.333807,93.751383,-55.582424
random_forest,baseline,3dd2b459-3060-4fa5-a6c3-98d874571b01.png,expansion,eligible,,149.333807,186.999393,37.665586
random_forest,baseline,3dd2b459-3060-4fa5-a6c3-98d874571b01.png,scale_grow,eligible,,149.333807,162.444039,13.110232
random_forest,baseline,3dd2b459-3060-4fa5-a6c3-98d874571b01.png,scale_shrink,eligible,,149.333807,103.947495,-45.386312
random_forest,baseline,3dd2b459-3060-4fa5-a6c3-98d874571b01.png,shift_down,eligible,,149.333807,149.333807,0.000000
random_forest,baseline,3dd2b459-3060-4fa5-a6c3-98d874571b01.png,shift_left,eligible,,149.333807,149.333807,0.000000
random_forest,baseline,3dd2b459-3060-4fa5-a6c3-98d874571b01.png,shift_right,eligible,,149.333807,149.333807,0.000000
random_forest,baseline,3dd2b459-3060-4fa5-a6c3-98d874571b01.png,shift_up,eligible,,149.333807,149.333807,0.000000
random_forest,baseline,3f85b0ba-7644-493c-b161-85a2967039b8.png,contraction,eligible,,377.233985,330.928219,-46.305766
random_forest,baseline,3f85b0ba-7644-493c-b161-85a2967039b8.png,expansion,eligible,,377.233985,472.329433,95.095448
random_forest,baseline,3f85b0ba-7644-493c-b161-85a2967039b8.png,scale_grow,eligible,,377.233985,379.682649,2.448664
random_forest,baseline,3f85b0ba-7644-493c-b161-85a2967039b8.png,scale_shrink,eligible,,377.233985,360.534449,-16.699535
random_forest,baseline,3f85b0ba-7644-493c-b161-85a2967039b8.png,shift_down,eligible,,377.233985,377.233985,0.000000
random_forest,baseline,3f85b0ba-7644-493c-b161-85a2967039b8.png,shift_left,eligible,,377.233985,377.233985,0.000000
random_forest,baseline,3f85b0ba-7644-493c-b161-85a2967039b8.png,shift_right,eligible,,377.233985,377.233985,0.000000
random_forest,baseline,3f85b0ba-7644-493c-b161-85a2967039b8.png,shift_up,eligible,,377.233985,377.233985,0.000000
random_forest,baseline,4073b459-2132-4cd0-bbfb-b239ba142919.png,contraction,eligible,,434.700558,297.602493,-137.098065
random_forest,baseline,4073b459-2132-4cd0-bbfb-b239ba142919.png,expansion,eligible,,434.700558,419.926055,-14.774502
random_forest,baseline,4073b459-2132-4cd0-bbfb-b239ba142919.png,scale_grow,eligible,,434.700558,430.694061,-4.006497
random_forest,baseline,4073b459-2132-4cd0-bbfb-b239ba142919.png,scale_shrink,eligible,,434.700558,422.519731,-12.180826
random_forest,baseline,4073b459-2132-4cd0-bbfb-b239ba142919.png,shift_down,eligible,,434.700558,434.700558,0.000000
random_forest,baseline,4073b459-2132-4cd0-bbfb-b239ba142919.png,shift_left,eligible,,434.700558,434.700558,0.000000
random_forest,baseline,4073b459-2132-4cd0-bbfb-b239ba142919.png,shift_right,eligible,,434.700558,434.700558,0.000000
random_forest,baseline,4073b459-2132-4cd0-bbfb-b239ba142919.png,shift_up,eligible,,434.700558,434.700558,0.000000
random_forest,baseline,41c76c78-7e8f-4e13-be99-40f09aa11bfe.png,contraction,eligible,,145.477367,138.441723,-7.035644
random_forest,baseline,41c76c78-7e8f-4e13-be99-40f09aa11bfe.png,expansion,eligible,,145.477367,150.705364,5.227997
random_forest,baseline,41c76c78-7e8f-4e13-be99-40f09aa11bfe.png,scale_grow,eligible,,145.477367,136.073704,-9.403663
random_forest,baseline,41c76c78-7e8f-4e13-be99-40f09aa11bfe.png,scale_shrink,eligible,,145.477367,147.673267,2.195900
random_forest,baseline,41c76c78-7e8f-4e13-be99-40f09aa11bfe.png,shift_down,eligible,,145.477367,145.477367,0.000000
random_forest,baseline,41c76c78-7e8f-4e13-be99-40f09aa11bfe.png,shift_left,eligible,,145.477367,145.477367,0.000000
random_forest,baseline,41c76c78-7e8f-4e13-be99-40f09aa11bfe.png,shift_right,eligible,,145.477367,145.477367,0.000000
random_forest,baseline,41c76c78-7e8f-4e13-be99-40f09aa11bfe.png,shift_up,eligible,,145.477367,145.477367,0.000000
random_forest,baseline,41ced0af-fa46-4ed7-9277-926706283e7a.png,contraction,eligible,,78.293856,82.228469,3.934613
random_forest,baseline,41ced0af-fa46-4ed7-9277-926706283e7a.png,expansion,eligible,,78.293856,95.832163,17.538307
random_forest,baseline,41ced0af-fa46-4ed7-9277-926706283e7a.png,scale_grow,eligible,,78.293856,83.927476,5.633619
random_forest,baseline,41ced0af-fa46-4ed7-9277-926706283e7a.png,scale_shrink,eligible,,78.293856,76.336058,-1.957799
random_forest,baseline,41ced0af-fa46-4ed7-9277-926706283e7a.png,shift_down,eligible,,78.293856,78.293856,0.000000
random_forest,baseline,41ced0af-fa46-4ed7-9277-926706283e7a.png,shift_left,eligible,,78.293856,78.293856,0.000000
random_forest,baseline,41ced0af-fa46-4ed7-9277-926706283e7a.png,shift_right,eligible,,78.293856,78.293856,0.000000
random_forest,baseline,41ced0af-fa46-4ed7-9277-926706283e7a.png,shift_up,eligible,,78.293856,78.293856,0.000000
random_forest,baseline,41e44adf-e1d4-47a0-ab86-bf2796995b8c.png,contraction,eligible,,455.621207,309.009053,-146.612154
random_forest,baseline,41e44adf-e1d4-47a0-ab86-bf2796995b8c.png,expansion,eligible,,455.621207,436.509375,-19.111832
random_forest,baseline,41e44adf-e1d4-47a0-ab86-bf2796995b8c.png,scale_grow,eligible,,455.621207,457.848205,2.226998
random_forest,baseline,41e44adf-e1d4-47a0-ab86-bf2796995b8c.png,scale_shrink,eligible,,455.621207,445.956485,-9.664722
random_forest,baseline,41e44adf-e1d4-47a0-ab86-bf2796995b8c.png,shift_down,eligible,,455.621207,455.621207,0.000000
random_forest,baseline,41e44adf-e1d4-47a0-ab86-bf2796995b8c.png,shift_left,eligible,,455.621207,455.621207,0.000000
random_forest,baseline,41e44adf-e1d4-47a0-ab86-bf2796995b8c.png,shift_right,eligible,,455.621207,455.621207,0.000000
random_forest,baseline,41e44adf-e1d4-47a0-ab86-bf2796995b8c.png,shift_up,eligible,,455.621207,455.621207,0.000000
random_forest,baseline,459b4cad-4b2d-4229-9577-8f8311fffbfd.png,contraction,rejected,insufficient_expansion_margin,191.294454,,
random_forest,baseline,459b4cad-4b2d-4229-9577-8f8311fffbfd.png,expansion,rejected,insufficient_expansion_margin,191.294454,,
random_forest,baseline,459b4cad-4b2d-4229-9577-8f8311fffbfd.png,scale_grow,eligible,,191.294454,188.236977,-3.057477
random_forest,baseline,459b4cad-4b2d-4229-9577-8f8311fffbfd.png,scale_shrink,eligible,,191.294454,182.465274,-8.829180
random_forest,baseline,459b4cad-4b2d-4229-9577-8f8311fffbfd.png,shift_down,eligible,,191.294454,191.294454,0.000000
random_forest,baseline,459b4cad-4b2d-4229-9577-8f8311fffbfd.png,shift_left,rejected,shift_cuts_foreground,191.294454,,
random_forest,baseline,459b4cad-4b2d-4229-9577-8f8311fffbfd.png,shift_right,eligible,,191.294454,191.294454,0.000000
random_forest,baseline,459b4cad-4b2d-4229-9577-8f8311fffbfd.png,shift_up,eligible,,191.294454,191.294454,0.000000
random_forest,baseline,45a6960d-97db-4645-9341-1ffa9adb41ce.png,contraction,eligible,,352.461023,350.649794,-1.811229
random_forest,baseline,45a6960d-97db-4645-9341-1ffa9adb41ce.png,expansion,eligible,,352.461023,401.931792,49.470769
random_forest,baseline,45a6960d-97db-4645-9341-1ffa9adb41ce.png,scale_grow,eligible,,352.461023,357.664841,5.203818
random_forest,baseline,45a6960d-97db-4645-9341-1ffa9adb41ce.png,scale_shrink,eligible,,352.461023,348.225864,-4.235159
random_forest,baseline,45a6960d-97db-4645-9341-1ffa9adb41ce.png,shift_down,rejected,shift_cuts_foreground,352.461023,,
random_forest,baseline,45a6960d-97db-4645-9341-1ffa9adb41ce.png,shift_left,eligible,,352.461023,352.461023,0.000000
random_forest,baseline,45a6960d-97db-4645-9341-1ffa9adb41ce.png,shift_right,eligible,,352.461023,352.461023,0.000000
random_forest,baseline,45a6960d-97db-4645-9341-1ffa9adb41ce.png,shift_up,eligible,,352.461023,352.461023,0.000000
random_forest,baseline,45b84323-39e1-4e61-bcf5-0211ab417013.png,contraction,eligible,,353.632048,326.836603,-26.795445
random_forest,baseline,45b84323-39e1-4e61-bcf5-0211ab417013.png,expansion,eligible,,353.632048,462.823942,109.191893
random_forest,baseline,45b84323-39e1-4e61-bcf5-0211ab417013.png,scale_grow,eligible,,353.632048,357.460378,3.828330
random_forest,baseline,45b84323-39e1-4e61-bcf5-0211ab417013.png,scale_shrink,eligible,,353.632048,347.827369,-5.804679
random_forest,baseline,45b84323-39e1-4e61-bcf5-0211ab417013.png,shift_down,eligible,,353.632048,353.632048,0.000000
random_forest,baseline,45b84323-39e1-4e61-bcf5-0211ab417013.png,shift_left,eligible,,353.632048,353.632048,0.000000
random_forest,baseline,45b84323-39e1-4e61-bcf5-0211ab417013.png,shift_right,eligible,,353.632048,353.632048,0.000000
random_forest,baseline,45b84323-39e1-4e61-bcf5-0211ab417013.png,shift_up,eligible,,353.632048,353.632048,0.000000
random_forest,baseline,4650f99f-8515-4c80-8802-9b17dd05de8a.png,contraction,eligible,,446.574878,333.886629,-112.688248
random_forest,baseline,4650f99f-8515-4c80-8802-9b17dd05de8a.png,expansion,eligible,,446.574878,431.195849,-15.379028
random_forest,baseline,4650f99f-8515-4c80-8802-9b17dd05de8a.png,scale_grow,eligible,,446.574878,431.297812,-15.277066
random_forest,baseline,4650f99f-8515-4c80-8802-9b17dd05de8a.png,scale_shrink,eligible,,446.574878,429.397703,-17.177174
random_forest,baseline,4650f99f-8515-4c80-8802-9b17dd05de8a.png,shift_down,eligible,,446.574878,446.574878,0.000000
random_forest,baseline,4650f99f-8515-4c80-8802-9b17dd05de8a.png,shift_left,eligible,,446.574878,446.574878,0.000000
random_forest,baseline,4650f99f-8515-4c80-8802-9b17dd05de8a.png,shift_right,eligible,,446.574878,446.574878,0.000000
random_forest,baseline,4650f99f-8515-4c80-8802-9b17dd05de8a.png,shift_up,eligible,,446.574878,446.574878,0.000000
random_forest,baseline,465781ea-a3d1-4ab5-8f16-e523d2fc61c2.png,contraction,eligible,,345.956164,305.759966,-40.196199
random_forest,baseline,465781ea-a3d1-4ab5-8f16-e523d2fc61c2.png,expansion,eligible,,345.956164,502.656013,156.699848
random_forest,baseline,465781ea-a3d1-4ab5-8f16-e523d2fc61c2.png,scale_grow,eligible,,345.956164,351.511249,5.555085
random_forest,baseline,465781ea-a3d1-4ab5-8f16-e523d2fc61c2.png,scale_shrink,eligible,,345.956164,340.262977,-5.693187
random_forest,baseline,465781ea-a3d1-4ab5-8f16-e523d2fc61c2.png,shift_down,eligible,,345.956164,345.956164,0.000000
random_forest,baseline,465781ea-a3d1-4ab5-8f16-e523d2fc61c2.png,shift_left,eligible,,345.956164,345.956164,0.000000
random_forest,baseline,465781ea-a3d1-4ab5-8f16-e523d2fc61c2.png,shift_right,eligible,,345.956164,345.956164,0.000000
random_forest,baseline,465781ea-a3d1-4ab5-8f16-e523d2fc61c2.png,shift_up,eligible,,345.956164,345.956164,0.000000
random_forest,baseline,469d345f-7cf5-49c1-8bd2-89c05c7f03a1.png,contraction,eligible,,490.270661,348.282681,-141.987981
random_forest,baseline,469d345f-7cf5-49c1-8bd2-89c05c7f03a1.png,expansion,eligible,,490.270661,494.644567,4.373906
random_forest,baseline,469d345f-7cf5-49c1-8bd2-89c05c7f03a1.png,scale_grow,eligible,,490.270661,494.386762,4.116101
random_forest,baseline,469d345f-7cf5-49c1-8bd2-89c05c7f03a1.png,scale_shrink,eligible,,490.270661,454.170211,-36.100450
random_forest,baseline,469d345f-7cf5-49c1-8bd2-89c05c7f03a1.png,shift_down,eligible,,490.270661,490.270661,0.000000
random_forest,baseline,469d345f-7cf5-49c1-8bd2-89c05c7f03a1.png,shift_left,eligible,,490.270661,490.270661,0.000000
random_forest,baseline,469d345f-7cf5-49c1-8bd2-89c05c7f03a1.png,shift_right,eligible,,490.270661,490.270661,0.000000
random_forest,baseline,469d345f-7cf5-49c1-8bd2-89c05c7f03a1.png,shift_up,eligible,,490.270661,490.270661,0.000000
random_forest,baseline,47282d93-8e3d-4074-a545-d020b481329e.png,contraction,eligible,,272.884773,282.146063,9.261291
random_forest,baseline,47282d93-8e3d-4074-a545-d020b481329e.png,expansion,eligible,,272.884773,336.730126,63.845354
random_forest,baseline,47282d93-8e3d-4074-a545-d020b481329e.png,scale_grow,eligible,,272.884773,274.259733,1.374961
random_forest,baseline,47282d93-8e3d-4074-a545-d020b481329e.png,scale_shrink,eligible,,272.884773,272.922742,0.037969
random_forest,baseline,47282d93-8e3d-4074-a545-d020b481329e.png,shift_down,eligible,,272.884773,272.884773,0.000000
random_forest,baseline,47282d93-8e3d-4074-a545-d020b481329e.png,shift_left,eligible,,272.884773,272.884773,0.000000
random_forest,baseline,47282d93-8e3d-4074-a545-d020b481329e.png,shift_right,eligible,,272.884773,272.884773,0.000000
random_forest,baseline,47282d93-8e3d-4074-a545-d020b481329e.png,shift_up,eligible,,272.884773,272.884773,0.000000
random_forest,baseline,4776fc23-59e1-4208-8a82-692688c61a12.png,contraction,eligible,,390.198985,325.099822,-65.099163
random_forest,baseline,4776fc23-59e1-4208-8a82-692688c61a12.png,expansion,eligible,,390.198985,443.466732,53.267747
random_forest,baseline,4776fc23-59e1-4208-8a82-692688c61a12.png,scale_grow,eligible,,390.198985,388.459912,-1.739073
random_forest,baseline,4776fc23-59e1-4208-8a82-692688c61a12.png,scale_shrink,eligible,,390.198985,372.940502,-17.258483
random_forest,baseline,4776fc23-59e1-4208-8a82-692688c61a12.png,shift_down,eligible,,390.198985,390.198985,0.000000
random_forest,baseline,4776fc23-59e1-4208-8a82-692688c61a12.png,shift_left,eligible,,390.198985,390.198985,0.000000
random_forest,baseline,4776fc23-59e1-4208-8a82-692688c61a12.png,shift_right,eligible,,390.198985,390.198985,0.000000
random_forest,baseline,4776fc23-59e1-4208-8a82-692688c61a12.png,shift_up,eligible,,390.198985,390.198985,0.000000
random_forest,baseline,493098e5-da4e-47dc-80cc-eddd2c703a24.png,contraction,eligible,,84.883335,82.074487,-2.808849
random_forest,baseline,493098e5-da4e-47dc-80cc-eddd2c703a24.png,expansion,eligible,,84.883335,94.258016,9.374681
random_forest,baseline,493098e5-da4e-47dc-80cc-eddd2c703a24.png,scale_grow,eligible,,84.883335,84.957513,0.074178
random_forest,baseline,493098e5-da4e-47dc-80cc-eddd2c703a24.png,scale_shrink,eligible,,84.883335,80.200537,-4.682799
random_forest,baseline,493098e5-da4e-47dc-80cc-eddd2c703a24.png,shift_down,eligible,,84.883335,84.883335,0.000000
random_forest,baseline,493098e5-da4e-47dc-80cc-eddd2c703a24.png,shift_left,eligible,,84.883335,84.883335,0.000000
random_forest,baseline,493098e5-da4e-47dc-80cc-eddd2c703a24.png,shift_right,eligible,,84.883335,84.883335,0.000000
random_forest,baseline,493098e5-da4e-47dc-80cc-eddd2c703a24.png,shift_up,eligible,,84.883335,84.883335,0.000000
random_forest,baseline,4b1e82b2-a79b-4bfd-a9bb-957f5d31f1d9.png,contraction,eligible,,345.778594,349.648902,3.870308
random_forest,baseline,4b1e82b2-a79b-4bfd-a9bb-957f5d31f1d9.png,expansion,eligible,,345.778594,343.899115,-1.879479
random_forest,baseline,4b1e82b2-a79b-4bfd-a9bb-957f5d31f1d9.png,scale_grow,eligible,,345.778594,344.407913,-1.370682
random_forest,baseline,4b1e82b2-a79b-4bfd-a9bb-957f5d31f1d9.png,scale_shrink,eligible,,345.778594,350.640351,4.861757
random_forest,baseline,4b1e82b2-a79b-4bfd-a9bb-957f5d31f1d9.png,shift_down,eligible,,345.778594,345.778594,0.000000
random_forest,baseline,4b1e82b2-a79b-4bfd-a9bb-957f5d31f1d9.png,shift_left,eligible,,345.778594,345.778594,0.000000
random_forest,baseline,4b1e82b2-a79b-4bfd-a9bb-957f5d31f1d9.png,shift_right,eligible,,345.778594,345.778594,0.000000
random_forest,baseline,4b1e82b2-a79b-4bfd-a9bb-957f5d31f1d9.png,shift_up,eligible,,345.778594,345.778594,0.000000
random_forest,baseline,4f331c6b-f314-4b86-8505-16f86af489e5.png,contraction,eligible,,350.514550,270.205409,-80.309141
random_forest,baseline,4f331c6b-f314-4b86-8505-16f86af489e5.png,expansion,eligible,,350.514550,445.630111,95.115561
random_forest,baseline,4f331c6b-f314-4b86-8505-16f86af489e5.png,scale_grow,eligible,,350.514550,350.762313,0.247763
random_forest,baseline,4f331c6b-f314-4b86-8505-16f86af489e5.png,scale_shrink,eligible,,350.514550,353.524114,3.009563
random_forest,baseline,4f331c6b-f314-4b86-8505-16f86af489e5.png,shift_down,eligible,,350.514550,350.514550,0.000000
random_forest,baseline,4f331c6b-f314-4b86-8505-16f86af489e5.png,shift_left,eligible,,350.514550,350.514550,0.000000
random_forest,baseline,4f331c6b-f314-4b86-8505-16f86af489e5.png,shift_right,eligible,,350.514550,350.514550,0.000000
random_forest,baseline,4f331c6b-f314-4b86-8505-16f86af489e5.png,shift_up,eligible,,350.514550,350.514550,0.000000
random_forest,baseline,52bc017f-ab87-460f-8814-530402b1616d.png,contraction,rejected,contraction_topology_violation,493.304499,,
random_forest,baseline,52bc017f-ab87-460f-8814-530402b1616d.png,expansion,rejected,contraction_topology_violation,493.304499,,
random_forest,baseline,52bc017f-ab87-460f-8814-530402b1616d.png,scale_grow,eligible,,493.304499,475.367423,-17.937077
random_forest,baseline,52bc017f-ab87-460f-8814-530402b1616d.png,scale_shrink,eligible,,493.304499,503.325699,10.021200
random_forest,baseline,52bc017f-ab87-460f-8814-530402b1616d.png,shift_down,eligible,,493.304499,493.304499,0.000000
random_forest,baseline,52bc017f-ab87-460f-8814-530402b1616d.png,shift_left,eligible,,493.304499,493.304499,0.000000
random_forest,baseline,52bc017f-ab87-460f-8814-530402b1616d.png,shift_right,eligible,,493.304499,493.304499,0.000000
random_forest,baseline,52bc017f-ab87-460f-8814-530402b1616d.png,shift_up,eligible,,493.304499,493.304499,0.000000
random_forest,baseline,581574de-04c7-4638-8c53-e8fbb08be195.png,contraction,eligible,,404.493752,312.076704,-92.417047
random_forest,baseline,581574de-04c7-4638-8c53-e8fbb08be195.png,expansion,eligible,,404.493752,427.524452,23.030700
random_forest,baseline,581574de-04c7-4638-8c53-e8fbb08be195.png,scale_grow,eligible,,404.493752,390.697017,-13.796735
random_forest,baseline,581574de-04c7-4638-8c53-e8fbb08be195.png,scale_shrink,eligible,,404.493752,388.713901,-15.779850
random_forest,baseline,581574de-04c7-4638-8c53-e8fbb08be195.png,shift_down,eligible,,404.493752,404.493752,0.000000
random_forest,baseline,581574de-04c7-4638-8c53-e8fbb08be195.png,shift_left,eligible,,404.493752,404.493752,0.000000
random_forest,baseline,581574de-04c7-4638-8c53-e8fbb08be195.png,shift_right,eligible,,404.493752,404.493752,0.000000
random_forest,baseline,581574de-04c7-4638-8c53-e8fbb08be195.png,shift_up,eligible,,404.493752,404.493752,0.000000
random_forest,baseline,58c5a6a8-56c4-4091-a974-eb03512d1a73.png,contraction,rejected,contraction_topology_violation,364.907866,,
random_forest,baseline,58c5a6a8-56c4-4091-a974-eb03512d1a73.png,expansion,rejected,contraction_topology_violation,364.907866,,
random_forest,baseline,58c5a6a8-56c4-4091-a974-eb03512d1a73.png,scale_grow,eligible,,364.907866,360.340694,-4.567172
random_forest,baseline,58c5a6a8-56c4-4091-a974-eb03512d1a73.png,scale_shrink,eligible,,364.907866,351.380898,-13.526968
random_forest,baseline,58c5a6a8-56c4-4091-a974-eb03512d1a73.png,shift_down,eligible,,364.907866,364.907866,0.000000
random_forest,baseline,58c5a6a8-56c4-4091-a974-eb03512d1a73.png,shift_left,eligible,,364.907866,364.907866,0.000000
random_forest,baseline,58c5a6a8-56c4-4091-a974-eb03512d1a73.png,shift_right,eligible,,364.907866,364.907866,0.000000
random_forest,baseline,58c5a6a8-56c4-4091-a974-eb03512d1a73.png,shift_up,eligible,,364.907866,364.907866,0.000000
random_forest,baseline,5c14e80d-8cfc-482d-9a2d-c9766f6e66d2.png,contraction,eligible,,202.917413,176.541870,-26.375543
random_forest,baseline,5c14e80d-8cfc-482d-9a2d-c9766f6e66d2.png,expansion,eligible,,202.917413,351.333230,148.415818
random_forest,baseline,5c14e80d-8cfc-482d-9a2d-c9766f6e66d2.png,scale_grow,eligible,,202.917413,271.087098,68.169686
random_forest,baseline,5c14e80d-8cfc-482d-9a2d-c9766f6e66d2.png,scale_shrink,eligible,,202.917413,191.565420,-11.351992
random_forest,baseline,5c14e80d-8cfc-482d-9a2d-c9766f6e66d2.png,shift_down,eligible,,202.917413,202.917413,0.000000
random_forest,baseline,5c14e80d-8cfc-482d-9a2d-c9766f6e66d2.png,shift_left,eligible,,202.917413,202.917413,0.000000
random_forest,baseline,5c14e80d-8cfc-482d-9a2d-c9766f6e66d2.png,shift_right,eligible,,202.917413,202.917413,0.000000
random_forest,baseline,5c14e80d-8cfc-482d-9a2d-c9766f6e66d2.png,shift_up,eligible,,202.917413,202.917413,0.000000
random_forest,baseline,5c3a5015-883d-4916-8bf9-18a3f9755814.png,contraction,eligible,,344.222486,339.687240,-4.535246
random_forest,baseline,5c3a5015-883d-4916-8bf9-18a3f9755814.png,expansion,eligible,,344.222486,379.313299,35.090813
random_forest,baseline,5c3a5015-883d-4916-8bf9-18a3f9755814.png,scale_grow,eligible,,344.222486,344.578511,0.356025
random_forest,baseline,5c3a5015-883d-4916-8bf9-18a3f9755814.png,scale_shrink,eligible,,344.222486,342.648299,-1.574187
random_forest,baseline,5c3a5015-883d-4916-8bf9-18a3f9755814.png,shift_down,rejected,shift_cuts_foreground,344.222486,,
random_forest,baseline,5c3a5015-883d-4916-8bf9-18a3f9755814.png,shift_left,eligible,,344.222486,344.222486,0.000000
random_forest,baseline,5c3a5015-883d-4916-8bf9-18a3f9755814.png,shift_right,eligible,,344.222486,344.222486,0.000000
random_forest,baseline,5c3a5015-883d-4916-8bf9-18a3f9755814.png,shift_up,eligible,,344.222486,344.222486,0.000000
random_forest,baseline,5d824061-83c6-43c7-b7b4-5f9ae505f121.png,contraction,rejected,contraction_topology_violation,333.980389,,
random_forest,baseline,5d824061-83c6-43c7-b7b4-5f9ae505f121.png,expansion,rejected,contraction_topology_violation,333.980389,,
random_forest,baseline,5d824061-83c6-43c7-b7b4-5f9ae505f121.png,scale_grow,eligible,,333.980389,337.836565,3.856176
random_forest,baseline,5d824061-83c6-43c7-b7b4-5f9ae505f121.png,scale_shrink,eligible,,333.980389,335.874023,1.893634
random_forest,baseline,5d824061-83c6-43c7-b7b4-5f9ae505f121.png,shift_down,eligible,,333.980389,333.980389,0.000000
random_forest,baseline,5d824061-83c6-43c7-b7b4-5f9ae505f121.png,shift_left,eligible,,333.980389,333.980389,0.000000
random_forest,baseline,5d824061-83c6-43c7-b7b4-5f9ae505f121.png,shift_right,eligible,,333.980389,333.980389,0.000000
random_forest,baseline,5d824061-83c6-43c7-b7b4-5f9ae505f121.png,shift_up,eligible,,333.980389,333.980389,0.000000
random_forest,baseline,5e5824ea-fc74-4fd4-99c5-41145562d540.png,contraction,eligible,,124.733131,90.975857,-33.757274
random_forest,baseline,5e5824ea-fc74-4fd4-99c5-41145562d540.png,expansion,eligible,,124.733131,142.197870,17.464739
random_forest,baseline,5e5824ea-fc74-4fd4-99c5-41145562d540.png,scale_grow,eligible,,124.733131,126.691713,1.958582
random_forest,baseline,5e5824ea-fc74-4fd4-99c5-41145562d540.png,scale_shrink,eligible,,124.733131,100.594528,-24.138603
random_forest,baseline,5e5824ea-fc74-4fd4-99c5-41145562d540.png,shift_down,eligible,,124.733131,124.733131,0.000000
random_forest,baseline,5e5824ea-fc74-4fd4-99c5-41145562d540.png,shift_left,eligible,,124.733131,124.733131,0.000000
random_forest,baseline,5e5824ea-fc74-4fd4-99c5-41145562d540.png,shift_right,eligible,,124.733131,124.733131,0.000000
random_forest,baseline,5e5824ea-fc74-4fd4-99c5-41145562d540.png,shift_up,eligible,,124.733131,124.733131,0.000000
random_forest,baseline,63dfef8a-2ca4-454d-affc-559dec19ddb3.png,contraction,eligible,,340.698876,217.177013,-123.521863
random_forest,baseline,63dfef8a-2ca4-454d-affc-559dec19ddb3.png,expansion,eligible,,340.698876,372.239920,31.541044
random_forest,baseline,63dfef8a-2ca4-454d-affc-559dec19ddb3.png,scale_grow,eligible,,340.698876,340.678910,-0.019966
random_forest,baseline,63dfef8a-2ca4-454d-affc-559dec19ddb3.png,scale_shrink,eligible,,340.698876,257.642126,-83.056750
random_forest,baseline,63dfef8a-2ca4-454d-affc-559dec19ddb3.png,shift_down,eligible,,340.698876,340.698876,0.000000
random_forest,baseline,63dfef8a-2ca4-454d-affc-559dec19ddb3.png,shift_left,eligible,,340.698876,340.698876,0.000000
random_forest,baseline,63dfef8a-2ca4-454d-affc-559dec19ddb3.png,shift_right,eligible,,340.698876,340.698876,0.000000
random_forest,baseline,63dfef8a-2ca4-454d-affc-559dec19ddb3.png,shift_up,eligible,,340.698876,340.698876,0.000000
random_forest,baseline,680fe796-519b-4d80-9314-ac880f8cb52b.png,contraction,rejected,contraction_topology_violation,436.737474,,
random_forest,baseline,680fe796-519b-4d80-9314-ac880f8cb52b.png,expansion,rejected,contraction_topology_violation,436.737474,,
random_forest,baseline,680fe796-519b-4d80-9314-ac880f8cb52b.png,scale_grow,eligible,,436.737474,404.707963,-32.029511
random_forest,baseline,680fe796-519b-4d80-9314-ac880f8cb52b.png,scale_shrink,eligible,,436.737474,416.227204,-20.510270
random_forest,baseline,680fe796-519b-4d80-9314-ac880f8cb52b.png,shift_down,eligible,,436.737474,436.737474,0.000000
random_forest,baseline,680fe796-519b-4d80-9314-ac880f8cb52b.png,shift_left,eligible,,436.737474,436.737474,0.000000
random_forest,baseline,680fe796-519b-4d80-9314-ac880f8cb52b.png,shift_right,eligible,,436.737474,436.737474,0.000000
random_forest,baseline,680fe796-519b-4d80-9314-ac880f8cb52b.png,shift_up,eligible,,436.737474,436.737474,0.000000
random_forest,baseline,686bb468-ec52-4dcc-a0db-75df5a831f00.png,contraction,rejected,contraction_topology_violation,136.008921,,
random_forest,baseline,686bb468-ec52-4dcc-a0db-75df5a831f00.png,expansion,rejected,contraction_topology_violation,136.008921,,
random_forest,baseline,686bb468-ec52-4dcc-a0db-75df5a831f00.png,scale_grow,eligible,,136.008921,138.151394,2.142472
random_forest,baseline,686bb468-ec52-4dcc-a0db-75df5a831f00.png,scale_shrink,eligible,,136.008921,142.083718,6.074797
random_forest,baseline,686bb468-ec52-4dcc-a0db-75df5a831f00.png,shift_down,eligible,,136.008921,136.008921,0.000000
random_forest,baseline,686bb468-ec52-4dcc-a0db-75df5a831f00.png,shift_left,eligible,,136.008921,136.008921,0.000000
random_forest,baseline,686bb468-ec52-4dcc-a0db-75df5a831f00.png,shift_right,eligible,,136.008921,136.008921,0.000000
random_forest,baseline,686bb468-ec52-4dcc-a0db-75df5a831f00.png,shift_up,eligible,,136.008921,136.008921,0.000000
random_forest,baseline,69c76473-f464-4d80-a1b4-4c087ef34084.png,contraction,eligible,,97.848755,89.918217,-7.930538
random_forest,baseline,69c76473-f464-4d80-a1b4-4c087ef34084.png,expansion,eligible,,97.848755,124.776104,26.927349
random_forest,baseline,69c76473-f464-4d80-a1b4-4c087ef34084.png,scale_grow,eligible,,97.848755,116.683747,18.834991
random_forest,baseline,69c76473-f464-4d80-a1b4-4c087ef34084.png,scale_shrink,eligible,,97.848755,90.208551,-7.640205
random_forest,baseline,69c76473-f464-4d80-a1b4-4c087ef34084.png,shift_down,eligible,,97.848755,97.848755,0.000000
random_forest,baseline,69c76473-f464-4d80-a1b4-4c087ef34084.png,shift_left,eligible,,97.848755,97.848755,0.000000
random_forest,baseline,69c76473-f464-4d80-a1b4-4c087ef34084.png,shift_right,eligible,,97.848755,97.848755,0.000000
random_forest,baseline,69c76473-f464-4d80-a1b4-4c087ef34084.png,shift_up,eligible,,97.848755,97.848755,0.000000
random_forest,baseline,6b5b76ad-20e8-4c3c-8f68-0219d06068f2.png,contraction,rejected,contraction_topology_violation,424.487060,,
random_forest,baseline,6b5b76ad-20e8-4c3c-8f68-0219d06068f2.png,expansion,rejected,contraction_topology_violation,424.487060,,
random_forest,baseline,6b5b76ad-20e8-4c3c-8f68-0219d06068f2.png,scale_grow,eligible,,424.487060,443.280839,18.793779
random_forest,baseline,6b5b76ad-20e8-4c3c-8f68-0219d06068f2.png,scale_shrink,eligible,,424.487060,420.174804,-4.312256
random_forest,baseline,6b5b76ad-20e8-4c3c-8f68-0219d06068f2.png,shift_down,eligible,,424.487060,424.487060,0.000000
random_forest,baseline,6b5b76ad-20e8-4c3c-8f68-0219d06068f2.png,shift_left,eligible,,424.487060,424.487060,0.000000
random_forest,baseline,6b5b76ad-20e8-4c3c-8f68-0219d06068f2.png,shift_right,eligible,,424.487060,424.487060,0.000000
random_forest,baseline,6b5b76ad-20e8-4c3c-8f68-0219d06068f2.png,shift_up,eligible,,424.487060,424.487060,0.000000
random_forest,baseline,6e02e3a6-d78d-4719-b9e5-29779f9c58e2.png,contraction,eligible,,78.084882,80.215011,2.130129
random_forest,baseline,6e02e3a6-d78d-4719-b9e5-29779f9c58e2.png,expansion,eligible,,78.084882,84.817938,6.733056
random_forest,baseline,6e02e3a6-d78d-4719-b9e5-29779f9c58e2.png,scale_grow,eligible,,78.084882,83.928288,5.843406
random_forest,baseline,6e02e3a6-d78d-4719-b9e5-29779f9c58e2.png,scale_shrink,eligible,,78.084882,74.362938,-3.721944
random_forest,baseline,6e02e3a6-d78d-4719-b9e5-29779f9c58e2.png,shift_down,eligible,,78.084882,78.084882,0.000000
random_forest,baseline,6e02e3a6-d78d-4719-b9e5-29779f9c58e2.png,shift_left,eligible,,78.084882,78.084882,0.000000
random_forest,baseline,6e02e3a6-d78d-4719-b9e5-29779f9c58e2.png,shift_right,eligible,,78.084882,78.084882,0.000000
random_forest,baseline,6e02e3a6-d78d-4719-b9e5-29779f9c58e2.png,shift_up,eligible,,78.084882,78.084882,0.000000
random_forest,baseline,6e0e0acc-be0b-4a7e-a74b-ab18074a3703.png,contraction,eligible,,309.186046,286.932484,-22.253561
random_forest,baseline,6e0e0acc-be0b-4a7e-a74b-ab18074a3703.png,expansion,eligible,,309.186046,340.629206,31.443160
random_forest,baseline,6e0e0acc-be0b-4a7e-a74b-ab18074a3703.png,scale_grow,eligible,,309.186046,325.878726,16.692680
random_forest,baseline,6e0e0acc-be0b-4a7e-a74b-ab18074a3703.png,scale_shrink,eligible,,309.186046,298.556374,-10.629671
random_forest,baseline,6e0e0acc-be0b-4a7e-a74b-ab18074a3703.png,shift_down,eligible,,309.186046,309.186046,0.000000
random_forest,baseline,6e0e0acc-be0b-4a7e-a74b-ab18074a3703.png,shift_left,eligible,,309.186046,309.186046,0.000000
random_forest,baseline,6e0e0acc-be0b-4a7e-a74b-ab18074a3703.png,shift_right,eligible,,309.186046,309.186046,0.000000
random_forest,baseline,6e0e0acc-be0b-4a7e-a74b-ab18074a3703.png,shift_up,eligible,,309.186046,309.186046,0.000000
random_forest,baseline,6fb04c78-bbde-41e7-a0c2-f093da2abe5d.png,contraction,eligible,,105.552889,105.943176,0.390287
random_forest,baseline,6fb04c78-bbde-41e7-a0c2-f093da2abe5d.png,expansion,eligible,,105.552889,142.902127,37.349238
random_forest,baseline,6fb04c78-bbde-41e7-a0c2-f093da2abe5d.png,scale_grow,eligible,,105.552889,153.739340,48.186451
random_forest,baseline,6fb04c78-bbde-41e7-a0c2-f093da2abe5d.png,scale_shrink,eligible,,105.552889,97.307389,-8.245500
random_forest,baseline,6fb04c78-bbde-41e7-a0c2-f093da2abe5d.png,shift_down,eligible,,105.552889,105.552889,0.000000
random_forest,baseline,6fb04c78-bbde-41e7-a0c2-f093da2abe5d.png,shift_left,eligible,,105.552889,105.552889,0.000000
random_forest,baseline,6fb04c78-bbde-41e7-a0c2-f093da2abe5d.png,shift_right,eligible,,105.552889,105.552889,0.000000
random_forest,baseline,6fb04c78-bbde-41e7-a0c2-f093da2abe5d.png,shift_up,eligible,,105.552889,105.552889,0.000000
random_forest,baseline,722f9bea-de7a-40b8-9771-1ea36ccd770a.png,contraction,eligible,,312.151981,309.983927,-2.168054
random_forest,baseline,722f9bea-de7a-40b8-9771-1ea36ccd770a.png,expansion,eligible,,312.151981,319.579934,7.427953
random_forest,baseline,722f9bea-de7a-40b8-9771-1ea36ccd770a.png,scale_grow,eligible,,312.151981,312.329593,0.177612
random_forest,baseline,722f9bea-de7a-40b8-9771-1ea36ccd770a.png,scale_shrink,eligible,,312.151981,308.905473,-3.246508
random_forest,baseline,722f9bea-de7a-40b8-9771-1ea36ccd770a.png,shift_down,eligible,,312.151981,312.151981,0.000000
random_forest,baseline,722f9bea-de7a-40b8-9771-1ea36ccd770a.png,shift_left,eligible,,312.151981,312.151981,0.000000
random_forest,baseline,722f9bea-de7a-40b8-9771-1ea36ccd770a.png,shift_right,rejected,shift_cuts_foreground,312.151981,,
random_forest,baseline,722f9bea-de7a-40b8-9771-1ea36ccd770a.png,shift_up,eligible,,312.151981,312.151981,0.000000
random_forest,baseline,763496c8-d67c-4635-ae57-b57d650f92ef.png,contraction,rejected,expansion_topology_violation,382.416363,,
random_forest,baseline,763496c8-d67c-4635-ae57-b57d650f92ef.png,expansion,rejected,expansion_topology_violation,382.416363,,
random_forest,baseline,763496c8-d67c-4635-ae57-b57d650f92ef.png,scale_grow,eligible,,382.416363,385.049680,2.633317
random_forest,baseline,763496c8-d67c-4635-ae57-b57d650f92ef.png,scale_shrink,eligible,,382.416363,380.037685,-2.378678
random_forest,baseline,763496c8-d67c-4635-ae57-b57d650f92ef.png,shift_down,eligible,,382.416363,382.416363,0.000000
random_forest,baseline,763496c8-d67c-4635-ae57-b57d650f92ef.png,shift_left,eligible,,382.416363,382.416363,0.000000
random_forest,baseline,763496c8-d67c-4635-ae57-b57d650f92ef.png,shift_right,eligible,,382.416363,382.416363,0.000000
random_forest,baseline,763496c8-d67c-4635-ae57-b57d650f92ef.png,shift_up,eligible,,382.416363,382.416363,0.000000
random_forest,baseline,7b2959e9-7af1-4af0-a5ac-17e9458292e3.png,contraction,eligible,,304.849520,255.685239,-49.164281
random_forest,baseline,7b2959e9-7af1-4af0-a5ac-17e9458292e3.png,expansion,eligible,,304.849520,450.640238,145.790718
random_forest,baseline,7b2959e9-7af1-4af0-a5ac-17e9458292e3.png,scale_grow,eligible,,304.849520,309.232124,4.382604
random_forest,baseline,7b2959e9-7af1-4af0-a5ac-17e9458292e3.png,scale_shrink,eligible,,304.849520,273.736447,-31.113074
random_forest,baseline,7b2959e9-7af1-4af0-a5ac-17e9458292e3.png,shift_down,eligible,,304.849520,304.849520,0.000000
random_forest,baseline,7b2959e9-7af1-4af0-a5ac-17e9458292e3.png,shift_left,eligible,,304.849520,304.849520,0.000000
random_forest,baseline,7b2959e9-7af1-4af0-a5ac-17e9458292e3.png,shift_right,eligible,,304.849520,304.849520,0.000000
random_forest,baseline,7b2959e9-7af1-4af0-a5ac-17e9458292e3.png,shift_up,eligible,,304.849520,304.849520,0.000000
random_forest,baseline,7d92ee03-4fd5-45a2-a0d8-8510a0899582.png,contraction,eligible,,313.475976,270.443205,-43.032771
random_forest,baseline,7d92ee03-4fd5-45a2-a0d8-8510a0899582.png,expansion,eligible,,313.475976,401.177556,87.701579
random_forest,baseline,7d92ee03-4fd5-45a2-a0d8-8510a0899582.png,scale_grow,eligible,,313.475976,301.852482,-11.623494
random_forest,baseline,7d92ee03-4fd5-45a2-a0d8-8510a0899582.png,scale_shrink,eligible,,313.475976,313.407124,-0.068852
random_forest,baseline,7d92ee03-4fd5-45a2-a0d8-8510a0899582.png,shift_down,eligible,,313.475976,313.475976,0.000000
random_forest,baseline,7d92ee03-4fd5-45a2-a0d8-8510a0899582.png,shift_left,eligible,,313.475976,313.475976,0.000000
random_forest,baseline,7d92ee03-4fd5-45a2-a0d8-8510a0899582.png,shift_right,eligible,,313.475976,313.475976,0.000000
random_forest,baseline,7d92ee03-4fd5-45a2-a0d8-8510a0899582.png,shift_up,eligible,,313.475976,313.475976,0.000000
random_forest,baseline,7e73e43b-41ae-422c-92a1-d312c5ba83db.png,contraction,rejected,contraction_topology_violation,84.214264,,
random_forest,baseline,7e73e43b-41ae-422c-92a1-d312c5ba83db.png,expansion,rejected,contraction_topology_violation,84.214264,,
random_forest,baseline,7e73e43b-41ae-422c-92a1-d312c5ba83db.png,scale_grow,eligible,,84.214264,93.502350,9.288086
random_forest,baseline,7e73e43b-41ae-422c-92a1-d312c5ba83db.png,scale_shrink,eligible,,84.214264,81.432779,-2.781485
random_forest,baseline,7e73e43b-41ae-422c-92a1-d312c5ba83db.png,shift_down,eligible,,84.214264,84.214264,0.000000
random_forest,baseline,7e73e43b-41ae-422c-92a1-d312c5ba83db.png,shift_left,eligible,,84.214264,84.214264,0.000000
random_forest,baseline,7e73e43b-41ae-422c-92a1-d312c5ba83db.png,shift_right,eligible,,84.214264,84.214264,0.000000
random_forest,baseline,7e73e43b-41ae-422c-92a1-d312c5ba83db.png,shift_up,eligible,,84.214264,84.214264,0.000000
random_forest,baseline,80ed5517-f6b4-481b-a4b4-0d9276daecfb.png,contraction,eligible,,87.795593,84.201922,-3.593671
random_forest,baseline,80ed5517-f6b4-481b-a4b4-0d9276daecfb.png,expansion,eligible,,87.795593,107.255080,19.459487
random_forest,baseline,80ed5517-f6b4-481b-a4b4-0d9276daecfb.png,scale_grow,eligible,,87.795593,93.392086,5.596493
random_forest,baseline,80ed5517-f6b4-481b-a4b4-0d9276daecfb.png,scale_shrink,eligible,,87.795593,86.810413,-0.985180
random_forest,baseline,80ed5517-f6b4-481b-a4b4-0d9276daecfb.png,shift_down,eligible,,87.795593,87.795593,0.000000
random_forest,baseline,80ed5517-f6b4-481b-a4b4-0d9276daecfb.png,shift_left,eligible,,87.795593,87.795593,0.000000
random_forest,baseline,80ed5517-f6b4-481b-a4b4-0d9276daecfb.png,shift_right,eligible,,87.795593,87.795593,0.000000
random_forest,baseline,80ed5517-f6b4-481b-a4b4-0d9276daecfb.png,shift_up,eligible,,87.795593,87.795593,0.000000
random_forest,baseline,83dff977-be07-4b74-a622-db66b923037a.png,contraction,eligible,,179.006641,135.230661,-43.775981
random_forest,baseline,83dff977-be07-4b74-a622-db66b923037a.png,expansion,eligible,,179.006641,210.646231,31.639589
random_forest,baseline,83dff977-be07-4b74-a622-db66b923037a.png,scale_grow,eligible,,179.006641,192.494591,13.487950
random_forest,baseline,83dff977-be07-4b74-a622-db66b923037a.png,scale_shrink,eligible,,179.006641,137.695582,-41.311059
random_forest,baseline,83dff977-be07-4b74-a622-db66b923037a.png,shift_down,eligible,,179.006641,179.006641,0.000000
random_forest,baseline,83dff977-be07-4b74-a622-db66b923037a.png,shift_left,eligible,,179.006641,179.006641,0.000000
random_forest,baseline,83dff977-be07-4b74-a622-db66b923037a.png,shift_right,eligible,,179.006641,179.006641,0.000000
random_forest,baseline,83dff977-be07-4b74-a622-db66b923037a.png,shift_up,eligible,,179.006641,179.006641,0.000000
random_forest,baseline,8436ef8c-3868-4e45-851b-0cb7906e968b.png,contraction,eligible,,114.787564,111.919038,-2.868525
random_forest,baseline,8436ef8c-3868-4e45-851b-0cb7906e968b.png,expansion,eligible,,114.787564,204.802069,90.014506
random_forest,baseline,8436ef8c-3868-4e45-851b-0cb7906e968b.png,scale_grow,eligible,,114.787564,137.195753,22.408189
random_forest,baseline,8436ef8c-3868-4e45-851b-0cb7906e968b.png,scale_shrink,eligible,,114.787564,112.129858,-2.657706
random_forest,baseline,8436ef8c-3868-4e45-851b-0cb7906e968b.png,shift_down,eligible,,114.787564,114.787564,0.000000
random_forest,baseline,8436ef8c-3868-4e45-851b-0cb7906e968b.png,shift_left,eligible,,114.787564,114.787564,0.000000
random_forest,baseline,8436ef8c-3868-4e45-851b-0cb7906e968b.png,shift_right,eligible,,114.787564,114.787564,0.000000
random_forest,baseline,8436ef8c-3868-4e45-851b-0cb7906e968b.png,shift_up,eligible,,114.787564,114.787564,0.000000
random_forest,baseline,885774f0-053d-4099-8b5e-38886b0a5056.png,contraction,eligible,,475.617842,356.861499,-118.756343
random_forest,baseline,885774f0-053d-4099-8b5e-38886b0a5056.png,expansion,eligible,,475.617842,425.437103,-50.180739
random_forest,baseline,885774f0-053d-4099-8b5e-38886b0a5056.png,scale_grow,eligible,,475.617842,446.516802,-29.101040
random_forest,baseline,885774f0-053d-4099-8b5e-38886b0a5056.png,scale_shrink,eligible,,475.617842,482.812832,7.194990
random_forest,baseline,885774f0-053d-4099-8b5e-38886b0a5056.png,shift_down,eligible,,475.617842,475.617842,0.000000
random_forest,baseline,885774f0-053d-4099-8b5e-38886b0a5056.png,shift_left,eligible,,475.617842,475.617842,0.000000
random_forest,baseline,885774f0-053d-4099-8b5e-38886b0a5056.png,shift_right,rejected,shift_cuts_foreground,475.617842,,
random_forest,baseline,885774f0-053d-4099-8b5e-38886b0a5056.png,shift_up,eligible,,475.617842,475.617842,0.000000
random_forest,baseline,8b8f46cb-b547-409a-a088-04526c565373.png,contraction,eligible,,130.796985,116.165146,-14.631839
random_forest,baseline,8b8f46cb-b547-409a-a088-04526c565373.png,expansion,eligible,,130.796985,178.765576,47.968592
random_forest,baseline,8b8f46cb-b547-409a-a088-04526c565373.png,scale_grow,eligible,,130.796985,174.582178,43.785194
random_forest,baseline,8b8f46cb-b547-409a-a088-04526c565373.png,scale_shrink,eligible,,130.796985,118.284200,-12.512785
random_forest,baseline,8b8f46cb-b547-409a-a088-04526c565373.png,shift_down,eligible,,130.796985,130.796985,0.000000
random_forest,baseline,8b8f46cb-b547-409a-a088-04526c565373.png,shift_left,eligible,,130.796985,130.796985,0.000000
random_forest,baseline,8b8f46cb-b547-409a-a088-04526c565373.png,shift_right,eligible,,130.796985,130.796985,0.000000
random_forest,baseline,8b8f46cb-b547-409a-a088-04526c565373.png,shift_up,eligible,,130.796985,130.796985,0.000000
random_forest,baseline,8d6f105b-3c59-4c05-a0cf-f897e822b858.png,contraction,eligible,,170.150268,158.654029,-11.496238
random_forest,baseline,8d6f105b-3c59-4c05-a0cf-f897e822b858.png,expansion,eligible,,170.150268,309.418297,139.268030
random_forest,baseline,8d6f105b-3c59-4c05-a0cf-f897e822b858.png,scale_grow,eligible,,170.150268,187.598461,17.448194
random_forest,baseline,8d6f105b-3c59-4c05-a0cf-f897e822b858.png,scale_shrink,eligible,,170.150268,148.783698,-21.366569
random_forest,baseline,8d6f105b-3c59-4c05-a0cf-f897e822b858.png,shift_down,eligible,,170.150268,170.150268,0.000000
random_forest,baseline,8d6f105b-3c59-4c05-a0cf-f897e822b858.png,shift_left,eligible,,170.150268,170.150268,0.000000
random_forest,baseline,8d6f105b-3c59-4c05-a0cf-f897e822b858.png,shift_right,eligible,,170.150268,170.150268,0.000000
random_forest,baseline,8d6f105b-3c59-4c05-a0cf-f897e822b858.png,shift_up,eligible,,170.150268,170.150268,0.000000
random_forest,baseline,8e0d6a21-ca7b-4d89-9928-4fe97d178e74.png,contraction,eligible,,411.596937,402.945405,-8.651532
random_forest,baseline,8e0d6a21-ca7b-4d89-9928-4fe97d178e74.png,expansion,eligible,,411.596937,499.009031,87.412094
random_forest,baseline,8e0d6a21-ca7b-4d89-9928-4fe97d178e74.png,scale_grow,eligible,,411.596937,408.424929,-3.172008
random_forest,baseline,8e0d6a21-ca7b-4d89-9928-4fe97d178e74.png,scale_shrink,eligible,,411.596937,407.100166,-4.496771
random_forest,baseline,8e0d6a21-ca7b-4d89-9928-4fe97d178e74.png,shift_down,eligible,,411.596937,411.596937,0.000000
random_forest,baseline,8e0d6a21-ca7b-4d89-9928-4fe97d178e74.png,shift_left,eligible,,411.596937,411.596937,0.000000
random_forest,baseline,8e0d6a21-ca7b-4d89-9928-4fe97d178e74.png,shift_right,eligible,,411.596937,411.596937,0.000000
random_forest,baseline,8e0d6a21-ca7b-4d89-9928-4fe97d178e74.png,shift_up,eligible,,411.596937,411.596937,0.000000
random_forest,baseline,8f29bed4-2556-4702-8552-9a4f98974d0e.png,contraction,eligible,,106.545197,85.835305,-20.709892
random_forest,baseline,8f29bed4-2556-4702-8552-9a4f98974d0e.png,expansion,eligible,,106.545197,188.562959,82.017762
random_forest,baseline,8f29bed4-2556-4702-8552-9a4f98974d0e.png,scale_grow,eligible,,106.545197,185.937608,79.392411
random_forest,baseline,8f29bed4-2556-4702-8552-9a4f98974d0e.png,scale_shrink,eligible,,106.545197,94.898715,-11.646482
random_forest,baseline,8f29bed4-2556-4702-8552-9a4f98974d0e.png,shift_down,eligible,,106.545197,106.545197,0.000000
random_forest,baseline,8f29bed4-2556-4702-8552-9a4f98974d0e.png,shift_left,eligible,,106.545197,106.545197,0.000000
random_forest,baseline,8f29bed4-2556-4702-8552-9a4f98974d0e.png,shift_right,eligible,,106.545197,106.545197,0.000000
random_forest,baseline,8f29bed4-2556-4702-8552-9a4f98974d0e.png,shift_up,eligible,,106.545197,106.545197,0.000000
random_forest,baseline,90517d64-9f06-458f-898e-a2abbd94a05e.png,contraction,eligible,,505.999718,359.698844,-146.300874
random_forest,baseline,90517d64-9f06-458f-898e-a2abbd94a05e.png,expansion,eligible,,505.999718,509.416145,3.416427
random_forest,baseline,90517d64-9f06-458f-898e-a2abbd94a05e.png,scale_grow,eligible,,505.999718,513.592395,7.592677
random_forest,baseline,90517d64-9f06-458f-898e-a2abbd94a05e.png,scale_shrink,eligible,,505.999718,473.992362,-32.007356
random_forest,baseline,90517d64-9f06-458f-898e-a2abbd94a05e.png,shift_down,eligible,,505.999718,505.999718,0.000000
random_forest,baseline,90517d64-9f06-458f-898e-a2abbd94a05e.png,shift_left,eligible,,505.999718,505.999718,0.000000
random_forest,baseline,90517d64-9f06-458f-898e-a2abbd94a05e.png,shift_right,eligible,,505.999718,505.999718,0.000000
random_forest,baseline,90517d64-9f06-458f-898e-a2abbd94a05e.png,shift_up,eligible,,505.999718,505.999718,0.000000
random_forest,baseline,90cf1b04-a084-49ee-bbb5-b9bf8d871b12.png,contraction,rejected,expansion_topology_violation,315.556730,,
random_forest,baseline,90cf1b04-a084-49ee-bbb5-b9bf8d871b12.png,expansion,rejected,expansion_topology_violation,315.556730,,
random_forest,baseline,90cf1b04-a084-49ee-bbb5-b9bf8d871b12.png,scale_grow,eligible,,315.556730,313.248625,-2.308105
random_forest,baseline,90cf1b04-a084-49ee-bbb5-b9bf8d871b12.png,scale_shrink,eligible,,315.556730,325.977584,10.420854
random_forest,baseline,90cf1b04-a084-49ee-bbb5-b9bf8d871b12.png,shift_down,eligible,,315.556730,315.556730,0.000000
random_forest,baseline,90cf1b04-a084-49ee-bbb5-b9bf8d871b12.png,shift_left,eligible,,315.556730,315.556730,0.000000
random_forest,baseline,90cf1b04-a084-49ee-bbb5-b9bf8d871b12.png,shift_right,eligible,,315.556730,315.556730,0.000000
random_forest,baseline,90cf1b04-a084-49ee-bbb5-b9bf8d871b12.png,shift_up,eligible,,315.556730,315.556730,0.000000
random_forest,baseline,93c52d47-518b-4b2d-b7ff-528808edef25.png,contraction,eligible,,354.791787,328.895168,-25.896619
random_forest,baseline,93c52d47-518b-4b2d-b7ff-528808edef25.png,expansion,eligible,,354.791787,421.684604,66.892818
random_forest,baseline,93c52d47-518b-4b2d-b7ff-528808edef25.png,scale_grow,eligible,,354.791787,354.132037,-0.659750
random_forest,baseline,93c52d47-518b-4b2d-b7ff-528808edef25.png,scale_shrink,eligible,,354.791787,351.943926,-2.847861
random_forest,baseline,93c52d47-518b-4b2d-b7ff-528808edef25.png,shift_down,eligible,,354.791787,354.791787,0.000000
random_forest,baseline,93c52d47-518b-4b2d-b7ff-528808edef25.png,shift_left,eligible,,354.791787,354.791787,0.000000
random_forest,baseline,93c52d47-518b-4b2d-b7ff-528808edef25.png,shift_right,eligible,,354.791787,354.791787,0.000000
random_forest,baseline,93c52d47-518b-4b2d-b7ff-528808edef25.png,shift_up,eligible,,354.791787,354.791787,0.000000
random_forest,baseline,9728b22a-430b-4336-b631-2490e674f3ef.png,contraction,eligible,,172.855797,121.399785,-51.456013
random_forest,baseline,9728b22a-430b-4336-b631-2490e674f3ef.png,expansion,eligible,,172.855797,188.031808,15.176011
random_forest,baseline,9728b22a-430b-4336-b631-2490e674f3ef.png,scale_grow,eligible,,172.855797,183.127637,10.271839
random_forest,baseline,9728b22a-430b-4336-b631-2490e674f3ef.png,scale_shrink,eligible,,172.855797,167.580908,-5.274889
random_forest,baseline,9728b22a-430b-4336-b631-2490e674f3ef.png,shift_down,eligible,,172.855797,172.855797,0.000000
random_forest,baseline,9728b22a-430b-4336-b631-2490e674f3ef.png,shift_left,eligible,,172.855797,172.855797,0.000000
random_forest,baseline,9728b22a-430b-4336-b631-2490e674f3ef.png,shift_right,eligible,,172.855797,172.855797,0.000000
random_forest,baseline,9728b22a-430b-4336-b631-2490e674f3ef.png,shift_up,eligible,,172.855797,172.855797,0.000000
random_forest,baseline,97298c0e-4bf5-4552-9383-52e26b672d9b.png,contraction,rejected,contraction_topology_violation,300.180353,,
random_forest,baseline,97298c0e-4bf5-4552-9383-52e26b672d9b.png,expansion,rejected,contraction_topology_violation,300.180353,,
random_forest,baseline,97298c0e-4bf5-4552-9383-52e26b672d9b.png,scale_grow,eligible,,300.180353,300.977974,0.797621
random_forest,baseline,97298c0e-4bf5-4552-9383-52e26b672d9b.png,scale_shrink,eligible,,300.180353,299.020725,-1.159628
random_forest,baseline,97298c0e-4bf5-4552-9383-52e26b672d9b.png,shift_down,rejected,shift_cuts_foreground,300.180353,,
random_forest,baseline,97298c0e-4bf5-4552-9383-52e26b672d9b.png,shift_left,eligible,,300.180353,300.180353,0.000000
random_forest,baseline,97298c0e-4bf5-4552-9383-52e26b672d9b.png,shift_right,eligible,,300.180353,300.180353,0.000000
random_forest,baseline,97298c0e-4bf5-4552-9383-52e26b672d9b.png,shift_up,eligible,,300.180353,300.180353,0.000000
random_forest,baseline,99b029a4-62fa-4c97-a595-bc18dc8d7079.png,contraction,rejected,contraction_topology_violation,95.759046,,
random_forest,baseline,99b029a4-62fa-4c97-a595-bc18dc8d7079.png,expansion,rejected,contraction_topology_violation,95.759046,,
random_forest,baseline,99b029a4-62fa-4c97-a595-bc18dc8d7079.png,scale_grow,eligible,,95.759046,96.202716,0.443670
random_forest,baseline,99b029a4-62fa-4c97-a595-bc18dc8d7079.png,scale_shrink,eligible,,95.759046,92.368812,-3.390234
random_forest,baseline,99b029a4-62fa-4c97-a595-bc18dc8d7079.png,shift_down,eligible,,95.759046,95.759046,0.000000
random_forest,baseline,99b029a4-62fa-4c97-a595-bc18dc8d7079.png,shift_left,eligible,,95.759046,95.759046,0.000000
random_forest,baseline,99b029a4-62fa-4c97-a595-bc18dc8d7079.png,shift_right,eligible,,95.759046,95.759046,0.000000
random_forest,baseline,99b029a4-62fa-4c97-a595-bc18dc8d7079.png,shift_up,eligible,,95.759046,95.759046,0.000000
random_forest,baseline,9a5f4e4d-cccc-495a-b721-7a610f6c8c71.png,contraction,rejected,insufficient_expansion_margin,320.799150,,
random_forest,baseline,9a5f4e4d-cccc-495a-b721-7a610f6c8c71.png,expansion,rejected,insufficient_expansion_margin,320.799150,,
random_forest,baseline,9a5f4e4d-cccc-495a-b721-7a610f6c8c71.png,scale_grow,eligible,,320.799150,328.340255,7.541105
random_forest,baseline,9a5f4e4d-cccc-495a-b721-7a610f6c8c71.png,scale_shrink,eligible,,320.799150,306.946799,-13.852351
random_forest,baseline,9a5f4e4d-cccc-495a-b721-7a610f6c8c71.png,shift_down,rejected,shift_cuts_foreground,320.799150,,
random_forest,baseline,9a5f4e4d-cccc-495a-b721-7a610f6c8c71.png,shift_left,eligible,,320.799150,320.799150,0.000000
random_forest,baseline,9a5f4e4d-cccc-495a-b721-7a610f6c8c71.png,shift_right,eligible,,320.799150,320.799150,0.000000
random_forest,baseline,9a5f4e4d-cccc-495a-b721-7a610f6c8c71.png,shift_up,eligible,,320.799150,320.799150,0.000000
random_forest,baseline,9d023237-a108-4365-ace7-1d32e14c3b6c.png,contraction,eligible,,456.373836,359.485614,-96.888223
random_forest,baseline,9d023237-a108-4365-ace7-1d32e14c3b6c.png,expansion,eligible,,456.373836,441.775117,-14.598719
random_forest,baseline,9d023237-a108-4365-ace7-1d32e14c3b6c.png,scale_grow,eligible,,456.373836,476.298185,19.924349
random_forest,baseline,9d023237-a108-4365-ace7-1d32e14c3b6c.png,scale_shrink,eligible,,456.373836,455.831178,-0.542659
random_forest,baseline,9d023237-a108-4365-ace7-1d32e14c3b6c.png,shift_down,eligible,,456.373836,456.373836,0.000000
random_forest,baseline,9d023237-a108-4365-ace7-1d32e14c3b6c.png,shift_left,eligible,,456.373836,456.373836,0.000000
random_forest,baseline,9d023237-a108-4365-ace7-1d32e14c3b6c.png,shift_right,eligible,,456.373836,456.373836,0.000000
random_forest,baseline,9d023237-a108-4365-ace7-1d32e14c3b6c.png,shift_up,eligible,,456.373836,456.373836,0.000000
random_forest,baseline,9dfd1f11-3061-4a5e-88c3-38824d6bd7b6.png,contraction,eligible,,102.830350,87.353466,-15.476884
random_forest,baseline,9dfd1f11-3061-4a5e-88c3-38824d6bd7b6.png,expansion,eligible,,102.830350,184.842033,82.011682
random_forest,baseline,9dfd1f11-3061-4a5e-88c3-38824d6bd7b6.png,scale_grow,eligible,,102.830350,126.892788,24.062438
random_forest,baseline,9dfd1f11-3061-4a5e-88c3-38824d6bd7b6.png,scale_shrink,eligible,,102.830350,90.052243,-12.778107
random_forest,baseline,9dfd1f11-3061-4a5e-88c3-38824d6bd7b6.png,shift_down,eligible,,102.830350,102.830350,0.000000
random_forest,baseline,9dfd1f11-3061-4a5e-88c3-38824d6bd7b6.png,shift_left,eligible,,102.830350,102.830350,0.000000
random_forest,baseline,9dfd1f11-3061-4a5e-88c3-38824d6bd7b6.png,shift_right,eligible,,102.830350,102.830350,0.000000
random_forest,baseline,9dfd1f11-3061-4a5e-88c3-38824d6bd7b6.png,shift_up,eligible,,102.830350,102.830350,0.000000
random_forest,baseline,a027e781-b5f5-4b49-9976-1d274d8a56fb.png,contraction,eligible,,84.869304,78.980567,-5.888737
random_forest,baseline,a027e781-b5f5-4b49-9976-1d274d8a56fb.png,expansion,eligible,,84.869304,99.596053,14.726749
random_forest,baseline,a027e781-b5f5-4b49-9976-1d274d8a56fb.png,scale_grow,eligible,,84.869304,87.039226,2.169923
random_forest,baseline,a027e781-b5f5-4b49-9976-1d274d8a56fb.png,scale_shrink,eligible,,84.869304,79.413969,-5.455335
random_forest,baseline,a027e781-b5f5-4b49-9976-1d274d8a56fb.png,shift_down,eligible,,84.869304,84.869304,0.000000
random_forest,baseline,a027e781-b5f5-4b49-9976-1d274d8a56fb.png,shift_left,eligible,,84.869304,84.869304,0.000000
random_forest,baseline,a027e781-b5f5-4b49-9976-1d274d8a56fb.png,shift_right,eligible,,84.869304,84.869304,0.000000
random_forest,baseline,a027e781-b5f5-4b49-9976-1d274d8a56fb.png,shift_up,eligible,,84.869304,84.869304,0.000000
random_forest,baseline,a25608d2-a61b-4fd0-a9be-01de332898a2.png,contraction,eligible,,283.330302,144.004095,-139.326207
random_forest,baseline,a25608d2-a61b-4fd0-a9be-01de332898a2.png,expansion,eligible,,283.330302,296.108852,12.778550
random_forest,baseline,a25608d2-a61b-4fd0-a9be-01de332898a2.png,scale_grow,eligible,,283.330302,313.308451,29.978149
random_forest,baseline,a25608d2-a61b-4fd0-a9be-01de332898a2.png,scale_shrink,eligible,,283.330302,269.647897,-13.682405
random_forest,baseline,a25608d2-a61b-4fd0-a9be-01de332898a2.png,shift_down,eligible,,283.330302,283.330302,0.000000
random_forest,baseline,a25608d2-a61b-4fd0-a9be-01de332898a2.png,shift_left,eligible,,283.330302,283.330302,0.000000
random_forest,baseline,a25608d2-a61b-4fd0-a9be-01de332898a2.png,shift_right,eligible,,283.330302,283.330302,0.000000
random_forest,baseline,a25608d2-a61b-4fd0-a9be-01de332898a2.png,shift_up,eligible,,283.330302,283.330302,0.000000
random_forest,baseline,a67e048e-d65d-4899-a7a9-7f3671168150.png,contraction,eligible,,338.268018,323.660913,-14.607105
random_forest,baseline,a67e048e-d65d-4899-a7a9-7f3671168150.png,expansion,eligible,,338.268018,390.452831,52.184813
random_forest,baseline,a67e048e-d65d-4899-a7a9-7f3671168150.png,scale_grow,eligible,,338.268018,339.956483,1.688465
random_forest,baseline,a67e048e-d65d-4899-a7a9-7f3671168150.png,scale_shrink,eligible,,338.268018,331.343297,-6.924720
random_forest,baseline,a67e048e-d65d-4899-a7a9-7f3671168150.png,shift_down,eligible,,338.268018,338.268018,0.000000
random_forest,baseline,a67e048e-d65d-4899-a7a9-7f3671168150.png,shift_left,eligible,,338.268018,338.268018,0.000000
random_forest,baseline,a67e048e-d65d-4899-a7a9-7f3671168150.png,shift_right,eligible,,338.268018,338.268018,0.000000
random_forest,baseline,a67e048e-d65d-4899-a7a9-7f3671168150.png,shift_up,eligible,,338.268018,338.268018,0.000000
random_forest,baseline,a8e11e8c-24ce-42d2-b10c-b27546d5f0a6.png,contraction,eligible,,142.992190,94.304953,-48.687238
random_forest,baseline,a8e11e8c-24ce-42d2-b10c-b27546d5f0a6.png,expansion,eligible,,142.992190,175.749424,32.757234
random_forest,baseline,a8e11e8c-24ce-42d2-b10c-b27546d5f0a6.png,scale_grow,eligible,,142.992190,160.224063,17.231872
random_forest,baseline,a8e11e8c-24ce-42d2-b10c-b27546d5f0a6.png,scale_shrink,eligible,,142.992190,100.109198,-42.882992
random_forest,baseline,a8e11e8c-24ce-42d2-b10c-b27546d5f0a6.png,shift_down,eligible,,142.992190,142.992190,0.000000
random_forest,baseline,a8e11e8c-24ce-42d2-b10c-b27546d5f0a6.png,shift_left,eligible,,142.992190,142.992190,0.000000
random_forest,baseline,a8e11e8c-24ce-42d2-b10c-b27546d5f0a6.png,shift_right,eligible,,142.992190,142.992190,0.000000
random_forest,baseline,a8e11e8c-24ce-42d2-b10c-b27546d5f0a6.png,shift_up,eligible,,142.992190,142.992190,0.000000
random_forest,baseline,acb03904-c452-4325-b015-60dc880ab32e.png,contraction,eligible,,374.602378,362.632391,-11.969988
random_forest,baseline,acb03904-c452-4325-b015-60dc880ab32e.png,expansion,eligible,,374.602378,509.130749,134.528370
random_forest,baseline,acb03904-c452-4325-b015-60dc880ab32e.png,scale_grow,eligible,,374.602378,373.961161,-0.641217
random_forest,baseline,acb03904-c452-4325-b015-60dc880ab32e.png,scale_shrink,eligible,,374.602378,368.634228,-5.968150
random_forest,baseline,acb03904-c452-4325-b015-60dc880ab32e.png,shift_down,rejected,shift_cuts_foreground,374.602378,,
random_forest,baseline,acb03904-c452-4325-b015-60dc880ab32e.png,shift_left,eligible,,374.602378,374.602378,0.000000
random_forest,baseline,acb03904-c452-4325-b015-60dc880ab32e.png,shift_right,rejected,shift_cuts_foreground,374.602378,,
random_forest,baseline,acb03904-c452-4325-b015-60dc880ab32e.png,shift_up,eligible,,374.602378,374.602378,0.000000
random_forest,baseline,ad0f6b05-2695-4836-b1c1-be5bc1fc7739.png,contraction,eligible,,364.923358,313.672134,-51.251224
random_forest,baseline,ad0f6b05-2695-4836-b1c1-be5bc1fc7739.png,expansion,eligible,,364.923358,438.738534,73.815176
random_forest,baseline,ad0f6b05-2695-4836-b1c1-be5bc1fc7739.png,scale_grow,eligible,,364.923358,371.445379,6.522020
random_forest,baseline,ad0f6b05-2695-4836-b1c1-be5bc1fc7739.png,scale_shrink,eligible,,364.923358,352.378895,-12.544463
random_forest,baseline,ad0f6b05-2695-4836-b1c1-be5bc1fc7739.png,shift_down,eligible,,364.923358,364.923358,0.000000
random_forest,baseline,ad0f6b05-2695-4836-b1c1-be5bc1fc7739.png,shift_left,eligible,,364.923358,364.923358,0.000000
random_forest,baseline,ad0f6b05-2695-4836-b1c1-be5bc1fc7739.png,shift_right,eligible,,364.923358,364.923358,0.000000
random_forest,baseline,ad0f6b05-2695-4836-b1c1-be5bc1fc7739.png,shift_up,eligible,,364.923358,364.923358,0.000000
random_forest,baseline,b10b0d02-1031-40c9-bed9-717faaed76ae.png,contraction,eligible,,319.952295,280.720618,-39.231677
random_forest,baseline,b10b0d02-1031-40c9-bed9-717faaed76ae.png,expansion,eligible,,319.952295,394.309656,74.357361
random_forest,baseline,b10b0d02-1031-40c9-bed9-717faaed76ae.png,scale_grow,eligible,,319.952295,326.579319,6.627024
random_forest,baseline,b10b0d02-1031-40c9-bed9-717faaed76ae.png,scale_shrink,eligible,,319.952295,280.335877,-39.616418
random_forest,baseline,b10b0d02-1031-40c9-bed9-717faaed76ae.png,shift_down,eligible,,319.952295,319.952295,0.000000
random_forest,baseline,b10b0d02-1031-40c9-bed9-717faaed76ae.png,shift_left,eligible,,319.952295,319.952295,0.000000
random_forest,baseline,b10b0d02-1031-40c9-bed9-717faaed76ae.png,shift_right,eligible,,319.952295,319.952295,0.000000
random_forest,baseline,b10b0d02-1031-40c9-bed9-717faaed76ae.png,shift_up,eligible,,319.952295,319.952295,0.000000
random_forest,baseline,b3282bf8-424d-48bd-8888-2f6194f5c1db.png,contraction,eligible,,340.192921,350.669360,10.476439
random_forest,baseline,b3282bf8-424d-48bd-8888-2f6194f5c1db.png,expansion,eligible,,340.192921,405.400294,65.207374
random_forest,baseline,b3282bf8-424d-48bd-8888-2f6194f5c1db.png,scale_grow,eligible,,340.192921,341.914271,1.721351
random_forest,baseline,b3282bf8-424d-48bd-8888-2f6194f5c1db.png,scale_shrink,eligible,,340.192921,335.828258,-4.364662
random_forest,baseline,b3282bf8-424d-48bd-8888-2f6194f5c1db.png,shift_down,eligible,,340.192921,340.192921,0.000000
random_forest,baseline,b3282bf8-424d-48bd-8888-2f6194f5c1db.png,shift_left,eligible,,340.192921,340.192921,0.000000
random_forest,baseline,b3282bf8-424d-48bd-8888-2f6194f5c1db.png,shift_right,eligible,,340.192921,340.192921,0.000000
random_forest,baseline,b3282bf8-424d-48bd-8888-2f6194f5c1db.png,shift_up,eligible,,340.192921,340.192921,0.000000
random_forest,baseline,b5a332ae-daef-44fa-a7b3-2774983685c7.png,contraction,eligible,,168.866176,130.482205,-38.383971
random_forest,baseline,b5a332ae-daef-44fa-a7b3-2774983685c7.png,expansion,eligible,,168.866176,176.900219,8.034043
random_forest,baseline,b5a332ae-daef-44fa-a7b3-2774983685c7.png,scale_grow,eligible,,168.866176,166.549020,-2.317156
random_forest,baseline,b5a332ae-daef-44fa-a7b3-2774983685c7.png,scale_shrink,eligible,,168.866176,167.329652,-1.536524
random_forest,baseline,b5a332ae-daef-44fa-a7b3-2774983685c7.png,shift_down,eligible,,168.866176,168.866176,0.000000
random_forest,baseline,b5a332ae-daef-44fa-a7b3-2774983685c7.png,shift_left,eligible,,168.866176,168.866176,0.000000
random_forest,baseline,b5a332ae-daef-44fa-a7b3-2774983685c7.png,shift_right,eligible,,168.866176,168.866176,0.000000
random_forest,baseline,b5a332ae-daef-44fa-a7b3-2774983685c7.png,shift_up,eligible,,168.866176,168.866176,0.000000
random_forest,baseline,b5c829bd-7daa-412b-879a-6a9507a9ff45.png,contraction,eligible,,352.491862,325.313866,-27.177995
random_forest,baseline,b5c829bd-7daa-412b-879a-6a9507a9ff45.png,expansion,eligible,,352.491862,374.764793,22.272931
random_forest,baseline,b5c829bd-7daa-412b-879a-6a9507a9ff45.png,scale_grow,eligible,,352.491862,353.101152,0.609290
random_forest,baseline,b5c829bd-7daa-412b-879a-6a9507a9ff45.png,scale_shrink,eligible,,352.491862,372.391048,19.899186
random_forest,baseline,b5c829bd-7daa-412b-879a-6a9507a9ff45.png,shift_down,eligible,,352.491862,352.491862,0.000000
random_forest,baseline,b5c829bd-7daa-412b-879a-6a9507a9ff45.png,shift_left,eligible,,352.491862,352.491862,0.000000
random_forest,baseline,b5c829bd-7daa-412b-879a-6a9507a9ff45.png,shift_right,eligible,,352.491862,352.491862,0.000000
random_forest,baseline,b5c829bd-7daa-412b-879a-6a9507a9ff45.png,shift_up,eligible,,352.491862,352.491862,0.000000
random_forest,baseline,b6c9cf79-ae76-4df0-be26-c0d2fea79e0d.png,contraction,eligible,,328.705173,315.368220,-13.336953
random_forest,baseline,b6c9cf79-ae76-4df0-be26-c0d2fea79e0d.png,expansion,eligible,,328.705173,424.640012,95.934839
random_forest,baseline,b6c9cf79-ae76-4df0-be26-c0d2fea79e0d.png,scale_grow,eligible,,328.705173,333.292256,4.587083
random_forest,baseline,b6c9cf79-ae76-4df0-be26-c0d2fea79e0d.png,scale_shrink,eligible,,328.705173,336.322935,7.617762
random_forest,baseline,b6c9cf79-ae76-4df0-be26-c0d2fea79e0d.png,shift_down,eligible,,328.705173,328.705173,0.000000
random_forest,baseline,b6c9cf79-ae76-4df0-be26-c0d2fea79e0d.png,shift_left,eligible,,328.705173,328.705173,0.000000
random_forest,baseline,b6c9cf79-ae76-4df0-be26-c0d2fea79e0d.png,shift_right,eligible,,328.705173,328.705173,0.000000
random_forest,baseline,b6c9cf79-ae76-4df0-be26-c0d2fea79e0d.png,shift_up,eligible,,328.705173,328.705173,0.000000
random_forest,baseline,b96f0653-7b5d-4981-8efd-ddb4dc40e0d4.png,contraction,rejected,insufficient_expansion_margin,360.688574,,
random_forest,baseline,b96f0653-7b5d-4981-8efd-ddb4dc40e0d4.png,expansion,rejected,insufficient_expansion_margin,360.688574,,
random_forest,baseline,b96f0653-7b5d-4981-8efd-ddb4dc40e0d4.png,scale_grow,eligible,,360.688574,374.972251,14.283677
random_forest,baseline,b96f0653-7b5d-4981-8efd-ddb4dc40e0d4.png,scale_shrink,eligible,,360.688574,361.231106,0.542533
random_forest,baseline,b96f0653-7b5d-4981-8efd-ddb4dc40e0d4.png,shift_down,rejected,shift_cuts_foreground,360.688574,,
random_forest,baseline,b96f0653-7b5d-4981-8efd-ddb4dc40e0d4.png,shift_left,eligible,,360.688574,360.688574,0.000000
random_forest,baseline,b96f0653-7b5d-4981-8efd-ddb4dc40e0d4.png,shift_right,eligible,,360.688574,360.688574,0.000000
random_forest,baseline,b96f0653-7b5d-4981-8efd-ddb4dc40e0d4.png,shift_up,eligible,,360.688574,360.688574,0.000000
random_forest,baseline,bb519b0b-7dd5-45c7-a658-62acbc2bd737.png,contraction,eligible,,315.651329,281.816515,-33.834814
random_forest,baseline,bb519b0b-7dd5-45c7-a658-62acbc2bd737.png,expansion,eligible,,315.651329,355.112949,39.461620
random_forest,baseline,bb519b0b-7dd5-45c7-a658-62acbc2bd737.png,scale_grow,eligible,,315.651329,313.095316,-2.556012
random_forest,baseline,bb519b0b-7dd5-45c7-a658-62acbc2bd737.png,scale_shrink,eligible,,315.651329,275.784540,-39.866789
random_forest,baseline,bb519b0b-7dd5-45c7-a658-62acbc2bd737.png,shift_down,rejected,shift_cuts_foreground,315.651329,,
random_forest,baseline,bb519b0b-7dd5-45c7-a658-62acbc2bd737.png,shift_left,eligible,,315.651329,315.651329,0.000000
random_forest,baseline,bb519b0b-7dd5-45c7-a658-62acbc2bd737.png,shift_right,eligible,,315.651329,315.651329,0.000000
random_forest,baseline,bb519b0b-7dd5-45c7-a658-62acbc2bd737.png,shift_up,eligible,,315.651329,315.651329,0.000000
random_forest,baseline,bc185085-735b-4237-ae7e-523891ed0cf4.png,contraction,eligible,,324.748504,289.232590,-35.515914
random_forest,baseline,bc185085-735b-4237-ae7e-523891ed0cf4.png,expansion,eligible,,324.748504,385.309989,60.561486
random_forest,baseline,bc185085-735b-4237-ae7e-523891ed0cf4.png,scale_grow,eligible,,324.748504,317.078842,-7.669661
random_forest,baseline,bc185085-735b-4237-ae7e-523891ed0cf4.png,scale_shrink,eligible,,324.748504,323.352792,-1.395712
random_forest,baseline,bc185085-735b-4237-ae7e-523891ed0cf4.png,shift_down,eligible,,324.748504,324.748504,0.000000
random_forest,baseline,bc185085-735b-4237-ae7e-523891ed0cf4.png,shift_left,eligible,,324.748504,324.748504,0.000000
random_forest,baseline,bc185085-735b-4237-ae7e-523891ed0cf4.png,shift_right,eligible,,324.748504,324.748504,0.000000
random_forest,baseline,bc185085-735b-4237-ae7e-523891ed0cf4.png,shift_up,eligible,,324.748504,324.748504,0.000000
random_forest,baseline,c042ea6c-64ee-4f47-82c7-29dfabb4b370.png,contraction,eligible,,167.053798,124.104162,-42.949636
random_forest,baseline,c042ea6c-64ee-4f47-82c7-29dfabb4b370.png,expansion,eligible,,167.053798,174.221098,7.167299
random_forest,baseline,c042ea6c-64ee-4f47-82c7-29dfabb4b370.png,scale_grow,eligible,,167.053798,167.467750,0.413951
random_forest,baseline,c042ea6c-64ee-4f47-82c7-29dfabb4b370.png,scale_shrink,eligible,,167.053798,137.829478,-29.224320
random_forest,baseline,c042ea6c-64ee-4f47-82c7-29dfabb4b370.png,shift_down,eligible,,167.053798,167.053798,0.000000
random_forest,baseline,c042ea6c-64ee-4f47-82c7-29dfabb4b370.png,shift_left,eligible,,167.053798,167.053798,0.000000
random_forest,baseline,c042ea6c-64ee-4f47-82c7-29dfabb4b370.png,shift_right,eligible,,167.053798,167.053798,0.000000
random_forest,baseline,c042ea6c-64ee-4f47-82c7-29dfabb4b370.png,shift_up,eligible,,167.053798,167.053798,0.000000
random_forest,baseline,c0c4a39a-8ad2-4ae0-ba0d-6b8ad8eda517.png,contraction,rejected,contraction_topology_violation,281.002743,,
random_forest,baseline,c0c4a39a-8ad2-4ae0-ba0d-6b8ad8eda517.png,expansion,rejected,contraction_topology_violation,281.002743,,
random_forest,baseline,c0c4a39a-8ad2-4ae0-ba0d-6b8ad8eda517.png,scale_grow,eligible,,281.002743,299.648983,18.646240
random_forest,baseline,c0c4a39a-8ad2-4ae0-ba0d-6b8ad8eda517.png,scale_shrink,eligible,,281.002743,275.982223,-5.020521
random_forest,baseline,c0c4a39a-8ad2-4ae0-ba0d-6b8ad8eda517.png,shift_down,rejected,shift_cuts_foreground,281.002743,,
random_forest,baseline,c0c4a39a-8ad2-4ae0-ba0d-6b8ad8eda517.png,shift_left,eligible,,281.002743,281.002743,0.000000
random_forest,baseline,c0c4a39a-8ad2-4ae0-ba0d-6b8ad8eda517.png,shift_right,eligible,,281.002743,281.002743,0.000000
random_forest,baseline,c0c4a39a-8ad2-4ae0-ba0d-6b8ad8eda517.png,shift_up,eligible,,281.002743,281.002743,0.000000
random_forest,baseline,c1109015-2676-4e45-8a56-a873801c9a8c.png,contraction,eligible,,289.907455,221.927042,-67.980413
random_forest,baseline,c1109015-2676-4e45-8a56-a873801c9a8c.png,expansion,eligible,,289.907455,347.506026,57.598571
random_forest,baseline,c1109015-2676-4e45-8a56-a873801c9a8c.png,scale_grow,eligible,,289.907455,286.581982,-3.325473
random_forest,baseline,c1109015-2676-4e45-8a56-a873801c9a8c.png,scale_shrink,eligible,,289.907455,235.389989,-54.517466
random_forest,baseline,c1109015-2676-4e45-8a56-a873801c9a8c.png,shift_down,eligible,,289.907455,289.907455,0.000000
random_forest,baseline,c1109015-2676-4e45-8a56-a873801c9a8c.png,shift_left,eligible,,289.907455,289.907455,0.000000
random_forest,baseline,c1109015-2676-4e45-8a56-a873801c9a8c.png,shift_right,eligible,,289.907455,289.907455,0.000000
random_forest,baseline,c1109015-2676-4e45-8a56-a873801c9a8c.png,shift_up,eligible,,289.907455,289.907455,0.000000
random_forest,baseline,c8a2f6df-dfee-427b-935c-f8d460dd6d5a.png,contraction,rejected,contraction_topology_violation,97.357192,,
random_forest,baseline,c8a2f6df-dfee-427b-935c-f8d460dd6d5a.png,expansion,rejected,contraction_topology_violation,97.357192,,
random_forest,baseline,c8a2f6df-dfee-427b-935c-f8d460dd6d5a.png,scale_grow,eligible,,97.357192,105.741259,8.384067
random_forest,baseline,c8a2f6df-dfee-427b-935c-f8d460dd6d5a.png,scale_shrink,eligible,,97.357192,92.614970,-4.742222
random_forest,baseline,c8a2f6df-dfee-427b-935c-f8d460dd6d5a.png,shift_down,eligible,,97.357192,97.357192,0.000000
random_forest,baseline,c8a2f6df-dfee-427b-935c-f8d460dd6d5a.png,shift_left,eligible,,97.357192,97.357192,0.000000
random_forest,baseline,c8a2f6df-dfee-427b-935c-f8d460dd6d5a.png,shift_right,eligible,,97.357192,97.357192,0.000000
random_forest,baseline,c8a2f6df-dfee-427b-935c-f8d460dd6d5a.png,shift_up,eligible,,97.357192,97.357192,0.000000
random_forest,baseline,cad50242-7ecb-44de-86f7-908896219dba.png,contraction,eligible,,73.698579,78.128372,4.429793
random_forest,baseline,cad50242-7ecb-44de-86f7-908896219dba.png,expansion,eligible,,73.698579,78.163256,4.464677
random_forest,baseline,cad50242-7ecb-44de-86f7-908896219dba.png,scale_grow,eligible,,73.698579,73.376581,-0.321998
random_forest,baseline,cad50242-7ecb-44de-86f7-908896219dba.png,scale_shrink,eligible,,73.698579,73.336759,-0.361820
random_forest,baseline,cad50242-7ecb-44de-86f7-908896219dba.png,shift_down,eligible,,73.698579,73.698579,0.000000
random_forest,baseline,cad50242-7ecb-44de-86f7-908896219dba.png,shift_left,eligible,,73.698579,73.698579,0.000000
random_forest,baseline,cad50242-7ecb-44de-86f7-908896219dba.png,shift_right,eligible,,73.698579,73.698579,0.000000
random_forest,baseline,cad50242-7ecb-44de-86f7-908896219dba.png,shift_up,eligible,,73.698579,73.698579,0.000000
random_forest,baseline,caf4a07a-50de-457d-bd9a-d095fbd8f1b6.png,contraction,rejected,contraction_topology_violation,108.169244,,
random_forest,baseline,caf4a07a-50de-457d-bd9a-d095fbd8f1b6.png,expansion,rejected,contraction_topology_violation,108.169244,,
random_forest,baseline,caf4a07a-50de-457d-bd9a-d095fbd8f1b6.png,scale_grow,eligible,,108.169244,144.877604,36.708360
random_forest,baseline,caf4a07a-50de-457d-bd9a-d095fbd8f1b6.png,scale_shrink,eligible,,108.169244,97.540729,-10.628515
random_forest,baseline,caf4a07a-50de-457d-bd9a-d095fbd8f1b6.png,shift_down,eligible,,108.169244,108.169244,0.000000
random_forest,baseline,caf4a07a-50de-457d-bd9a-d095fbd8f1b6.png,shift_left,eligible,,108.169244,108.169244,0.000000
random_forest,baseline,caf4a07a-50de-457d-bd9a-d095fbd8f1b6.png,shift_right,eligible,,108.169244,108.169244,0.000000
random_forest,baseline,caf4a07a-50de-457d-bd9a-d095fbd8f1b6.png,shift_up,eligible,,108.169244,108.169244,0.000000
random_forest,baseline,cbda216b-3e9b-482e-95d2-69c114dfc2e6.png,contraction,eligible,,471.398752,323.568430,-147.830322
random_forest,baseline,cbda216b-3e9b-482e-95d2-69c114dfc2e6.png,expansion,eligible,,471.398752,479.525200,8.126448
random_forest,baseline,cbda216b-3e9b-482e-95d2-69c114dfc2e6.png,scale_grow,eligible,,471.398752,467.086464,-4.312288
random_forest,baseline,cbda216b-3e9b-482e-95d2-69c114dfc2e6.png,scale_shrink,eligible,,471.398752,472.287254,0.888502
random_forest,baseline,cbda216b-3e9b-482e-95d2-69c114dfc2e6.png,shift_down,rejected,shift_cuts_foreground,471.398752,,
random_forest,baseline,cbda216b-3e9b-482e-95d2-69c114dfc2e6.png,shift_left,eligible,,471.398752,471.398752,0.000000
random_forest,baseline,cbda216b-3e9b-482e-95d2-69c114dfc2e6.png,shift_right,eligible,,471.398752,471.398752,0.000000
random_forest,baseline,cbda216b-3e9b-482e-95d2-69c114dfc2e6.png,shift_up,eligible,,471.398752,471.398752,0.000000
random_forest,baseline,cc76dba5-6749-465a-baad-1a7a2d9e625a.png,contraction,rejected,expansion_topology_violation,79.076872,,
random_forest,baseline,cc76dba5-6749-465a-baad-1a7a2d9e625a.png,expansion,rejected,expansion_topology_violation,79.076872,,
random_forest,baseline,cc76dba5-6749-465a-baad-1a7a2d9e625a.png,scale_grow,eligible,,79.076872,82.275591,3.198719
random_forest,baseline,cc76dba5-6749-465a-baad-1a7a2d9e625a.png,scale_shrink,eligible,,79.076872,74.756996,-4.319876
random_forest,baseline,cc76dba5-6749-465a-baad-1a7a2d9e625a.png,shift_down,eligible,,79.076872,79.076872,0.000000
random_forest,baseline,cc76dba5-6749-465a-baad-1a7a2d9e625a.png,shift_left,eligible,,79.076872,79.076872,0.000000
random_forest,baseline,cc76dba5-6749-465a-baad-1a7a2d9e625a.png,shift_right,eligible,,79.076872,79.076872,0.000000
random_forest,baseline,cc76dba5-6749-465a-baad-1a7a2d9e625a.png,shift_up,eligible,,79.076872,79.076872,0.000000
random_forest,baseline,cd5c763c-d829-4234-9df3-a7eac7a6cca2.png,contraction,eligible,,132.276802,100.647151,-31.629652
random_forest,baseline,cd5c763c-d829-4234-9df3-a7eac7a6cca2.png,expansion,eligible,,132.276802,173.299566,41.022764
random_forest,baseline,cd5c763c-d829-4234-9df3-a7eac7a6cca2.png,scale_grow,eligible,,132.276802,136.656298,4.379496
random_forest,baseline,cd5c763c-d829-4234-9df3-a7eac7a6cca2.png,scale_shrink,eligible,,132.276802,112.913957,-19.362845
random_forest,baseline,cd5c763c-d829-4234-9df3-a7eac7a6cca2.png,shift_down,eligible,,132.276802,132.276802,0.000000
random_forest,baseline,cd5c763c-d829-4234-9df3-a7eac7a6cca2.png,shift_left,eligible,,132.276802,132.276802,0.000000
random_forest,baseline,cd5c763c-d829-4234-9df3-a7eac7a6cca2.png,shift_right,eligible,,132.276802,132.276802,0.000000
random_forest,baseline,cd5c763c-d829-4234-9df3-a7eac7a6cca2.png,shift_up,eligible,,132.276802,132.276802,0.000000
random_forest,baseline,cecd4cb1-cbbf-4018-94c4-b840918240bd.png,contraction,eligible,,366.308077,331.819904,-34.488173
random_forest,baseline,cecd4cb1-cbbf-4018-94c4-b840918240bd.png,expansion,eligible,,366.308077,409.867095,43.559018
random_forest,baseline,cecd4cb1-cbbf-4018-94c4-b840918240bd.png,scale_grow,eligible,,366.308077,371.105833,4.797756
random_forest,baseline,cecd4cb1-cbbf-4018-94c4-b840918240bd.png,scale_shrink,eligible,,366.308077,344.210515,-22.097561
random_forest,baseline,cecd4cb1-cbbf-4018-94c4-b840918240bd.png,shift_down,eligible,,366.308077,366.308077,0.000000
random_forest,baseline,cecd4cb1-cbbf-4018-94c4-b840918240bd.png,shift_left,eligible,,366.308077,366.308077,0.000000
random_forest,baseline,cecd4cb1-cbbf-4018-94c4-b840918240bd.png,shift_right,eligible,,366.308077,366.308077,0.000000
random_forest,baseline,cecd4cb1-cbbf-4018-94c4-b840918240bd.png,shift_up,eligible,,366.308077,366.308077,0.000000
random_forest,baseline,d1b6ac73-d17e-48f7-aff6-600ce98e1989.png,contraction,eligible,,312.360810,193.188585,-119.172224
random_forest,baseline,d1b6ac73-d17e-48f7-aff6-600ce98e1989.png,expansion,eligible,,312.360810,430.577257,118.216447
random_forest,baseline,d1b6ac73-d17e-48f7-aff6-600ce98e1989.png,scale_grow,eligible,,312.360810,332.470953,20.110143
random_forest,baseline,d1b6ac73-d17e-48f7-aff6-600ce98e1989.png,scale_shrink,eligible,,312.360810,236.221035,-76.139775
random_forest,baseline,d1b6ac73-d17e-48f7-aff6-600ce98e1989.png,shift_down,eligible,,312.360810,312.360810,0.000000
random_forest,baseline,d1b6ac73-d17e-48f7-aff6-600ce98e1989.png,shift_left,eligible,,312.360810,312.360810,0.000000
random_forest,baseline,d1b6ac73-d17e-48f7-aff6-600ce98e1989.png,shift_right,eligible,,312.360810,312.360810,0.000000
random_forest,baseline,d1b6ac73-d17e-48f7-aff6-600ce98e1989.png,shift_up,eligible,,312.360810,312.360810,0.000000
random_forest,baseline,d2d39358-ef20-4013-aced-9caa7ebae255.png,contraction,rejected,contraction_topology_violation,77.577483,,
random_forest,baseline,d2d39358-ef20-4013-aced-9caa7ebae255.png,expansion,rejected,contraction_topology_violation,77.577483,,
random_forest,baseline,d2d39358-ef20-4013-aced-9caa7ebae255.png,scale_grow,eligible,,77.577483,78.055557,0.478074
random_forest,baseline,d2d39358-ef20-4013-aced-9caa7ebae255.png,scale_shrink,eligible,,77.577483,76.354231,-1.223252
random_forest,baseline,d2d39358-ef20-4013-aced-9caa7ebae255.png,shift_down,eligible,,77.577483,77.577483,0.000000
random_forest,baseline,d2d39358-ef20-4013-aced-9caa7ebae255.png,shift_left,eligible,,77.577483,77.577483,0.000000
random_forest,baseline,d2d39358-ef20-4013-aced-9caa7ebae255.png,shift_right,eligible,,77.577483,77.577483,0.000000
random_forest,baseline,d2d39358-ef20-4013-aced-9caa7ebae255.png,shift_up,eligible,,77.577483,77.577483,0.000000
random_forest,baseline,d4dd40e9-a257-40b2-be37-04c011f0e67f.png,contraction,eligible,,101.841697,98.903661,-2.938036
random_forest,baseline,d4dd40e9-a257-40b2-be37-04c011f0e67f.png,expansion,eligible,,101.841697,101.113163,-0.728533
random_forest,baseline,d4dd40e9-a257-40b2-be37-04c011f0e67f.png,scale_grow,eligible,,101.841697,101.923697,0.082000
random_forest,baseline,d4dd40e9-a257-40b2-be37-04c011f0e67f.png,scale_shrink,eligible,,101.841697,101.841697,0.000000
random_forest,baseline,d4dd40e9-a257-40b2-be37-04c011f0e67f.png,shift_down,eligible,,101.841697,101.841697,0.000000
random_forest,baseline,d4dd40e9-a257-40b2-be37-04c011f0e67f.png,shift_left,eligible,,101.841697,101.841697,0.000000
random_forest,baseline,d4dd40e9-a257-40b2-be37-04c011f0e67f.png,shift_right,eligible,,101.841697,101.841697,0.000000
random_forest,baseline,d4dd40e9-a257-40b2-be37-04c011f0e67f.png,shift_up,eligible,,101.841697,101.841697,0.000000
random_forest,baseline,d5cb9f9d-9eea-49a3-a4f8-25cb8f85bf3f.png,contraction,rejected,contraction_topology_violation,313.589796,,
random_forest,baseline,d5cb9f9d-9eea-49a3-a4f8-25cb8f85bf3f.png,expansion,rejected,contraction_topology_violation,313.589796,,
random_forest,baseline,d5cb9f9d-9eea-49a3-a4f8-25cb8f85bf3f.png,scale_grow,eligible,,313.589796,309.763394,-3.826402
random_forest,baseline,d5cb9f9d-9eea-49a3-a4f8-25cb8f85bf3f.png,scale_shrink,eligible,,313.589796,283.221328,-30.368468
random_forest,baseline,d5cb9f9d-9eea-49a3-a4f8-25cb8f85bf3f.png,shift_down,eligible,,313.589796,313.589796,0.000000
random_forest,baseline,d5cb9f9d-9eea-49a3-a4f8-25cb8f85bf3f.png,shift_left,eligible,,313.589796,313.589796,0.000000
random_forest,baseline,d5cb9f9d-9eea-49a3-a4f8-25cb8f85bf3f.png,shift_right,eligible,,313.589796,313.589796,0.000000
random_forest,baseline,d5cb9f9d-9eea-49a3-a4f8-25cb8f85bf3f.png,shift_up,eligible,,313.589796,313.589796,0.000000
random_forest,baseline,d68e75fb-36b2-4c74-b276-b3a54ca35f94.png,contraction,eligible,,342.819100,223.015006,-119.804093
random_forest,baseline,d68e75fb-36b2-4c74-b276-b3a54ca35f94.png,expansion,eligible,,342.819100,422.641491,79.822391
random_forest,baseline,d68e75fb-36b2-4c74-b276-b3a54ca35f94.png,scale_grow,eligible,,342.819100,338.482228,-4.336871
random_forest,baseline,d68e75fb-36b2-4c74-b276-b3a54ca35f94.png,scale_shrink,eligible,,342.819100,294.569366,-48.249734
random_forest,baseline,d68e75fb-36b2-4c74-b276-b3a54ca35f94.png,shift_down,eligible,,342.819100,342.819100,0.000000
random_forest,baseline,d68e75fb-36b2-4c74-b276-b3a54ca35f94.png,shift_left,eligible,,342.819100,342.819100,0.000000
random_forest,baseline,d68e75fb-36b2-4c74-b276-b3a54ca35f94.png,shift_right,eligible,,342.819100,342.819100,0.000000
random_forest,baseline,d68e75fb-36b2-4c74-b276-b3a54ca35f94.png,shift_up,eligible,,342.819100,342.819100,0.000000
random_forest,baseline,d7c2b5cb-3a6e-44a3-bbe6-a330fb520783.png,contraction,eligible,,124.540482,96.216695,-28.323788
random_forest,baseline,d7c2b5cb-3a6e-44a3-bbe6-a330fb520783.png,expansion,eligible,,124.540482,152.866608,28.326126
random_forest,baseline,d7c2b5cb-3a6e-44a3-bbe6-a330fb520783.png,scale_grow,eligible,,124.540482,152.155860,27.615377
random_forest,baseline,d7c2b5cb-3a6e-44a3-bbe6-a330fb520783.png,scale_shrink,eligible,,124.540482,103.159848,-21.380634
random_forest,baseline,d7c2b5cb-3a6e-44a3-bbe6-a330fb520783.png,shift_down,eligible,,124.540482,124.540482,0.000000
random_forest,baseline,d7c2b5cb-3a6e-44a3-bbe6-a330fb520783.png,shift_left,eligible,,124.540482,124.540482,0.000000
random_forest,baseline,d7c2b5cb-3a6e-44a3-bbe6-a330fb520783.png,shift_right,eligible,,124.540482,124.540482,0.000000
random_forest,baseline,d7c2b5cb-3a6e-44a3-bbe6-a330fb520783.png,shift_up,eligible,,124.540482,124.540482,0.000000
random_forest,baseline,d9d10b66-99a2-4294-8441-070ac5e36180.png,contraction,rejected,contraction_topology_violation,310.266273,,
random_forest,baseline,d9d10b66-99a2-4294-8441-070ac5e36180.png,expansion,rejected,contraction_topology_violation,310.266273,,
random_forest,baseline,d9d10b66-99a2-4294-8441-070ac5e36180.png,scale_grow,eligible,,310.266273,318.695941,8.429669
random_forest,baseline,d9d10b66-99a2-4294-8441-070ac5e36180.png,scale_shrink,eligible,,310.266273,307.509875,-2.756397
random_forest,baseline,d9d10b66-99a2-4294-8441-070ac5e36180.png,shift_down,eligible,,310.266273,310.266273,0.000000
random_forest,baseline,d9d10b66-99a2-4294-8441-070ac5e36180.png,shift_left,eligible,,310.266273,310.266273,0.000000
random_forest,baseline,d9d10b66-99a2-4294-8441-070ac5e36180.png,shift_right,eligible,,310.266273,310.266273,0.000000
random_forest,baseline,d9d10b66-99a2-4294-8441-070ac5e36180.png,shift_up,eligible,,310.266273,310.266273,0.000000
random_forest,baseline,da449364-83c9-485e-85b8-07295c431701.png,contraction,eligible,,90.760992,86.620881,-4.140112
random_forest,baseline,da449364-83c9-485e-85b8-07295c431701.png,expansion,eligible,,90.760992,141.354332,50.593340
random_forest,baseline,da449364-83c9-485e-85b8-07295c431701.png,scale_grow,eligible,,90.760992,112.325811,21.564818
random_forest,baseline,da449364-83c9-485e-85b8-07295c431701.png,scale_shrink,eligible,,90.760992,89.062437,-1.698555
random_forest,baseline,da449364-83c9-485e-85b8-07295c431701.png,shift_down,eligible,,90.760992,90.760992,0.000000
random_forest,baseline,da449364-83c9-485e-85b8-07295c431701.png,shift_left,eligible,,90.760992,90.760992,0.000000
random_forest,baseline,da449364-83c9-485e-85b8-07295c431701.png,shift_right,eligible,,90.760992,90.760992,0.000000
random_forest,baseline,da449364-83c9-485e-85b8-07295c431701.png,shift_up,eligible,,90.760992,90.760992,0.000000
random_forest,baseline,da9ce291-91f3-4054-86bf-26cf67969478.png,contraction,rejected,contraction_topology_violation,327.454108,,
random_forest,baseline,da9ce291-91f3-4054-86bf-26cf67969478.png,expansion,rejected,contraction_topology_violation,327.454108,,
random_forest,baseline,da9ce291-91f3-4054-86bf-26cf67969478.png,scale_grow,eligible,,327.454108,331.535874,4.081766
random_forest,baseline,da9ce291-91f3-4054-86bf-26cf67969478.png,scale_shrink,eligible,,327.454108,335.462164,8.008056
random_forest,baseline,da9ce291-91f3-4054-86bf-26cf67969478.png,shift_down,eligible,,327.454108,327.454108,0.000000
random_forest,baseline,da9ce291-91f3-4054-86bf-26cf67969478.png,shift_left,eligible,,327.454108,327.454108,0.000000
random_forest,baseline,da9ce291-91f3-4054-86bf-26cf67969478.png,shift_right,eligible,,327.454108,327.454108,0.000000
random_forest,baseline,da9ce291-91f3-4054-86bf-26cf67969478.png,shift_up,eligible,,327.454108,327.454108,0.000000
random_forest,baseline,dc00f939-0603-4243-bb4d-64e3de37324d.png,contraction,eligible,,473.412171,415.144515,-58.267656
random_forest,baseline,dc00f939-0603-4243-bb4d-64e3de37324d.png,expansion,eligible,,473.412171,462.814668,-10.597502
random_forest,baseline,dc00f939-0603-4243-bb4d-64e3de37324d.png,scale_grow,eligible,,473.412171,464.711081,-8.701090
random_forest,baseline,dc00f939-0603-4243-bb4d-64e3de37324d.png,scale_shrink,eligible,,473.412171,494.852800,21.440629
random_forest,baseline,dc00f939-0603-4243-bb4d-64e3de37324d.png,shift_down,eligible,,473.412171,473.412171,0.000000
random_forest,baseline,dc00f939-0603-4243-bb4d-64e3de37324d.png,shift_left,eligible,,473.412171,473.412171,0.000000
random_forest,baseline,dc00f939-0603-4243-bb4d-64e3de37324d.png,shift_right,eligible,,473.412171,473.412171,0.000000
random_forest,baseline,dc00f939-0603-4243-bb4d-64e3de37324d.png,shift_up,eligible,,473.412171,473.412171,0.000000
random_forest,baseline,dcb3a85d-28b5-46db-aade-85a77d19106f.png,contraction,rejected,contraction_topology_violation,148.777602,,
random_forest,baseline,dcb3a85d-28b5-46db-aade-85a77d19106f.png,expansion,rejected,contraction_topology_violation,148.777602,,
random_forest,baseline,dcb3a85d-28b5-46db-aade-85a77d19106f.png,scale_grow,eligible,,148.777602,153.895321,5.117720
random_forest,baseline,dcb3a85d-28b5-46db-aade-85a77d19106f.png,scale_shrink,eligible,,148.777602,153.487849,4.710248
random_forest,baseline,dcb3a85d-28b5-46db-aade-85a77d19106f.png,shift_down,rejected,shift_cuts_foreground,148.777602,,
random_forest,baseline,dcb3a85d-28b5-46db-aade-85a77d19106f.png,shift_left,eligible,,148.777602,148.777602,0.000000
random_forest,baseline,dcb3a85d-28b5-46db-aade-85a77d19106f.png,shift_right,eligible,,148.777602,148.777602,0.000000
random_forest,baseline,dcb3a85d-28b5-46db-aade-85a77d19106f.png,shift_up,eligible,,148.777602,148.777602,0.000000
random_forest,baseline,e11ddba4-ecdc-4d65-a9a9-9f7ee0ade27e.png,contraction,eligible,,358.739310,244.214163,-114.525148
random_forest,baseline,e11ddba4-ecdc-4d65-a9a9-9f7ee0ade27e.png,expansion,eligible,,358.739310,430.581704,71.842394
random_forest,baseline,e11ddba4-ecdc-4d65-a9a9-9f7ee0ade27e.png,scale_grow,eligible,,358.739310,367.266272,8.526962
random_forest,baseline,e11ddba4-ecdc-4d65-a9a9-9f7ee0ade27e.png,scale_shrink,eligible,,358.739310,344.027290,-14.712021
random_forest,baseline,e11ddba4-ecdc-4d65-a9a9-9f7ee0ade27e.png,shift_down,eligible,,358.739310,358.739310,0.000000
random_forest,baseline,e11ddba4-ecdc-4d65-a9a9-9f7ee0ade27e.png,shift_left,eligible,,358.739310,358.739310,0.000000
random_forest,baseline,e11ddba4-ecdc-4d65-a9a9-9f7ee0ade27e.png,shift_right,eligible,,358.739310,358.739310,0.000000
random_forest,baseline,e11ddba4-ecdc-4d65-a9a9-9f7ee0ade27e.png,shift_up,eligible,,358.739310,358.739310,0.000000
random_forest,baseline,f6450174-b86e-4c9a-8707-c3781b75016d.png,contraction,rejected,contraction_topology_violation,306.764330,,
random_forest,baseline,f6450174-b86e-4c9a-8707-c3781b75016d.png,expansion,rejected,contraction_topology_violation,306.764330,,
random_forest,baseline,f6450174-b86e-4c9a-8707-c3781b75016d.png,scale_grow,eligible,,306.764330,310.482239,3.717909
random_forest,baseline,f6450174-b86e-4c9a-8707-c3781b75016d.png,scale_shrink,eligible,,306.764330,311.261547,4.497217
random_forest,baseline,f6450174-b86e-4c9a-8707-c3781b75016d.png,shift_down,eligible,,306.764330,306.764330,0.000000
random_forest,baseline,f6450174-b86e-4c9a-8707-c3781b75016d.png,shift_left,eligible,,306.764330,306.764330,0.000000
random_forest,baseline,f6450174-b86e-4c9a-8707-c3781b75016d.png,shift_right,eligible,,306.764330,306.764330,0.000000
random_forest,baseline,f6450174-b86e-4c9a-8707-c3781b75016d.png,shift_up,eligible,,306.764330,306.764330,0.000000
random_forest,baseline,f7071e9b-b2ef-4034-87c4-28a84ec7c1ed.png,contraction,eligible,,367.491853,348.857594,-18.634259
random_forest,baseline,f7071e9b-b2ef-4034-87c4-28a84ec7c1ed.png,expansion,eligible,,367.491853,398.176491,30.684638
random_forest,baseline,f7071e9b-b2ef-4034-87c4-28a84ec7c1ed.png,scale_grow,eligible,,367.491853,360.768768,-6.723086
random_forest,baseline,f7071e9b-b2ef-4034-87c4-28a84ec7c1ed.png,scale_shrink,eligible,,367.491853,373.351078,5.859224
random_forest,baseline,f7071e9b-b2ef-4034-87c4-28a84ec7c1ed.png,shift_down,rejected,shift_cuts_foreground,367.491853,,
random_forest,baseline,f7071e9b-b2ef-4034-87c4-28a84ec7c1ed.png,shift_left,eligible,,367.491853,367.491853,0.000000
random_forest,baseline,f7071e9b-b2ef-4034-87c4-28a84ec7c1ed.png,shift_right,eligible,,367.491853,367.491853,0.000000
random_forest,baseline,f7071e9b-b2ef-4034-87c4-28a84ec7c1ed.png,shift_up,eligible,,367.491853,367.491853,0.000000
random_forest,baseline,fa0afb1a-a9d3-42ff-af2f-bf30c32b5fe3.png,contraction,eligible,,345.588215,311.718151,-33.870064
random_forest,baseline,fa0afb1a-a9d3-42ff-af2f-bf30c32b5fe3.png,expansion,eligible,,345.588215,412.469102,66.880887
random_forest,baseline,fa0afb1a-a9d3-42ff-af2f-bf30c32b5fe3.png,scale_grow,eligible,,345.588215,357.238608,11.650394
random_forest,baseline,fa0afb1a-a9d3-42ff-af2f-bf30c32b5fe3.png,scale_shrink,eligible,,345.588215,321.189925,-24.398289
random_forest,baseline,fa0afb1a-a9d3-42ff-af2f-bf30c32b5fe3.png,shift_down,eligible,,345.588215,345.588215,0.000000
random_forest,baseline,fa0afb1a-a9d3-42ff-af2f-bf30c32b5fe3.png,shift_left,eligible,,345.588215,345.588215,0.000000
random_forest,baseline,fa0afb1a-a9d3-42ff-af2f-bf30c32b5fe3.png,shift_right,eligible,,345.588215,345.588215,0.000000
random_forest,baseline,fa0afb1a-a9d3-42ff-af2f-bf30c32b5fe3.png,shift_up,eligible,,345.588215,345.588215,0.000000
random_forest,baseline,fe0de2c9-1b5d-4b80-993f-d010d630ea05.png,contraction,eligible,,466.405452,299.450973,-166.954480
random_forest,baseline,fe0de2c9-1b5d-4b80-993f-d010d630ea05.png,expansion,eligible,,466.405452,470.883634,4.478182
random_forest,baseline,fe0de2c9-1b5d-4b80-993f-d010d630ea05.png,scale_grow,eligible,,466.405452,494.319384,27.913932
random_forest,baseline,fe0de2c9-1b5d-4b80-993f-d010d630ea05.png,scale_shrink,eligible,,466.405452,456.297604,-10.107848
random_forest,baseline,fe0de2c9-1b5d-4b80-993f-d010d630ea05.png,shift_down,eligible,,466.405452,466.405452,0.000000
random_forest,baseline,fe0de2c9-1b5d-4b80-993f-d010d630ea05.png,shift_left,eligible,,466.405452,466.405452,0.000000
random_forest,baseline,fe0de2c9-1b5d-4b80-993f-d010d630ea05.png,shift_right,eligible,,466.405452,466.405452,0.000000
random_forest,baseline,fe0de2c9-1b5d-4b80-993f-d010d630ea05.png,shift_up,eligible,,466.405452,466.405452,0.000000
random_forest,baseline,ff5a5ae3-6afe-496c-853e-97c02c50f3c5.png,contraction,eligible,,352.001086,314.166010,-37.835077
random_forest,baseline,ff5a5ae3-6afe-496c-853e-97c02c50f3c5.png,expansion,eligible,,352.001086,436.195217,84.194130
random_forest,baseline,ff5a5ae3-6afe-496c-853e-97c02c50f3c5.png,scale_grow,eligible,,352.001086,347.465874,-4.535213
random_forest,baseline,ff5a5ae3-6afe-496c-853e-97c02c50f3c5.png,scale_shrink,eligible,,352.001086,349.470804,-2.530283
random_forest,baseline,ff5a5ae3-6afe-496c-853e-97c02c50f3c5.png,shift_down,eligible,,352.001086,352.001086,0.000000
random_forest,baseline,ff5a5ae3-6afe-496c-853e-97c02c50f3c5.png,shift_left,eligible,,352.001086,352.001086,0.000000
random_forest,baseline,ff5a5ae3-6afe-496c-853e-97c02c50f3c5.png,shift_right,eligible,,352.001086,352.001086,0.000000
random_forest,baseline,ff5a5ae3-6afe-496c-853e-97c02c50f3c5.png,shift_up,eligible,,352.001086,352.001086,0.000000
