experiment,baseline,target,scope,fold,repetition,permutation_seed,n,reference_mae_kg,result_mae_kg,delta_mae_kg,effect
isolated,dense,area,fold,1,,,27,,73.513585,,
isolated,dense,area,fold,2,,,27,,51.270370,,
isolated,dense,area,fold,3,,,26,,73.473525,,
isolated,dense,area,fold,4,,,26,,65.845756,,
isolated,dense,area,fold,5,,,26,,80.514503,,
isolated,dense,area,oof,,,,132,,68.824585,,
isolated,dense,area_major_axis_product,fold,1,,,27,,73.781746,,
isolated,dense,area_major_axis_product,fold,2,,,27,,58.549560,,
isolated,dense,area_major_axis_product,fold,3,,,26,,61.351542,,
isolated,dense,area_major_axis_product,fold,4,,,26,,63.914699,,
isolated,dense,area_major_axis_product,fold,5,,,26,,81.411197,,
isolated,dense,area_major_axis_product,oof,,,,132,,67.776960,,
isolated,dense,area_power_1_5,fold,1,,,27,,74.906233,,
isolated,dense,area_power_1_5,fold,2,,,27,,52.878879,,
isolated,dense,area_power_1_5,fold,3,,,26,,62.581521,,
isolated,dense,area_power_1_5,fold,4,,,26,,69.672152,,
isolated,dense,area_power_1_5,fold,5,,,26,,81.985226,,
isolated,dense,area_power_1_5,oof,,,,132,,68.336435,,
isolated,dense,aspect_ratio,fold,1,,,27,,86.857208,,
isolated,dense,aspect_ratio,fold,2,,,27,,100.072853,,
isolated,dense,aspect_ratio,fold,3,,,26,,100.836012,,
isolated,dense,aspect_ratio,fold,4,,,26,,146.348532,,
isolated,dense,aspect_ratio,fold,5,,,26,,95.515339,,
isolated,dense,aspect_ratio,oof,,,,132,,105.737187,,
isolated,dense,bbox_area,fold,1,,,27,,64.340540,,
isolated,dense,bbox_area,fold,2,,,27,,59.919185,,
isolated,dense,bbox_area,fold,3,,,26,,58.921491,,
isolated,dense,bbox_area,fold,4,,,26,,75.731842,,
isolated,dense,bbox_area,fold,5,,,26,,84.414299,,
isolated,dense,bbox_area,oof,,,,132,,68.566447,,
isolated,dense,bbox_height,fold,1,,,27,,67.906539,,
isolated,dense,bbox_height,fold,2,,,27,,65.659593,,
isolated,dense,bbox_height,fold,3,,,26,,71.680550,,
isolated,dense,bbox_height,fold,4,,,26,,77.903980,,
isolated,dense,bbox_height,fold,5,,,26,,91.060051,,
isolated,dense,bbox_height,oof,,,,132,,74.720035,,
isolated,dense,bbox_width,fold,1,,,27,,62.834510,,
isolated,dense,bbox_width,fold,2,,,27,,61.391280,,
isolated,dense,bbox_width,fold,3,,,26,,62.030894,,
isolated,dense,bbox_width,fold,4,,,26,,100.139817,,
isolated,dense,bbox_width,fold,5,,,26,,74.493954,,
isolated,dense,bbox_width,oof,,,,132,,72.025588,,
isolated,dense,center_to_end_occupancy_ratio,fold,1,,,27,,145.843964,,
isolated,dense,center_to_end_occupancy_ratio,fold,2,,,27,,138.523659,,
isolated,dense,center_to_end_occupancy_ratio,fold,3,,,26,,125.653929,,
isolated,dense,center_to_end_occupancy_ratio,fold,4,,,26,,129.266797,,
isolated,dense,center_to_end_occupancy_ratio,fold,5,,,26,,119.631773,,
isolated,dense,center_to_end_occupancy_ratio,oof,,,,132,,131.941597,,
isolated,dense,center_vertical_occupancy,fold,1,,,27,,69.979496,,
isolated,dense,center_vertical_occupancy,fold,2,,,27,,72.630105,,
isolated,dense,center_vertical_occupancy,fold,3,,,26,,69.608163,,
isolated,dense,center_vertical_occupancy,fold,4,,,26,,72.342618,,
isolated,dense,center_vertical_occupancy,fold,5,,,26,,88.790639,,
isolated,dense,center_vertical_occupancy,oof,,,,132,,74.619213,,
isolated,dense,centroid_x_offset,fold,1,,,27,,124.349473,,
isolated,dense,centroid_x_offset,fold,2,,,27,,126.797843,,
isolated,dense,centroid_x_offset,fold,3,,,26,,121.134333,,
isolated,dense,centroid_x_offset,fold,4,,,26,,112.329800,,
isolated,dense,centroid_x_offset,fold,5,,,26,,113.981347,,
isolated,dense,centroid_x_offset,oof,,,,132,,119.807273,,
isolated,dense,centroid_y_ratio,fold,1,,,27,,125.396557,,
isolated,dense,centroid_y_ratio,fold,2,,,27,,121.446378,,
isolated,dense,centroid_y_ratio,fold,3,,,26,,132.531045,,
isolated,dense,centroid_y_ratio,fold,4,,,26,,116.389278,,
isolated,dense,centroid_y_ratio,fold,5,,,26,,118.230231,,
isolated,dense,centroid_y_ratio,oof,,,,132,,122.808134,,
isolated,dense,circularity,fold,1,,,27,,125.564872,,
isolated,dense,circularity,fold,2,,,27,,113.765673,,
isolated,dense,circularity,fold,3,,,26,,113.348745,,
isolated,dense,circularity,fold,4,,,26,,107.316104,,
isolated,dense,circularity,fold,5,,,26,,126.978996,,
isolated,dense,circularity,oof,,,,132,,117.429278,,
isolated,dense,convex_area,fold,1,,,27,,72.839473,,
isolated,dense,convex_area,fold,2,,,27,,55.680177,,
isolated,dense,convex_area,fold,3,,,26,,69.088392,,
isolated,dense,convex_area,fold,4,,,26,,72.687511,,
isolated,dense,convex_area,fold,5,,,26,,80.053774,,
isolated,dense,convex_area,oof,,,,132,,69.981834,,
isolated,dense,convexity,fold,1,,,27,,126.073549,,
isolated,dense,convexity,fold,2,,,27,,122.881583,,
isolated,dense,convexity,fold,3,,,26,,122.105849,,
isolated,dense,convexity,fold,4,,,26,,121.968604,,
isolated,dense,convexity,fold,5,,,26,,122.389445,,
isolated,dense,convexity,oof,,,,132,,123.104924,,
isolated,dense,end_vertical_occupancy_max,fold,1,,,27,,77.928623,,
isolated,dense,end_vertical_occupancy_max,fold,2,,,27,,59.196669,,
isolated,dense,end_vertical_occupancy_max,fold,3,,,26,,73.006126,,
isolated,dense,end_vertical_occupancy_max,fold,4,,,26,,76.505949,,
isolated,dense,end_vertical_occupancy_max,fold,5,,,26,,81.716488,,
isolated,dense,end_vertical_occupancy_max,oof,,,,132,,73.593375,,
isolated,dense,end_vertical_occupancy_min,fold,1,,,27,,82.334112,,
isolated,dense,end_vertical_occupancy_min,fold,2,,,27,,78.363520,,
isolated,dense,end_vertical_occupancy_min,fold,3,,,26,,87.883166,,
isolated,dense,end_vertical_occupancy_min,fold,4,,,26,,91.627764,,
isolated,dense,end_vertical_occupancy_min,fold,5,,,26,,93.844285,,
isolated,dense,end_vertical_occupancy_min,oof,,,,132,,86.712664,,
isolated,dense,equivalent_diameter,fold,1,,,27,,72.677710,,
isolated,dense,equivalent_diameter,fold,2,,,27,,52.880203,,
isolated,dense,equivalent_diameter,fold,3,,,26,,66.856444,,
isolated,dense,equivalent_diameter,fold,4,,,26,,70.534022,,
isolated,dense,equivalent_diameter,fold,5,,,26,,81.032422,,
isolated,dense,equivalent_diameter,oof,,,,132,,68.704990,,
isolated,dense,extent,fold,1,,,27,,123.378019,,
isolated,dense,extent,fold,2,,,27,,101.573178,,
isolated,dense,extent,fold,3,,,26,,107.806672,,
isolated,dense,extent,fold,4,,,26,,88.492130,,
isolated,dense,extent,fold,5,,,26,,97.608119,,
isolated,dense,extent,oof,,,,132,,103.903502,,
isolated,dense,feret_diameter,fold,1,,,27,,62.276867,,
isolated,dense,feret_diameter,fold,2,,,27,,61.859361,,
isolated,dense,feret_diameter,fold,3,,,26,,78.027412,,
isolated,dense,feret_diameter,fold,4,,,26,,92.666323,,
isolated,dense,feret_diameter,fold,5,,,26,,75.387607,,
isolated,dense,feret_diameter,oof,,,,132,,73.862068,,
isolated,dense,hu_moment_1,fold,1,,,27,,127.008900,,
isolated,dense,hu_moment_1,fold,2,,,27,,123.793542,,
isolated,dense,hu_moment_1,fold,3,,,26,,121.544771,,
isolated,dense,hu_moment_1,fold,4,,,26,,108.194271,,
isolated,dense,hu_moment_1,fold,5,,,26,,113.744125,,
isolated,dense,hu_moment_1,oof,,,,132,,118.956275,,
isolated,dense,hu_moment_2,fold,1,,,27,,102.967976,,
isolated,dense,hu_moment_2,fold,2,,,27,,107.415637,,
isolated,dense,hu_moment_2,fold,3,,,26,,109.399662,,
isolated,dense,hu_moment_2,fold,4,,,26,,117.557000,,
isolated,dense,hu_moment_2,fold,5,,,26,,104.581741,,
isolated,dense,hu_moment_2,oof,,,,132,,108.336030,,
isolated,dense,major_axis_length,fold,1,,,27,,72.669474,,
isolated,dense,major_axis_length,fold,2,,,27,,59.690664,,
isolated,dense,major_axis_length,fold,3,,,26,,64.485295,,
isolated,dense,major_axis_length,fold,4,,,26,,76.369026,,
isolated,dense,major_axis_length,fold,5,,,26,,73.933896,,
isolated,dense,major_axis_length,oof,,,,132,,69.380435,,
isolated,dense,minor_axis_length,fold,1,,,27,,68.239801,,
isolated,dense,minor_axis_length,fold,2,,,27,,72.836139,,
isolated,dense,minor_axis_length,fold,3,,,26,,64.279284,,
isolated,dense,minor_axis_length,fold,4,,,26,,72.256207,,
isolated,dense,minor_axis_length,fold,5,,,26,,92.724228,,
isolated,dense,minor_axis_length,oof,,,,132,,74.013660,,
isolated,dense,perimeter,fold,1,,,27,,68.739584,,
isolated,dense,perimeter,fold,2,,,27,,53.572805,,
isolated,dense,perimeter,fold,3,,,26,,78.256400,,
isolated,dense,perimeter,fold,4,,,26,,77.173931,,
isolated,dense,perimeter,fold,5,,,26,,94.503177,,
isolated,dense,perimeter,oof,,,,132,,74.247770,,
isolated,dense,roundness,fold,1,,,27,,114.355103,,
isolated,dense,roundness,fold,2,,,27,,120.504096,,
isolated,dense,roundness,fold,3,,,26,,118.601878,,
isolated,dense,roundness,fold,4,,,26,,109.153370,,
isolated,dense,roundness,fold,5,,,26,,109.922775,,
isolated,dense,roundness,oof,,,,132,,114.551720,,
isolated,dense,solidity,fold,1,,,27,,103.362887,,
isolated,dense,solidity,fold,2,,,27,,102.650159,,
isolated,dense,solidity,fold,3,,,26,,97.039464,,
isolated,dense,solidity,fold,4,,,26,,109.058165,,
isolated,dense,solidity,fold,5,,,26,,112.488739,,
isolated,dense,solidity,oof,,,,132,,104.890893,,
isolated,random_forest,area,fold,1,,,27,,57.428873,,
isolated,random_forest,area,fold,2,,,27,,65.144223,,
isolated,random_forest,area,fold,3,,,26,,61.625988,,
isolated,random_forest,area,fold,4,,,26,,61.863343,,
isolated,random_forest,area,fold,5,,,26,,84.325037,,
isolated,random_forest,area,oof,,,,132,,66.004903,,
isolated,random_forest,area_major_axis_product,fold,1,,,27,,57.499320,,
isolated,random_forest,area_major_axis_product,fold,2,,,27,,62.502154,,
isolated,random_forest,area_major_axis_product,fold,3,,,26,,54.704497,,
isolated,random_forest,area_major_axis_product,fold,4,,,26,,65.707233,,
isolated,random_forest,area_major_axis_product,fold,5,,,26,,78.214668,,
isolated,random_forest,area_major_axis_product,oof,,,,132,,63.669138,,
isolated,random_forest,area_power_1_5,fold,1,,,27,,57.413854,,
isolated,random_forest,area_power_1_5,fold,2,,,27,,65.149088,,
isolated,random_forest,area_power_1_5,fold,3,,,26,,61.565899,,
isolated,random_forest,area_power_1_5,fold,4,,,26,,61.861515,,
isolated,random_forest,area_power_1_5,fold,5,,,26,,84.313331,,
isolated,random_forest,area_power_1_5,oof,,,,132,,65.988324,,
isolated,random_forest,aspect_ratio,fold,1,,,27,,86.240828,,
isolated,random_forest,aspect_ratio,fold,2,,,27,,86.726282,,
isolated,random_forest,aspect_ratio,fold,3,,,26,,95.774994,,
isolated,random_forest,aspect_ratio,fold,4,,,26,,106.193575,,
isolated,random_forest,aspect_ratio,fold,5,,,26,,95.932347,,
isolated,random_forest,aspect_ratio,oof,,,,132,,94.057089,,
isolated,random_forest,bbox_area,fold,1,,,27,,62.112594,,
isolated,random_forest,bbox_area,fold,2,,,27,,83.233646,,
isolated,random_forest,bbox_area,fold,3,,,26,,66.482006,,
isolated,random_forest,bbox_area,fold,4,,,26,,87.223550,,
isolated,random_forest,bbox_area,fold,5,,,26,,78.557036,,
isolated,random_forest,bbox_area,oof,,,,132,,75.478605,,
isolated,random_forest,bbox_height,fold,1,,,27,,80.118438,,
isolated,random_forest,bbox_height,fold,2,,,27,,77.075834,,
isolated,random_forest,bbox_height,fold,3,,,26,,71.453118,,
isolated,random_forest,bbox_height,fold,4,,,26,,70.949132,,
isolated,random_forest,bbox_height,fold,5,,,26,,104.168979,,
isolated,random_forest,bbox_height,oof,,,,132,,80.720434,,
isolated,random_forest,bbox_width,fold,1,,,27,,66.901270,,
isolated,random_forest,bbox_width,fold,2,,,27,,59.441426,,
isolated,random_forest,bbox_width,fold,3,,,26,,60.249530,,
isolated,random_forest,bbox_width,fold,4,,,26,,92.789951,,
isolated,random_forest,bbox_width,fold,5,,,26,,79.539970,,
isolated,random_forest,bbox_width,oof,,,,132,,71.653928,,
isolated,random_forest,center_to_end_occupancy_ratio,fold,1,,,27,,120.640948,,
isolated,random_forest,center_to_end_occupancy_ratio,fold,2,,,27,,138.348918,,
isolated,random_forest,center_to_end_occupancy_ratio,fold,3,,,26,,125.027997,,
isolated,random_forest,center_to_end_occupancy_ratio,fold,4,,,26,,138.962680,,
isolated,random_forest,center_to_end_occupancy_ratio,fold,5,,,26,,116.406851,,
isolated,random_forest,center_to_end_occupancy_ratio,oof,,,,132,,127.901986,,
isolated,random_forest,center_vertical_occupancy,fold,1,,,27,,77.904668,,
isolated,random_forest,center_vertical_occupancy,fold,2,,,27,,62.280759,,
isolated,random_forest,center_vertical_occupancy,fold,3,,,26,,64.838860,,
isolated,random_forest,center_vertical_occupancy,fold,4,,,26,,66.940271,,
isolated,random_forest,center_vertical_occupancy,fold,5,,,26,,95.229022,,
isolated,random_forest,center_vertical_occupancy,oof,,,,132,,73.388019,,
isolated,random_forest,centroid_x_offset,fold,1,,,27,,165.118846,,
isolated,random_forest,centroid_x_offset,fold,2,,,27,,129.119529,,
isolated,random_forest,centroid_x_offset,fold,3,,,26,,134.837797,,
isolated,random_forest,centroid_x_offset,fold,4,,,26,,126.682603,,
isolated,random_forest,centroid_x_offset,fold,5,,,26,,133.997532,,
isolated,random_forest,centroid_x_offset,oof,,,,132,,138.090169,,
isolated,random_forest,centroid_y_ratio,fold,1,,,27,,136.482194,,
isolated,random_forest,centroid_y_ratio,fold,2,,,27,,126.030316,,
isolated,random_forest,centroid_y_ratio,fold,3,,,26,,141.952617,,
isolated,random_forest,centroid_y_ratio,fold,4,,,26,,121.436163,,
isolated,random_forest,centroid_y_ratio,fold,5,,,26,,119.593283,,
isolated,random_forest,centroid_y_ratio,oof,,,,132,,129.131602,,
isolated,random_forest,circularity,fold,1,,,27,,125.296590,,
isolated,random_forest,circularity,fold,2,,,27,,134.020664,,
isolated,random_forest,circularity,fold,3,,,26,,118.590385,,
isolated,random_forest,circularity,fold,4,,,26,,105.872409,,
isolated,random_forest,circularity,fold,5,,,26,,135.053169,,
isolated,random_forest,circularity,oof,,,,132,,123.855916,,
isolated,random_forest,convex_area,fold,1,,,27,,59.880730,,
isolated,random_forest,convex_area,fold,2,,,27,,74.837453,,
isolated,random_forest,convex_area,fold,3,,,26,,71.703982,,
isolated,random_forest,convex_area,fold,4,,,26,,69.228496,,
isolated,random_forest,convex_area,fold,5,,,26,,83.959586,,
isolated,random_forest,convex_area,oof,,,,132,,71.852914,,
isolated,random_forest,convexity,fold,1,,,27,,139.331448,,
isolated,random_forest,convexity,fold,2,,,27,,146.469431,,
isolated,random_forest,convexity,fold,3,,,26,,136.123892,,
isolated,random_forest,convexity,fold,4,,,26,,131.629260,,
isolated,random_forest,convexity,fold,5,,,26,,136.832543,,
isolated,random_forest,convexity,oof,,,,132,,138.150393,,
isolated,random_forest,end_vertical_occupancy_max,fold,1,,,27,,72.383177,,
isolated,random_forest,end_vertical_occupancy_max,fold,2,,,27,,67.241258,,
isolated,random_forest,end_vertical_occupancy_max,fold,3,,,26,,68.860333,,
isolated,random_forest,end_vertical_occupancy_max,fold,4,,,26,,70.124964,,
isolated,random_forest,end_vertical_occupancy_max,fold,5,,,26,,100.597583,,
isolated,random_forest,end_vertical_occupancy_max,oof,,,,132,,75.750111,,
isolated,random_forest,end_vertical_occupancy_min,fold,1,,,27,,75.033290,,
isolated,random_forest,end_vertical_occupancy_min,fold,2,,,27,,59.070519,,
isolated,random_forest,end_vertical_occupancy_min,fold,3,,,26,,80.689555,,
isolated,random_forest,end_vertical_occupancy_min,fold,4,,,26,,79.736098,,
isolated,random_forest,end_vertical_occupancy_min,fold,5,,,26,,100.713464,,
isolated,random_forest,end_vertical_occupancy_min,oof,,,,132,,78.866817,,
isolated,random_forest,equivalent_diameter,fold,1,,,27,,57.427334,,
isolated,random_forest,equivalent_diameter,fold,2,,,27,,65.144223,,
isolated,random_forest,equivalent_diameter,fold,3,,,26,,61.609339,,
isolated,random_forest,equivalent_diameter,fold,4,,,26,,61.938686,,
isolated,random_forest,equivalent_diameter,fold,5,,,26,,84.274194,,
isolated,random_forest,equivalent_diameter,oof,,,,132,,66.006134,,
isolated,random_forest,extent,fold,1,,,27,,134.010517,,
isolated,random_forest,extent,fold,2,,,27,,98.017612,,
isolated,random_forest,extent,fold,3,,,26,,116.997860,,
isolated,random_forest,extent,fold,4,,,26,,76.031084,,
isolated,random_forest,extent,fold,5,,,26,,102.313386,,
isolated,random_forest,extent,oof,,,,132,,105.633788,,
isolated,random_forest,feret_diameter,fold,1,,,27,,68.173767,,
isolated,random_forest,feret_diameter,fold,2,,,27,,66.291686,,
isolated,random_forest,feret_diameter,fold,3,,,26,,78.317161,,
isolated,random_forest,feret_diameter,fold,4,,,26,,81.191624,,
isolated,random_forest,feret_diameter,fold,5,,,26,,77.361645,,
isolated,random_forest,feret_diameter,oof,,,,132,,74.160594,,
isolated,random_forest,hu_moment_1,fold,1,,,27,,130.124991,,
isolated,random_forest,hu_moment_1,fold,2,,,27,,109.093142,,
isolated,random_forest,hu_moment_1,fold,3,,,26,,124.318049,,
isolated,random_forest,hu_moment_1,fold,4,,,26,,110.487571,,
isolated,random_forest,hu_moment_1,fold,5,,,26,,129.133642,,
isolated,random_forest,hu_moment_1,oof,,,,132,,120.615988,,
isolated,random_forest,hu_moment_2,fold,1,,,27,,103.367072,,
isolated,random_forest,hu_moment_2,fold,2,,,27,,100.706984,,
isolated,random_forest,hu_moment_2,fold,3,,,26,,101.231795,,
isolated,random_forest,hu_moment_2,fold,4,,,26,,96.006288,,
isolated,random_forest,hu_moment_2,fold,5,,,26,,97.659198,,
isolated,random_forest,hu_moment_2,oof,,,,132,,99.828249,,
isolated,random_forest,major_axis_length,fold,1,,,27,,66.500658,,
isolated,random_forest,major_axis_length,fold,2,,,27,,56.737219,,
isolated,random_forest,major_axis_length,fold,3,,,26,,64.429679,,
isolated,random_forest,major_axis_length,fold,4,,,26,,67.548480,,
isolated,random_forest,major_axis_length,fold,5,,,26,,74.242965,,
isolated,random_forest,major_axis_length,oof,,,,132,,65.827060,,
isolated,random_forest,minor_axis_length,fold,1,,,27,,77.254385,,
isolated,random_forest,minor_axis_length,fold,2,,,27,,72.136055,,
isolated,random_forest,minor_axis_length,fold,3,,,26,,65.213887,,
isolated,random_forest,minor_axis_length,fold,4,,,26,,75.622815,,
isolated,random_forest,minor_axis_length,fold,5,,,26,,112.854676,,
isolated,random_forest,minor_axis_length,oof,,,,132,,80.526649,,
isolated,random_forest,perimeter,fold,1,,,27,,67.851544,,
isolated,random_forest,perimeter,fold,2,,,27,,70.698120,,
isolated,random_forest,perimeter,fold,3,,,26,,64.236785,,
isolated,random_forest,perimeter,fold,4,,,26,,74.335853,,
isolated,random_forest,perimeter,fold,5,,,26,,74.898243,,
isolated,random_forest,perimeter,oof,,,,132,,70.386999,,
isolated,random_forest,roundness,fold,1,,,27,,129.020536,,
isolated,random_forest,roundness,fold,2,,,27,,106.940534,,
isolated,random_forest,roundness,fold,3,,,26,,120.089710,,
isolated,random_forest,roundness,fold,4,,,26,,140.711287,,
isolated,random_forest,roundness,fold,5,,,26,,118.834002,,
isolated,random_forest,roundness,oof,,,,132,,123.041355,,
isolated,random_forest,solidity,fold,1,,,27,,107.395861,,
isolated,random_forest,solidity,fold,2,,,27,,89.498541,,
isolated,random_forest,solidity,fold,3,,,26,,98.629869,,
isolated,random_forest,solidity,fold,4,,,26,,105.236964,,
isolated,random_forest,solidity,fold,5,,,26,,106.045139,,
isolated,random_forest,solidity,oof,,,,132,,101.317122,,
permutation,dense,area,fold,1,0,3709114571,27,53.941613,58.102292,4.160680,harm
permutation,dense,area,fold,1,1,3664061067,27,53.941613,58.565929,4.624316,harm
permutation,dense,area,fold,1,2,3471631869,27,53.941613,57.659238,3.717625,harm
permutation,dense,area,fold,1,3,3038083872,27,53.941613,54.638546,0.696933,neutral
permutation,dense,area,fold,1,4,1772655521,27,53.941613,56.985675,3.044062,harm
permutation,dense,area,fold,1,5,497858331,27,53.941613,58.463986,4.522373,harm
permutation,dense,area,fold,1,6,4042367103,27,53.941613,59.494814,5.553201,harm
permutation,dense,area,fold,1,7,3272083355,27,53.941613,57.205028,3.263416,harm
permutation,dense,area,fold,1,8,3843402745,27,53.941613,60.096375,6.154762,harm
permutation,dense,area,fold,1,9,403767578,27,53.941613,62.514730,8.573117,harm
permutation,dense,area,fold,2,0,33554411,27,43.306228,47.220335,3.914107,harm
permutation,dense,area,fold,2,1,1157642961,27,43.306228,41.446437,-1.859791,improvement
permutation,dense,area,fold,2,2,2094330553,27,43.306228,46.186945,2.880718,harm
permutation,dense,area,fold,2,3,2430976221,27,43.306228,42.010158,-1.296070,improvement
permutation,dense,area,fold,2,4,3824532029,27,43.306228,45.336969,2.030741,harm
permutation,dense,area,fold,2,5,3073639948,27,43.306228,38.827806,-4.478422,improvement
permutation,dense,area,fold,2,6,4062654194,27,43.306228,45.929921,2.623693,harm
permutation,dense,area,fold,2,7,1976601244,27,43.306228,40.492315,-2.813913,improvement
permutation,dense,area,fold,2,8,1083509816,27,43.306228,45.494486,2.188259,harm
permutation,dense,area,fold,2,9,3946949918,27,43.306228,41.008730,-2.297498,improvement
permutation,dense,area,fold,3,0,3898157998,26,58.930772,61.536449,2.605677,harm
permutation,dense,area,fold,3,1,414350386,26,58.930772,57.244779,-1.685992,improvement
permutation,dense,area,fold,3,2,1631603134,26,58.930772,59.972757,1.041986,harm
permutation,dense,area,fold,3,3,3553061442,26,58.930772,57.318648,-1.612124,improvement
permutation,dense,area,fold,3,4,4263269095,26,58.930772,59.044222,0.113450,neutral
permutation,dense,area,fold,3,5,543194488,26,58.930772,56.435090,-2.495682,improvement
permutation,dense,area,fold,3,6,1591557838,26,58.930772,57.672082,-1.258690,improvement
permutation,dense,area,fold,3,7,1986778973,26,58.930772,58.655561,-0.275211,neutral
permutation,dense,area,fold,3,8,699646783,26,58.930772,61.220552,2.289780,harm
permutation,dense,area,fold,3,9,2337736368,26,58.930772,59.241465,0.310693,neutral
permutation,dense,area,fold,4,0,2226079241,26,66.590015,68.590606,2.000592,harm
permutation,dense,area,fold,4,1,3337703701,26,66.590015,66.409008,-0.181006,neutral
permutation,dense,area,fold,4,2,924772163,26,66.590015,63.645955,-2.944060,improvement
permutation,dense,area,fold,4,3,1220015727,26,66.590015,71.255533,4.665519,harm
permutation,dense,area,fold,4,4,1230091001,26,66.590015,64.935543,-1.654472,improvement
permutation,dense,area,fold,4,5,2865622056,26,66.590015,64.434553,-2.155462,improvement
permutation,dense,area,fold,4,6,1475451766,26,66.590015,66.472748,-0.117267,neutral
permutation,dense,area,fold,4,7,2457060519,26,66.590015,67.271656,0.681641,neutral
permutation,dense,area,fold,4,8,2783681110,26,66.590015,69.433968,2.843953,harm
permutation,dense,area,fold,4,9,2455921730,26,66.590015,64.711692,-1.878322,improvement
permutation,dense,area,fold,5,0,1899153945,26,51.972007,55.860534,3.888526,harm
permutation,dense,area,fold,5,1,622685661,26,51.972007,54.085975,2.113968,harm
permutation,dense,area,fold,5,2,1128972834,26,51.972007,51.771593,-0.200414,neutral
permutation,dense,area,fold,5,3,163679032,26,51.972007,53.469921,1.497913,harm
permutation,dense,area,fold,5,4,1738370783,26,51.972007,62.338911,10.366903,harm
permutation,dense,area,fold,5,5,3245611645,26,51.972007,59.256938,7.284930,harm
permutation,dense,area,fold,5,6,1545069866,26,51.972007,58.412928,6.440921,harm
permutation,dense,area,fold,5,7,3070675393,26,51.972007,60.480746,8.508739,harm
permutation,dense,area,fold,5,8,2276850200,26,51.972007,55.012438,3.040430,harm
permutation,dense,area,fold,5,9,4062096572,26,51.972007,51.618042,-0.353965,neutral
permutation,dense,area,oof,,0,,132,54.852306,58.177184,3.324878,harm
permutation,dense,area,oof,,1,,132,54.852306,55.466422,0.614116,neutral
permutation,dense,area,oof,,2,,132,54.852306,55.787840,0.935534,neutral
permutation,dense,area,oof,,3,,132,54.852306,55.626225,0.773919,neutral
permutation,dense,area,oof,,4,,132,54.852306,57.628765,2.776459,harm
permutation,dense,area,oof,,5,,132,54.852306,55.380072,0.527766,neutral
permutation,dense,area,oof,,6,,132,54.852306,57.522497,2.670191,harm
permutation,dense,area,oof,,7,,132,54.852306,56.700267,1.847962,harm
permutation,dense,area,oof,,8,,132,54.852306,58.168895,3.316589,harm
permutation,dense,area,oof,,9,,132,54.852306,55.757459,0.905153,neutral
permutation,dense,area_major_axis_product,fold,1,0,3264189896,27,53.941613,54.036522,0.094909,neutral
permutation,dense,area_major_axis_product,fold,1,1,4182987321,27,53.941613,56.052789,2.111176,harm
permutation,dense,area_major_axis_product,fold,1,2,1910975556,27,53.941613,53.775897,-0.165716,neutral
permutation,dense,area_major_axis_product,fold,1,3,2178475803,27,53.941613,55.211622,1.270010,harm
permutation,dense,area_major_axis_product,fold,1,4,1652586735,27,53.941613,57.375931,3.434318,harm
permutation,dense,area_major_axis_product,fold,1,5,1937788631,27,53.941613,53.793092,-0.148520,neutral
permutation,dense,area_major_axis_product,fold,1,6,3192822995,27,53.941613,57.388909,3.447297,harm
permutation,dense,area_major_axis_product,fold,1,7,3744168948,27,53.941613,56.505665,2.564052,harm
permutation,dense,area_major_axis_product,fold,1,8,3588158849,27,53.941613,56.536864,2.595251,harm
permutation,dense,area_major_axis_product,fold,1,9,89364455,27,53.941613,51.439005,-2.502608,improvement
permutation,dense,area_major_axis_product,fold,2,0,3233275207,27,43.306228,40.494069,-2.812158,improvement
permutation,dense,area_major_axis_product,fold,2,1,878885560,27,43.306228,39.570016,-3.736212,improvement
permutation,dense,area_major_axis_product,fold,2,2,762937026,27,43.306228,44.697831,1.391603,harm
permutation,dense,area_major_axis_product,fold,2,3,2435824799,27,43.306228,42.604820,-0.701408,neutral
permutation,dense,area_major_axis_product,fold,2,4,1664718069,27,43.306228,39.443764,-3.862464,improvement
permutation,dense,area_major_axis_product,fold,2,5,408908833,27,43.306228,43.838882,0.532654,neutral
permutation,dense,area_major_axis_product,fold,2,6,1725322830,27,43.306228,45.738695,2.432467,harm
permutation,dense,area_major_axis_product,fold,2,7,3425372424,27,43.306228,36.797540,-6.508688,improvement
permutation,dense,area_major_axis_product,fold,2,8,2960703242,27,43.306228,38.371607,-4.934621,improvement
permutation,dense,area_major_axis_product,fold,2,9,2758577893,27,43.306228,46.008844,2.702616,harm
permutation,dense,area_major_axis_product,fold,3,0,2131559429,26,58.930772,54.778574,-4.152197,improvement
permutation,dense,area_major_axis_product,fold,3,1,1682122232,26,58.930772,53.452624,-5.478148,improvement
permutation,dense,area_major_axis_product,fold,3,2,1676871248,26,58.930772,54.594653,-4.336119,improvement
permutation,dense,area_major_axis_product,fold,3,3,2985798672,26,58.930772,54.863639,-4.067133,improvement
permutation,dense,area_major_axis_product,fold,3,4,2823003821,26,58.930772,54.475768,-4.455004,improvement
permutation,dense,area_major_axis_product,fold,3,5,1375403626,26,58.930772,55.810430,-3.120341,improvement
permutation,dense,area_major_axis_product,fold,3,6,1921820980,26,58.930772,55.147641,-3.783130,improvement
permutation,dense,area_major_axis_product,fold,3,7,1802785945,26,58.930772,53.071003,-5.859769,improvement
permutation,dense,area_major_axis_product,fold,3,8,3362905852,26,58.930772,57.399566,-1.531206,improvement
permutation,dense,area_major_axis_product,fold,3,9,2097257444,26,58.930772,54.627690,-4.303082,improvement
permutation,dense,area_major_axis_product,fold,4,0,402562591,26,66.590015,57.731397,-8.858617,improvement
permutation,dense,area_major_axis_product,fold,4,1,2439496451,26,66.590015,71.132316,4.542301,harm
permutation,dense,area_major_axis_product,fold,4,2,579851601,26,66.590015,65.975314,-0.614701,neutral
permutation,dense,area_major_axis_product,fold,4,3,1107413388,26,66.590015,61.968176,-4.621839,improvement
permutation,dense,area_major_axis_product,fold,4,4,156675194,26,66.590015,58.767203,-7.822811,improvement
permutation,dense,area_major_axis_product,fold,4,5,457222490,26,66.590015,72.234571,5.644556,harm
permutation,dense,area_major_axis_product,fold,4,6,2694786638,26,66.590015,68.619278,2.029263,harm
permutation,dense,area_major_axis_product,fold,4,7,3350997187,26,66.590015,64.620338,-1.969677,improvement
permutation,dense,area_major_axis_product,fold,4,8,3241208858,26,66.590015,60.413077,-6.176938,improvement
permutation,dense,area_major_axis_product,fold,4,9,145315213,26,66.590015,66.418253,-0.171762,neutral
permutation,dense,area_major_axis_product,fold,5,0,2332631797,26,51.972007,61.652126,9.680119,harm
permutation,dense,area_major_axis_product,fold,5,1,2005316114,26,51.972007,54.694173,2.722166,harm
permutation,dense,area_major_axis_product,fold,5,2,694910954,26,51.972007,56.692699,4.720691,harm
permutation,dense,area_major_axis_product,fold,5,3,3927306647,26,51.972007,49.890787,-2.081221,improvement
permutation,dense,area_major_axis_product,fold,5,4,3521557193,26,51.972007,61.515783,9.543776,harm
permutation,dense,area_major_axis_product,fold,5,5,2892685617,26,51.972007,53.659633,1.687626,harm
permutation,dense,area_major_axis_product,fold,5,6,4268232414,26,51.972007,61.471034,9.499026,harm
permutation,dense,area_major_axis_product,fold,5,7,1613134985,26,51.972007,60.672017,8.700009,harm
permutation,dense,area_major_axis_product,fold,5,8,2907127582,26,51.972007,57.078843,5.106836,harm
permutation,dense,area_major_axis_product,fold,5,9,3456494374,26,51.972007,58.380145,6.408137,harm
permutation,dense,area_major_axis_product,oof,,0,,132,54.852306,53.640458,-1.211847,improvement
permutation,dense,area_major_axis_product,oof,,1,,132,54.852306,54.871763,0.019457,neutral
permutation,dense,area_major_axis_product,oof,,2,,132,54.852306,55.057727,0.205421,neutral
permutation,dense,area_major_axis_product,oof,,3,,132,54.852306,52.847209,-2.005097,improvement
permutation,dense,area_major_axis_product,oof,,4,,132,54.852306,54.226207,-0.626098,neutral
permutation,dense,area_major_axis_product,oof,,5,,132,54.852306,55.760483,0.908178,neutral
permutation,dense,area_major_axis_product,oof,,6,,132,54.852306,57.580546,2.728241,harm
permutation,dense,area_major_axis_product,oof,,7,,132,54.852306,54.216923,-0.635383,neutral
permutation,dense,area_major_axis_product,oof,,8,,132,54.852306,53.861419,-0.990886,neutral
permutation,dense,area_major_axis_product,oof,,9,,132,54.852306,55.274017,0.421711,neutral
permutation,dense,area_power_1_5,fold,1,0,1037705170,27,53.941613,61.560133,7.618520,harm
permutation,dense,area_power_1_5,fold,1,1,1670068679,27,53.941613,58.818924,4.877312,harm
permutation,dense,area_power_1_5,fold,1,2,1608368590,27,53.941613,50.240857,-3.700756,improvement
permutation,dense,area_power_1_5,fold,1,3,1480552461,27,53.941613,61.999560,8.057947,harm
permutation,dense,area_power_1_5,fold,1,4,2385311889,27,53.941613,55.264786,1.323174,harm
permutation,dense,area_power_1_5,fold,1,5,2952735277,27,53.941613,60.099314,6.157701,harm
permutation,dense,area_power_1_5,fold,1,6,1133924555,27,53.941613,61.706295,7.764682,harm
permutation,dense,area_power_1_5,fold,1,7,2677074029,27,53.941613,57.497700,3.556087,harm
permutation,dense,area_power_1_5,fold,1,8,2689450893,27,53.941613,58.365482,4.423869,harm
permutation,dense,area_power_1_5,fold,1,9,2712796784,27,53.941613,63.709880,9.768267,harm
permutation,dense,area_power_1_5,fold,2,0,1046740733,27,43.306228,49.003833,5.697605,harm
permutation,dense,area_power_1_5,fold,2,1,2989972570,27,43.306228,35.768242,-7.537986,improvement
permutation,dense,area_power_1_5,fold,2,2,1197200441,27,43.306228,45.958085,2.651857,harm
permutation,dense,area_power_1_5,fold,2,3,3691232154,27,43.306228,37.478994,-5.827233,improvement
permutation,dense,area_power_1_5,fold,2,4,1681518598,27,43.306228,39.717387,-3.588841,improvement
permutation,dense,area_power_1_5,fold,2,5,769021986,27,43.306228,47.862098,4.555870,harm
permutation,dense,area_power_1_5,fold,2,6,604087048,27,43.306228,42.436817,-0.869411,neutral
permutation,dense,area_power_1_5,fold,2,7,636756632,27,43.306228,41.416994,-1.889234,improvement
permutation,dense,area_power_1_5,fold,2,8,451159973,27,43.306228,38.182092,-5.124136,improvement
permutation,dense,area_power_1_5,fold,2,9,43341613,27,43.306228,39.294517,-4.011711,improvement
permutation,dense,area_power_1_5,fold,3,0,2285744507,26,58.930772,53.001433,-5.929339,improvement
permutation,dense,area_power_1_5,fold,3,1,3521526389,26,58.930772,53.902603,-5.028168,improvement
permutation,dense,area_power_1_5,fold,3,2,3070112140,26,58.930772,48.786923,-10.143849,improvement
permutation,dense,area_power_1_5,fold,3,3,3754208029,26,58.930772,51.673789,-7.256983,improvement
permutation,dense,area_power_1_5,fold,3,4,116151144,26,58.930772,49.547892,-9.382880,improvement
permutation,dense,area_power_1_5,fold,3,5,3920729914,26,58.930772,48.939069,-9.991702,improvement
permutation,dense,area_power_1_5,fold,3,6,4280741686,26,58.930772,48.186995,-10.743776,improvement
permutation,dense,area_power_1_5,fold,3,7,3204493216,26,58.930772,54.742000,-4.188771,improvement
permutation,dense,area_power_1_5,fold,3,8,4102151898,26,58.930772,56.795027,-2.135745,improvement
permutation,dense,area_power_1_5,fold,3,9,1733047474,26,58.930772,58.507484,-0.423287,neutral
permutation,dense,area_power_1_5,fold,4,0,1827773374,26,66.590015,62.624518,-3.965496,improvement
permutation,dense,area_power_1_5,fold,4,1,4252792465,26,66.590015,64.505089,-2.084926,improvement
permutation,dense,area_power_1_5,fold,4,2,127980848,26,66.590015,66.666906,0.076891,neutral
permutation,dense,area_power_1_5,fold,4,3,3736095477,26,66.590015,64.441787,-2.148228,improvement
permutation,dense,area_power_1_5,fold,4,4,3216885491,26,66.590015,65.732402,-0.857613,neutral
permutation,dense,area_power_1_5,fold,4,5,1997373056,26,66.590015,64.455831,-2.134183,improvement
permutation,dense,area_power_1_5,fold,4,6,3307660355,26,66.590015,63.867671,-2.722344,improvement
permutation,dense,area_power_1_5,fold,4,7,3362551828,26,66.590015,72.851977,6.261962,harm
permutation,dense,area_power_1_5,fold,4,8,2660396814,26,66.590015,66.385451,-0.204563,neutral
permutation,dense,area_power_1_5,fold,4,9,71745583,26,66.590015,63.894874,-2.695141,improvement
permutation,dense,area_power_1_5,fold,5,0,3585989589,26,51.972007,58.595397,6.623389,harm
permutation,dense,area_power_1_5,fold,5,1,3961010752,26,51.972007,54.670378,2.698370,harm
permutation,dense,area_power_1_5,fold,5,2,1707989068,26,51.972007,60.515463,8.543455,harm
permutation,dense,area_power_1_5,fold,5,3,1030309407,26,51.972007,55.063771,3.091763,harm
permutation,dense,area_power_1_5,fold,5,4,4022610367,26,51.972007,61.379653,9.407646,harm
permutation,dense,area_power_1_5,fold,5,5,713051777,26,51.972007,57.238884,5.266877,harm
permutation,dense,area_power_1_5,fold,5,6,3038923206,26,51.972007,59.316586,7.344579,harm
permutation,dense,area_power_1_5,fold,5,7,4176179918,26,51.972007,58.732043,6.760035,harm
permutation,dense,area_power_1_5,fold,5,8,2799932354,26,51.972007,58.095499,6.123492,harm
permutation,dense,area_power_1_5,fold,5,9,3225001334,26,51.972007,51.375257,-0.596751,neutral
permutation,dense,area_power_1_5,oof,,0,,132,54.852306,56.931683,2.079377,harm
permutation,dense,area_power_1_5,oof,,1,,132,54.852306,53.438510,-1.413796,improvement
permutation,dense,area_power_1_5,oof,,2,,132,54.852306,54.337674,-0.514631,neutral
permutation,dense,area_power_1_5,oof,,3,,132,54.852306,54.065030,-0.787275,neutral
permutation,dense,area_power_1_5,oof,,4,,132,54.852306,54.224828,-0.627477,neutral
permutation,dense,area_power_1_5,oof,,5,,132,54.852306,55.692701,0.840395,neutral
permutation,dense,area_power_1_5,oof,,6,,132,54.852306,55.056944,0.204638,neutral
permutation,dense,area_power_1_5,oof,,7,,132,54.852306,56.933131,2.080825,harm
permutation,dense,area_power_1_5,oof,,8,,132,54.852306,55.454242,0.601936,neutral
permutation,dense,area_power_1_5,oof,,9,,132,54.852306,55.298005,0.445700,neutral
permutation,dense,aspect_ratio,fold,1,0,1898791636,27,53.941613,51.087254,-2.854359,improvement
permutation,dense,aspect_ratio,fold,1,1,2119305638,27,53.941613,57.216064,3.274451,harm
permutation,dense,aspect_ratio,fold,1,2,2169352013,27,53.941613,59.677726,5.736113,harm
permutation,dense,aspect_ratio,fold,1,3,1515556851,27,53.941613,51.314831,-2.626782,improvement
permutation,dense,aspect_ratio,fold,1,4,2834104490,27,53.941613,58.679419,4.737807,harm
permutation,dense,aspect_ratio,fold,1,5,4231323976,27,53.941613,51.563112,-2.378501,improvement
permutation,dense,aspect_ratio,fold,1,6,1457073859,27,53.941613,58.002454,4.060841,harm
permutation,dense,aspect_ratio,fold,1,7,511216225,27,53.941613,60.799995,6.858382,harm
permutation,dense,aspect_ratio,fold,1,8,4135432340,27,53.941613,54.943924,1.002311,harm
permutation,dense,aspect_ratio,fold,1,9,246346294,27,53.941613,53.754243,-0.187370,neutral
permutation,dense,aspect_ratio,fold,2,0,64340181,27,43.306228,51.001973,7.695745,harm
permutation,dense,aspect_ratio,fold,2,1,2874498721,27,43.306228,56.671155,13.364927,harm
permutation,dense,aspect_ratio,fold,2,2,913983199,27,43.306228,56.660536,13.354308,harm
permutation,dense,aspect_ratio,fold,2,3,652464610,27,43.306228,62.311908,19.005680,harm
permutation,dense,aspect_ratio,fold,2,4,3696222492,27,43.306228,49.765005,6.458777,harm
permutation,dense,aspect_ratio,fold,2,5,222464003,27,43.306228,50.446128,7.139901,harm
permutation,dense,aspect_ratio,fold,2,6,551971278,27,43.306228,55.823044,12.516816,harm
permutation,dense,aspect_ratio,fold,2,7,1789044455,27,43.306228,58.526974,15.220746,harm
permutation,dense,aspect_ratio,fold,2,8,2163216471,27,43.306228,53.253331,9.947103,harm
permutation,dense,aspect_ratio,fold,2,9,1380941637,27,43.306228,51.659149,8.352922,harm
permutation,dense,aspect_ratio,fold,3,0,2820604621,26,58.930772,61.424900,2.494128,harm
permutation,dense,aspect_ratio,fold,3,1,2367705662,26,58.930772,60.526700,1.595929,harm
permutation,dense,aspect_ratio,fold,3,2,2099881897,26,58.930772,60.652071,1.721299,harm
permutation,dense,aspect_ratio,fold,3,3,405233711,26,58.930772,58.057514,-0.873257,neutral
permutation,dense,aspect_ratio,fold,3,4,514285569,26,58.930772,60.887214,1.956442,harm
permutation,dense,aspect_ratio,fold,3,5,1672907337,26,58.930772,59.432770,0.501999,neutral
permutation,dense,aspect_ratio,fold,3,6,881061252,26,58.930772,57.809162,-1.121610,improvement
permutation,dense,aspect_ratio,fold,3,7,2214825581,26,58.930772,58.415279,-0.515492,neutral
permutation,dense,aspect_ratio,fold,3,8,3971228986,26,58.930772,60.149476,1.218705,harm
permutation,dense,aspect_ratio,fold,3,9,2912594679,26,58.930772,62.794937,3.864165,harm
permutation,dense,aspect_ratio,fold,4,0,996969458,26,66.590015,63.453727,-3.136288,improvement
permutation,dense,aspect_ratio,fold,4,1,4220318424,26,66.590015,68.076567,1.486553,harm
permutation,dense,aspect_ratio,fold,4,2,1621613599,26,66.590015,68.394123,1.804108,harm
permutation,dense,aspect_ratio,fold,4,3,3110045466,26,66.590015,68.120768,1.530753,harm
permutation,dense,aspect_ratio,fold,4,4,3055537203,26,66.590015,69.192076,2.602061,harm
permutation,dense,aspect_ratio,fold,4,5,43456899,26,66.590015,66.202727,-0.387288,neutral
permutation,dense,aspect_ratio,fold,4,6,2269095700,26,66.590015,62.886215,-3.703799,improvement
permutation,dense,aspect_ratio,fold,4,7,1902329384,26,66.590015,63.487183,-3.102832,improvement
permutation,dense,aspect_ratio,fold,4,8,2719590471,26,66.590015,62.411352,-4.178663,improvement
permutation,dense,aspect_ratio,fold,4,9,4242667843,26,66.590015,59.032915,-7.557099,improvement
permutation,dense,aspect_ratio,fold,5,0,2610694864,26,51.972007,64.770527,12.798519,harm
permutation,dense,aspect_ratio,fold,5,1,533224264,26,51.972007,61.668237,9.696230,harm
permutation,dense,aspect_ratio,fold,5,2,885527937,26,51.972007,55.496811,3.524803,harm
permutation,dense,aspect_ratio,fold,5,3,2055653149,26,51.972007,59.040060,7.068052,harm
permutation,dense,aspect_ratio,fold,5,4,4039303410,26,51.972007,56.810981,4.838974,harm
permutation,dense,aspect_ratio,fold,5,5,901973544,26,51.972007,55.382901,3.410894,harm
permutation,dense,aspect_ratio,fold,5,6,3707062173,26,51.972007,59.822682,7.850674,harm
permutation,dense,aspect_ratio,fold,5,7,4202152949,26,51.972007,56.163414,4.191406,harm
permutation,dense,aspect_ratio,fold,5,8,3382367697,26,51.972007,55.349982,3.377975,harm
permutation,dense,aspect_ratio,fold,5,9,529306933,26,51.972007,53.846535,1.874527,harm
permutation,dense,aspect_ratio,oof,,0,,132,54.852306,58.237024,3.384718,harm
permutation,dense,aspect_ratio,oof,,1,,132,54.852306,60.772834,5.920528,harm
permutation,dense,aspect_ratio,oof,,2,,132,54.852306,60.145842,5.293537,harm
permutation,dense,aspect_ratio,oof,,3,,132,54.852306,59.724234,4.871928,harm
permutation,dense,aspect_ratio,oof,,4,,132,54.852306,58.993534,4.141229,harm
permutation,dense,aspect_ratio,oof,,5,,132,54.852306,56.520666,1.668360,harm
permutation,dense,aspect_ratio,oof,,6,,132,54.852306,58.839076,3.986770,harm
permutation,dense,aspect_ratio,oof,,7,,132,54.852306,59.481371,4.629065,harm
permutation,dense,aspect_ratio,oof,,8,,132,54.852306,57.174295,2.321990,harm
permutation,dense,aspect_ratio,oof,,9,,132,54.852306,56.164361,1.312055,harm
permutation,dense,bbox_area,fold,1,0,426442277,27,53.941613,60.847384,6.905771,harm
permutation,dense,bbox_area,fold,1,1,2685372155,27,53.941613,54.667937,0.726324,neutral
permutation,dense,bbox_area,fold,1,2,388429474,27,53.941613,54.664358,0.722745,neutral
permutation,dense,bbox_area,fold,1,3,259742599,27,53.941613,46.686972,-7.254641,improvement
permutation,dense,bbox_area,fold,1,4,2550855653,27,53.941613,54.813996,0.872383,neutral
permutation,dense,bbox_area,fold,1,5,2682692397,27,53.941613,48.004698,-5.936915,improvement
permutation,dense,bbox_area,fold,1,6,3820462364,27,53.941613,51.797301,-2.144312,improvement
permutation,dense,bbox_area,fold,1,7,1636656955,27,53.941613,53.037150,-0.904463,neutral
permutation,dense,bbox_area,fold,1,8,3274777263,27,53.941613,53.613877,-0.327736,neutral
permutation,dense,bbox_area,fold,1,9,569319691,27,53.941613,51.138330,-2.803283,improvement
permutation,dense,bbox_area,fold,2,0,3647177643,27,43.306228,48.016648,4.710420,harm
permutation,dense,bbox_area,fold,2,1,1434656890,27,43.306228,51.328423,8.022195,harm
permutation,dense,bbox_area,fold,2,2,3756785202,27,43.306228,47.901888,4.595660,harm
permutation,dense,bbox_area,fold,2,3,3396000707,27,43.306228,45.943486,2.637258,harm
permutation,dense,bbox_area,fold,2,4,3463457909,27,43.306228,55.533054,12.226826,harm
permutation,dense,bbox_area,fold,2,5,1676231391,27,43.306228,45.481809,2.175581,harm
permutation,dense,bbox_area,fold,2,6,4079853762,27,43.306228,50.757034,7.450806,harm
permutation,dense,bbox_area,fold,2,7,2941300109,27,43.306228,49.703342,6.397114,harm
permutation,dense,bbox_area,fold,2,8,3214457296,27,43.306228,47.278537,3.972309,harm
permutation,dense,bbox_area,fold,2,9,2812527551,27,43.306228,50.308916,7.002688,harm
permutation,dense,bbox_area,fold,3,0,1855807997,26,58.930772,57.591357,-1.339415,improvement
permutation,dense,bbox_area,fold,3,1,551171651,26,58.930772,56.149972,-2.780800,improvement
permutation,dense,bbox_area,fold,3,2,3913165090,26,58.930772,54.239564,-4.691207,improvement
permutation,dense,bbox_area,fold,3,3,2834918831,26,58.930772,57.040196,-1.890576,improvement
permutation,dense,bbox_area,fold,3,4,1715915598,26,58.930772,55.766747,-3.164025,improvement
permutation,dense,bbox_area,fold,3,5,3900815546,26,58.930772,58.152712,-0.778060,neutral
permutation,dense,bbox_area,fold,3,6,2761366294,26,58.930772,55.858527,-3.072244,improvement
permutation,dense,bbox_area,fold,3,7,809399716,26,58.930772,56.832169,-2.098603,improvement
permutation,dense,bbox_area,fold,3,8,2144013558,26,58.930772,54.682615,-4.248157,improvement
permutation,dense,bbox_area,fold,3,9,2582243471,26,58.930772,59.264851,0.334080,neutral
permutation,dense,bbox_area,fold,4,0,4294536734,26,66.590015,74.460745,7.870731,harm
permutation,dense,bbox_area,fold,4,1,1021997265,26,66.590015,65.916663,-0.673352,neutral
permutation,dense,bbox_area,fold,4,2,60146073,26,66.590015,67.211305,0.621291,neutral
permutation,dense,bbox_area,fold,4,3,3065910121,26,66.590015,75.715864,9.125849,harm
permutation,dense,bbox_area,fold,4,4,3745298856,26,66.590015,70.418682,3.828667,harm
permutation,dense,bbox_area,fold,4,5,2890525554,26,66.590015,67.276148,0.686133,neutral
permutation,dense,bbox_area,fold,4,6,3025239356,26,66.590015,62.304161,-4.285854,improvement
permutation,dense,bbox_area,fold,4,7,3880935405,26,66.590015,68.973665,2.383651,harm
permutation,dense,bbox_area,fold,4,8,3773815959,26,66.590015,67.931202,1.341187,harm
permutation,dense,bbox_area,fold,4,9,3482464805,26,66.590015,70.017048,3.427034,harm
permutation,dense,bbox_area,fold,5,0,3695115528,26,51.972007,50.745265,-1.226743,improvement
permutation,dense,bbox_area,fold,5,1,3393617188,26,51.972007,55.314288,3.342280,harm
permutation,dense,bbox_area,fold,5,2,3262969381,26,51.972007,57.176667,5.204660,harm
permutation,dense,bbox_area,fold,5,3,3387481138,26,51.972007,54.790860,2.818853,harm
permutation,dense,bbox_area,fold,5,4,643222228,26,51.972007,54.465388,2.493381,harm
permutation,dense,bbox_area,fold,5,5,2632464886,26,51.972007,54.812283,2.840276,harm
permutation,dense,bbox_area,fold,5,6,3001596424,26,51.972007,58.004571,6.032563,harm
permutation,dense,bbox_area,fold,5,7,3834430101,26,51.972007,54.570264,2.598257,harm
permutation,dense,bbox_area,fold,5,8,1795009605,26,51.972007,54.423536,2.451529,harm
permutation,dense,bbox_area,fold,5,9,2448454826,26,51.972007,53.882578,1.910571,harm
permutation,dense,bbox_area,oof,,0,,132,54.852306,58.273185,3.420879,harm
permutation,dense,bbox_area,oof,,1,,132,54.852306,56.619740,1.767435,harm
permutation,dense,bbox_area,oof,,2,,132,54.852306,56.163671,1.311365,harm
permutation,dense,bbox_area,oof,,3,,132,54.852306,55.888199,1.035893,harm
permutation,dense,bbox_area,oof,,4,,132,54.852306,58.153724,3.301419,harm
permutation,dense,bbox_area,oof,,5,,132,54.852306,54.624283,-0.228022,neutral
permutation,dense,bbox_area,oof,,6,,132,54.852306,55.676635,0.824329,neutral
permutation,dense,bbox_area,oof,,7,,132,54.852306,56.543726,1.691420,harm
permutation,dense,bbox_area,oof,,8,,132,54.852306,55.508079,0.655773,neutral
permutation,dense,bbox_area,oof,,9,,132,54.852306,56.828425,1.976119,harm
permutation,dense,bbox_height,fold,1,0,3483853285,27,53.941613,53.754719,-0.186894,neutral
permutation,dense,bbox_height,fold,1,1,772442013,27,53.941613,58.965433,5.023820,harm
permutation,dense,bbox_height,fold,1,2,1419785632,27,53.941613,54.170161,0.228548,neutral
permutation,dense,bbox_height,fold,1,3,2720786796,27,53.941613,57.743409,3.801797,harm
permutation,dense,bbox_height,fold,1,4,2069587222,27,53.941613,53.316293,-0.625320,neutral
permutation,dense,bbox_height,fold,1,5,184930534,27,53.941613,53.704069,-0.237544,neutral
permutation,dense,bbox_height,fold,1,6,497691835,27,53.941613,54.893830,0.952217,neutral
permutation,dense,bbox_height,fold,1,7,2971547025,27,53.941613,55.241949,1.300336,harm
permutation,dense,bbox_height,fold,1,8,1096647236,27,53.941613,52.058379,-1.883233,improvement
permutation,dense,bbox_height,fold,1,9,85116377,27,53.941613,55.461277,1.519664,harm
permutation,dense,bbox_height,fold,2,0,1702947002,27,43.306228,49.762854,6.456626,harm
permutation,dense,bbox_height,fold,2,1,3443892144,27,43.306228,49.283954,5.977726,harm
permutation,dense,bbox_height,fold,2,2,1082353012,27,43.306228,46.360672,3.054444,harm
permutation,dense,bbox_height,fold,2,3,90353431,27,43.306228,42.811144,-0.495084,neutral
permutation,dense,bbox_height,fold,2,4,3299650634,27,43.306228,47.357157,4.050929,harm
permutation,dense,bbox_height,fold,2,5,3306166803,27,43.306228,46.429508,3.123280,harm
permutation,dense,bbox_height,fold,2,6,1152081005,27,43.306228,44.137878,0.831650,neutral
permutation,dense,bbox_height,fold,2,7,2536299951,27,43.306228,45.061035,1.754807,harm
permutation,dense,bbox_height,fold,2,8,3041041879,27,43.306228,44.956395,1.650167,harm
permutation,dense,bbox_height,fold,2,9,2588211768,27,43.306228,44.099857,0.793629,neutral
permutation,dense,bbox_height,fold,3,0,582259589,26,58.930772,56.277508,-2.653264,improvement
permutation,dense,bbox_height,fold,3,1,3440901651,26,58.930772,58.416495,-0.514276,neutral
permutation,dense,bbox_height,fold,3,2,3762169529,26,58.930772,58.384542,-0.546229,neutral
permutation,dense,bbox_height,fold,3,3,3454763683,26,58.930772,54.487534,-4.443238,improvement
permutation,dense,bbox_height,fold,3,4,2038422325,26,58.930772,54.915856,-4.014916,improvement
permutation,dense,bbox_height,fold,3,5,2056947311,26,58.930772,56.710003,-2.220769,improvement
permutation,dense,bbox_height,fold,3,6,3328780686,26,58.930772,53.902071,-5.028701,improvement
permutation,dense,bbox_height,fold,3,7,3313011264,26,58.930772,56.607399,-2.323373,improvement
permutation,dense,bbox_height,fold,3,8,1026490300,26,58.930772,58.537524,-0.393247,neutral
permutation,dense,bbox_height,fold,3,9,2839192347,26,58.930772,56.573976,-2.356796,improvement
permutation,dense,bbox_height,fold,4,0,1718484835,26,66.590015,71.828920,5.238905,harm
permutation,dense,bbox_height,fold,4,1,1390207100,26,66.590015,69.402600,2.812585,harm
permutation,dense,bbox_height,fold,4,2,1147275737,26,66.590015,68.179852,1.589837,harm
permutation,dense,bbox_height,fold,4,3,4112584814,26,66.590015,70.213506,3.623491,harm
permutation,dense,bbox_height,fold,4,4,3637265170,26,66.590015,71.066610,4.476595,harm
permutation,dense,bbox_height,fold,4,5,1439152082,26,66.590015,67.046472,0.456457,neutral
permutation,dense,bbox_height,fold,4,6,1697456981,26,66.590015,66.811467,0.221453,neutral
permutation,dense,bbox_height,fold,4,7,1859323250,26,66.590015,69.084752,2.494737,harm
permutation,dense,bbox_height,fold,4,8,3750363084,26,66.590015,72.928375,6.338360,harm
permutation,dense,bbox_height,fold,4,9,2593610677,26,66.590015,72.558466,5.968452,harm
permutation,dense,bbox_height,fold,5,0,2322795899,26,51.972007,56.366126,4.394119,harm
permutation,dense,bbox_height,fold,5,1,85620716,26,51.972007,54.615376,2.643368,harm
permutation,dense,bbox_height,fold,5,2,2777961977,26,51.972007,56.001682,4.029674,harm
permutation,dense,bbox_height,fold,5,3,2356850197,26,51.972007,56.368573,4.396565,harm
permutation,dense,bbox_height,fold,5,4,3611485839,26,51.972007,59.184131,7.212123,harm
permutation,dense,bbox_height,fold,5,5,425353936,26,51.972007,55.439818,3.467810,harm
permutation,dense,bbox_height,fold,5,6,1572211369,26,51.972007,58.593997,6.621989,harm
permutation,dense,bbox_height,fold,5,7,1435715587,26,51.972007,59.123798,7.151790,harm
permutation,dense,bbox_height,fold,5,8,320365203,26,51.972007,58.771550,6.799542,harm
permutation,dense,bbox_height,fold,5,9,1140286487,26,51.972007,61.437440,9.465433,harm
permutation,dense,bbox_height,oof,,0,,132,54.852306,57.509552,2.657246,harm
permutation,dense,bbox_height,oof,,1,,132,54.852306,58.075982,3.223677,harm
permutation,dense,bbox_height,oof,,2,,132,54.852306,56.523110,1.670804,harm
permutation,dense,bbox_height,oof,,3,,132,54.852306,56.233203,1.380898,harm
permutation,dense,bbox_height,oof,,4,,132,54.852306,57.064505,2.212199,harm
permutation,dense,bbox_height,oof,,5,,132,54.852306,55.778107,0.925802,neutral
permutation,dense,bbox_height,oof,,6,,132,54.852306,55.574636,0.722331,neutral
permutation,dense,bbox_height,oof,,7,,132,54.852306,56.919661,2.067355,harm
permutation,dense,bbox_height,oof,,8,,132,54.852306,57.314944,2.462638,harm
permutation,dense,bbox_height,oof,,9,,132,54.852306,57.901269,3.048964,harm
permutation,dense,bbox_width,fold,1,0,225892424,27,53.941613,63.771402,9.829789,harm
permutation,dense,bbox_width,fold,1,1,2544360663,27,53.941613,62.819530,8.877917,harm
permutation,dense,bbox_width,fold,1,2,222567208,27,53.941613,59.623632,5.682019,harm
permutation,dense,bbox_width,fold,1,3,1469950343,27,53.941613,60.386710,6.445097,harm
permutation,dense,bbox_width,fold,1,4,4278900087,27,53.941613,64.081136,10.139524,harm
permutation,dense,bbox_width,fold,1,5,3428306098,27,53.941613,63.523883,9.582270,harm
permutation,dense,bbox_width,fold,1,6,675101734,27,53.941613,54.506189,0.564576,neutral
permutation,dense,bbox_width,fold,1,7,355717651,27,53.941613,61.143739,7.202126,harm
permutation,dense,bbox_width,fold,1,8,2568668883,27,53.941613,53.081051,-0.860562,neutral
permutation,dense,bbox_width,fold,1,9,486936665,27,53.941613,61.979882,8.038269,harm
permutation,dense,bbox_width,fold,2,0,4251611175,27,43.306228,54.638638,11.332410,harm
permutation,dense,bbox_width,fold,2,1,2065156594,27,43.306228,55.987005,12.680777,harm
permutation,dense,bbox_width,fold,2,2,2344017719,27,43.306228,51.411962,8.105735,harm
permutation,dense,bbox_width,fold,2,3,2700855901,27,43.306228,50.364093,7.057865,harm
permutation,dense,bbox_width,fold,2,4,3753142501,27,43.306228,52.738245,9.432017,harm
permutation,dense,bbox_width,fold,2,5,831445519,27,43.306228,47.280369,3.974141,harm
permutation,dense,bbox_width,fold,2,6,3689016546,27,43.306228,50.122835,6.816607,harm
permutation,dense,bbox_width,fold,2,7,1379128374,27,43.306228,55.561743,12.255515,harm
permutation,dense,bbox_width,fold,2,8,2999605904,27,43.306228,51.968562,8.662334,harm
permutation,dense,bbox_width,fold,2,9,3277255808,27,43.306228,56.781171,13.474943,harm
permutation,dense,bbox_width,fold,3,0,477614228,26,58.930772,67.133581,8.202810,harm
permutation,dense,bbox_width,fold,3,1,4000263244,26,58.930772,55.722335,-3.208437,improvement
permutation,dense,bbox_width,fold,3,2,1341629134,26,58.930772,65.220548,6.289776,harm
permutation,dense,bbox_width,fold,3,3,4202027627,26,58.930772,68.625712,9.694940,harm
permutation,dense,bbox_width,fold,3,4,3945127613,26,58.930772,61.089899,2.159127,harm
permutation,dense,bbox_width,fold,3,5,1168201104,26,58.930772,61.446417,2.515645,harm
permutation,dense,bbox_width,fold,3,6,800322976,26,58.930772,63.936401,5.005630,harm
permutation,dense,bbox_width,fold,3,7,3118720732,26,58.930772,69.797374,10.866603,harm
permutation,dense,bbox_width,fold,3,8,1462582876,26,58.930772,59.310060,0.379288,neutral
permutation,dense,bbox_width,fold,3,9,565410669,26,58.930772,62.227920,3.297148,harm
permutation,dense,bbox_width,fold,4,0,1661957416,26,66.590015,71.230721,4.640706,harm
permutation,dense,bbox_width,fold,4,1,2049818004,26,66.590015,70.047149,3.457134,harm
permutation,dense,bbox_width,fold,4,2,68040474,26,66.590015,69.930882,3.340868,harm
permutation,dense,bbox_width,fold,4,3,2369247114,26,66.590015,77.635224,11.045209,harm
permutation,dense,bbox_width,fold,4,4,3127936145,26,66.590015,68.505876,1.915862,harm
permutation,dense,bbox_width,fold,4,5,707275189,26,66.590015,71.967788,5.377774,harm
permutation,dense,bbox_width,fold,4,6,3314222776,26,66.590015,71.666496,5.076481,harm
permutation,dense,bbox_width,fold,4,7,1007107819,26,66.590015,69.337832,2.747817,harm
permutation,dense,bbox_width,fold,4,8,1874793446,26,66.590015,68.776100,2.186085,harm
permutation,dense,bbox_width,fold,4,9,3336015731,26,66.590015,71.657735,5.067720,harm
permutation,dense,bbox_width,fold,5,0,3730936141,26,51.972007,52.255298,0.283291,neutral
permutation,dense,bbox_width,fold,5,1,252723195,26,51.972007,57.556180,5.584173,harm
permutation,dense,bbox_width,fold,5,2,853269495,26,51.972007,62.008129,10.036122,harm
permutation,dense,bbox_width,fold,5,3,2551750297,26,51.972007,58.080137,6.108130,harm
permutation,dense,bbox_width,fold,5,4,4257813711,26,51.972007,51.025919,-0.946089,neutral
permutation,dense,bbox_width,fold,5,5,2644371594,26,51.972007,61.986865,10.014857,harm
permutation,dense,bbox_width,fold,5,6,1828286532,26,51.972007,59.218046,7.246039,harm
permutation,dense,bbox_width,fold,5,7,488349912,26,51.972007,62.552607,10.580600,harm
permutation,dense,bbox_width,fold,5,8,855083614,26,51.972007,56.552099,4.580092,harm
permutation,dense,bbox_width,fold,5,9,2076633371,26,51.972007,59.500317,7.528309,harm
permutation,dense,bbox_width,oof,,0,,132,54.852306,61.766520,6.914215,harm
permutation,dense,bbox_width,oof,,1,,132,54.852306,60.410937,5.558632,harm
permutation,dense,bbox_width,oof,,2,,132,54.852306,61.546285,6.693979,harm
permutation,dense,bbox_width,oof,,3,,132,54.852306,62.902572,8.050267,harm
permutation,dense,bbox_width,oof,,4,,132,54.852306,59.471874,4.619568,harm
permutation,dense,bbox_width,oof,,5,,132,54.852306,61.152596,6.300290,harm
permutation,dense,bbox_width,oof,,6,,132,54.852306,59.775213,4.922908,harm
permutation,dense,bbox_width,oof,,7,,132,54.852306,63.597963,8.745658,harm
permutation,dense,bbox_width,oof,,8,,132,54.852306,57.855563,3.003257,harm
permutation,dense,bbox_width,oof,,9,,132,54.852306,62.383210,7.530904,harm
permutation,dense,center_to_end_occupancy_ratio,fold,1,0,952473669,27,53.941613,53.590043,-0.351570,neutral
permutation,dense,center_to_end_occupancy_ratio,fold,1,1,890760286,27,53.941613,59.948078,6.006466,harm
permutation,dense,center_to_end_occupancy_ratio,fold,1,2,146698890,27,53.941613,54.514010,0.572398,neutral
permutation,dense,center_to_end_occupancy_ratio,fold,1,3,2865544163,27,53.941613,59.250687,5.309074,harm
permutation,dense,center_to_end_occupancy_ratio,fold,1,4,4288589237,27,53.941613,54.689739,0.748127,neutral
permutation,dense,center_to_end_occupancy_ratio,fold,1,5,468821503,27,53.941613,59.332428,5.390815,harm
permutation,dense,center_to_end_occupancy_ratio,fold,1,6,3234557498,27,53.941613,58.367729,4.426117,harm
permutation,dense,center_to_end_occupancy_ratio,fold,1,7,4270415511,27,53.941613,56.134123,2.192510,harm
permutation,dense,center_to_end_occupancy_ratio,fold,1,8,3740345256,27,53.941613,53.153815,-0.787797,neutral
permutation,dense,center_to_end_occupancy_ratio,fold,1,9,1907904380,27,53.941613,60.566645,6.625032,harm
permutation,dense,center_to_end_occupancy_ratio,fold,2,0,442096774,27,43.306228,49.743032,6.436804,harm
permutation,dense,center_to_end_occupancy_ratio,fold,2,1,4079964017,27,43.306228,42.578104,-0.728124,neutral
permutation,dense,center_to_end_occupancy_ratio,fold,2,2,1475382375,27,43.306228,49.607805,6.301577,harm
permutation,dense,center_to_end_occupancy_ratio,fold,2,3,2602485015,27,43.306228,44.815393,1.509165,harm
permutation,dense,center_to_end_occupancy_ratio,fold,2,4,2920597865,27,43.306228,48.174262,4.868034,harm
permutation,dense,center_to_end_occupancy_ratio,fold,2,5,1650934121,27,43.306228,41.152065,-2.154163,improvement
permutation,dense,center_to_end_occupancy_ratio,fold,2,6,3341104807,27,43.306228,41.913199,-1.393029,improvement
permutation,dense,center_to_end_occupancy_ratio,fold,2,7,4195043013,27,43.306228,51.576387,8.270159,harm
permutation,dense,center_to_end_occupancy_ratio,fold,2,8,2665873799,27,43.306228,51.659716,8.353488,harm
permutation,dense,center_to_end_occupancy_ratio,fold,2,9,1094137936,27,43.306228,48.576376,5.270149,harm
permutation,dense,center_to_end_occupancy_ratio,fold,3,0,1940135952,26,58.930772,59.608871,0.678099,neutral
permutation,dense,center_to_end_occupancy_ratio,fold,3,1,347325359,26,58.930772,61.588673,2.657901,harm
permutation,dense,center_to_end_occupancy_ratio,fold,3,2,4062753238,26,58.930772,60.148800,1.218029,harm
permutation,dense,center_to_end_occupancy_ratio,fold,3,3,148969557,26,58.930772,58.126145,-0.804626,neutral
permutation,dense,center_to_end_occupancy_ratio,fold,3,4,3301436586,26,58.930772,55.245547,-3.685225,improvement
permutation,dense,center_to_end_occupancy_ratio,fold,3,5,676655091,26,58.930772,54.211977,-4.718794,improvement
permutation,dense,center_to_end_occupancy_ratio,fold,3,6,1726612076,26,58.930772,56.849153,-2.081619,improvement
permutation,dense,center_to_end_occupancy_ratio,fold,3,7,3995690490,26,58.930772,63.635859,4.705087,harm
permutation,dense,center_to_end_occupancy_ratio,fold,3,8,2445629997,26,58.930772,59.465892,0.535120,neutral
permutation,dense,center_to_end_occupancy_ratio,fold,3,9,3731664374,26,58.930772,56.810814,-2.119958,improvement
permutation,dense,center_to_end_occupancy_ratio,fold,4,0,1219862156,26,66.590015,58.246414,-8.343601,improvement
permutation,dense,center_to_end_occupancy_ratio,fold,4,1,2917438554,26,66.590015,56.763264,-9.826751,improvement
permutation,dense,center_to_end_occupancy_ratio,fold,4,2,2877562520,26,66.590015,65.119771,-1.470243,improvement
permutation,dense,center_to_end_occupancy_ratio,fold,4,3,2592803138,26,66.590015,63.669269,-2.920746,improvement
permutation,dense,center_to_end_occupancy_ratio,fold,4,4,167929118,26,66.590015,55.512806,-11.077209,improvement
permutation,dense,center_to_end_occupancy_ratio,fold,4,5,3657485136,26,66.590015,63.724470,-2.865544,improvement
permutation,dense,center_to_end_occupancy_ratio,fold,4,6,1644633566,26,66.590015,70.366742,3.776727,harm
permutation,dense,center_to_end_occupancy_ratio,fold,4,7,3598507031,26,66.590015,68.283606,1.693592,harm
permutation,dense,center_to_end_occupancy_ratio,fold,4,8,182215283,26,66.590015,65.678444,-0.911570,neutral
permutation,dense,center_to_end_occupancy_ratio,fold,4,9,4060560187,26,66.590015,63.335995,-3.254020,improvement
permutation,dense,center_to_end_occupancy_ratio,fold,5,0,428031558,26,51.972007,61.196390,9.224382,harm
permutation,dense,center_to_end_occupancy_ratio,fold,5,1,1596369572,26,51.972007,57.332228,5.360220,harm
permutation,dense,center_to_end_occupancy_ratio,fold,5,2,654680012,26,51.972007,49.477920,-2.494088,improvement
permutation,dense,center_to_end_occupancy_ratio,fold,5,3,1107348756,26,51.972007,54.416884,2.444876,harm
permutation,dense,center_to_end_occupancy_ratio,fold,5,4,1053357982,26,51.972007,52.001947,0.029939,neutral
permutation,dense,center_to_end_occupancy_ratio,fold,5,5,3228131698,26,51.972007,61.487514,9.515507,harm
permutation,dense,center_to_end_occupancy_ratio,fold,5,6,2717744656,26,51.972007,58.967826,6.995818,harm
permutation,dense,center_to_end_occupancy_ratio,fold,5,7,2585186329,26,51.972007,51.613994,-0.358013,neutral
permutation,dense,center_to_end_occupancy_ratio,fold,5,8,3116478505,26,51.972007,58.998415,7.026408,harm
permutation,dense,center_to_end_occupancy_ratio,fold,5,9,1654601000,26,51.972007,53.485129,1.513121,harm
permutation,dense,center_to_end_occupancy_ratio,oof,,0,,132,54.852306,56.404065,1.551759,harm
permutation,dense,center_to_end_occupancy_ratio,oof,,1,,132,54.852306,55.575721,0.723416,neutral
permutation,dense,center_to_end_occupancy_ratio,oof,,2,,132,54.852306,55.717408,0.865102,neutral
permutation,dense,center_to_end_occupancy_ratio,oof,,3,,132,54.852306,55.994727,1.142421,harm
permutation,dense,center_to_end_occupancy_ratio,oof,,4,,132,54.852306,53.099211,-1.753095,improvement
permutation,dense,center_to_end_occupancy_ratio,oof,,5,,132,54.852306,55.894730,1.042424,harm
permutation,dense,center_to_end_occupancy_ratio,oof,,6,,132,54.852306,57.184559,2.332253,harm
permutation,dense,center_to_end_occupancy_ratio,oof,,7,,132,54.852306,58.182225,3.329920,harm
permutation,dense,center_to_end_occupancy_ratio,oof,,8,,132,54.852306,57.709673,2.857368,harm
permutation,dense,center_to_end_occupancy_ratio,oof,,9,,132,54.852306,56.524939,1.672634,harm
permutation,dense,center_vertical_occupancy,fold,1,0,1475245477,27,53.941613,68.059419,14.117806,harm
permutation,dense,center_vertical_occupancy,fold,1,1,1971119061,27,53.941613,66.645058,12.703445,harm
permutation,dense,center_vertical_occupancy,fold,1,2,514103961,27,53.941613,66.612274,12.670661,harm
permutation,dense,center_vertical_occupancy,fold,1,3,697991252,27,53.941613,56.885594,2.943981,harm
permutation,dense,center_vertical_occupancy,fold,1,4,440202666,27,53.941613,61.118369,7.176756,harm
permutation,dense,center_vertical_occupancy,fold,1,5,2849827905,27,53.941613,71.083328,17.141715,harm
permutation,dense,center_vertical_occupancy,fold,1,6,904350370,27,53.941613,70.891276,16.949663,harm
permutation,dense,center_vertical_occupancy,fold,1,7,2357546195,27,53.941613,63.721094,9.779482,harm
permutation,dense,center_vertical_occupancy,fold,1,8,3590993864,27,53.941613,66.877851,12.936239,harm
permutation,dense,center_vertical_occupancy,fold,1,9,2332723539,27,53.941613,62.783655,8.842042,harm
permutation,dense,center_vertical_occupancy,fold,2,0,1682006233,27,43.306228,57.602993,14.296765,harm
permutation,dense,center_vertical_occupancy,fold,2,1,3734875920,27,43.306228,47.317881,4.011653,harm
permutation,dense,center_vertical_occupancy,fold,2,2,2650890476,27,43.306228,59.459051,16.152823,harm
permutation,dense,center_vertical_occupancy,fold,2,3,545619371,27,43.306228,57.313101,14.006873,harm
permutation,dense,center_vertical_occupancy,fold,2,4,3250565208,27,43.306228,52.769797,9.463569,harm
permutation,dense,center_vertical_occupancy,fold,2,5,1340968441,27,43.306228,54.131826,10.825599,harm
permutation,dense,center_vertical_occupancy,fold,2,6,1853920140,27,43.306228,52.178740,8.872512,harm
permutation,dense,center_vertical_occupancy,fold,2,7,4045667363,27,43.306228,53.733386,10.427158,harm
permutation,dense,center_vertical_occupancy,fold,2,8,3996043834,27,43.306228,56.916756,13.610529,harm
permutation,dense,center_vertical_occupancy,fold,2,9,326917010,27,43.306228,49.296678,5.990450,harm
permutation,dense,center_vertical_occupancy,fold,3,0,465215,26,58.930772,62.372190,3.441418,harm
permutation,dense,center_vertical_occupancy,fold,3,1,2990417006,26,58.930772,58.723300,-0.207472,neutral
permutation,dense,center_vertical_occupancy,fold,3,2,2987056239,26,58.930772,65.620086,6.689314,harm
permutation,dense,center_vertical_occupancy,fold,3,3,3829779892,26,58.930772,67.474652,8.543881,harm
permutation,dense,center_vertical_occupancy,fold,3,4,4264207524,26,58.930772,63.312301,4.381529,harm
permutation,dense,center_vertical_occupancy,fold,3,5,3943847129,26,58.930772,65.753962,6.823191,harm
permutation,dense,center_vertical_occupancy,fold,3,6,1101149480,26,58.930772,68.181733,9.250962,harm
permutation,dense,center_vertical_occupancy,fold,3,7,963744357,26,58.930772,68.520177,9.589406,harm
permutation,dense,center_vertical_occupancy,fold,3,8,2962170762,26,58.930772,68.480181,9.549410,harm
permutation,dense,center_vertical_occupancy,fold,3,9,1363007,26,58.930772,67.975531,9.044759,harm
permutation,dense,center_vertical_occupancy,fold,4,0,4069318063,26,66.590015,74.310722,7.720708,harm
permutation,dense,center_vertical_occupancy,fold,4,1,3775745667,26,66.590015,69.159542,2.569527,harm
permutation,dense,center_vertical_occupancy,fold,4,2,2798704888,26,66.590015,74.247310,7.657296,harm
permutation,dense,center_vertical_occupancy,fold,4,3,1789495972,26,66.590015,70.885724,4.295709,harm
permutation,dense,center_vertical_occupancy,fold,4,4,456286217,26,66.590015,76.926122,10.336107,harm
permutation,dense,center_vertical_occupancy,fold,4,5,2918565774,26,66.590015,70.360190,3.770175,harm
permutation,dense,center_vertical_occupancy,fold,4,6,2529539423,26,66.590015,65.557071,-1.032943,improvement
permutation,dense,center_vertical_occupancy,fold,4,7,3970924535,26,66.590015,70.765684,4.175669,harm
permutation,dense,center_vertical_occupancy,fold,4,8,2735936310,26,66.590015,71.927729,5.337715,harm
permutation,dense,center_vertical_occupancy,fold,4,9,1952043264,26,66.590015,71.799611,5.209597,harm
permutation,dense,center_vertical_occupancy,fold,5,0,2966749494,26,51.972007,52.737653,0.765646,neutral
permutation,dense,center_vertical_occupancy,fold,5,1,984640520,26,51.972007,63.998545,12.026538,harm
permutation,dense,center_vertical_occupancy,fold,5,2,1559104404,26,51.972007,62.574896,10.602888,harm
permutation,dense,center_vertical_occupancy,fold,5,3,569284791,26,51.972007,62.041812,10.069805,harm
permutation,dense,center_vertical_occupancy,fold,5,4,587408751,26,51.972007,57.264666,5.292659,harm
permutation,dense,center_vertical_occupancy,fold,5,5,2062723202,26,51.972007,55.536225,3.564218,harm
permutation,dense,center_vertical_occupancy,fold,5,6,3838019513,26,51.972007,57.746353,5.774346,harm
permutation,dense,center_vertical_occupancy,fold,5,7,3860219936,26,51.972007,52.613777,0.641770,neutral
permutation,dense,center_vertical_occupancy,fold,5,8,1540595837,26,51.972007,53.048548,1.076541,harm
permutation,dense,center_vertical_occupancy,fold,5,9,2804212883,26,51.972007,63.744257,11.772250,harm
permutation,dense,center_vertical_occupancy,oof,,0,,132,54.852306,63.013787,8.161481,harm
permutation,dense,center_vertical_occupancy,oof,,1,,132,54.852306,61.105420,6.253114,harm
permutation,dense,center_vertical_occupancy,oof,,2,,132,54.852306,65.662313,10.810008,harm
permutation,dense,center_vertical_occupancy,oof,,3,,132,54.852306,62.831982,7.979677,harm
permutation,dense,center_vertical_occupancy,oof,,4,,132,54.852306,62.197430,7.345125,harm
permutation,dense,center_vertical_occupancy,oof,,5,,132,54.852306,63.361507,8.509202,harm
permutation,dense,center_vertical_occupancy,oof,,6,,132,54.852306,62.890186,8.037880,harm
permutation,dense,center_vertical_occupancy,oof,,7,,132,54.852306,61.823194,6.970888,harm
permutation,dense,center_vertical_occupancy,oof,,8,,132,54.852306,63.426684,8.574379,harm
permutation,dense,center_vertical_occupancy,oof,,9,,132,54.852306,63.012677,8.160371,harm
permutation,dense,centroid_x_offset,fold,1,0,2646409411,27,53.941613,52.469993,-1.471620,improvement
permutation,dense,centroid_x_offset,fold,1,1,953721213,27,53.941613,49.454642,-4.486971,improvement
permutation,dense,centroid_x_offset,fold,1,2,4241739345,27,53.941613,56.209569,2.267957,harm
permutation,dense,centroid_x_offset,fold,1,3,1055920743,27,53.941613,54.488528,0.546916,neutral
permutation,dense,centroid_x_offset,fold,1,4,2864808136,27,53.941613,56.585249,2.643636,harm
permutation,dense,centroid_x_offset,fold,1,5,1288843119,27,53.941613,57.095130,3.153518,harm
permutation,dense,centroid_x_offset,fold,1,6,2457004440,27,53.941613,57.113773,3.172161,harm
permutation,dense,centroid_x_offset,fold,1,7,243578638,27,53.941613,53.226277,-0.715336,neutral
permutation,dense,centroid_x_offset,fold,1,8,1990730713,27,53.941613,55.064017,1.122404,harm
permutation,dense,centroid_x_offset,fold,1,9,909109501,27,53.941613,59.435926,5.494314,harm
permutation,dense,centroid_x_offset,fold,2,0,789417543,27,43.306228,46.938274,3.632046,harm
permutation,dense,centroid_x_offset,fold,2,1,3451557624,27,43.306228,44.081638,0.775410,neutral
permutation,dense,centroid_x_offset,fold,2,2,4022070468,27,43.306228,45.401761,2.095533,harm
permutation,dense,centroid_x_offset,fold,2,3,2000006669,27,43.306228,48.800021,5.493793,harm
permutation,dense,centroid_x_offset,fold,2,4,1056028129,27,43.306228,46.747860,3.441632,harm
permutation,dense,centroid_x_offset,fold,2,5,3627294127,27,43.306228,43.051380,-0.254847,neutral
permutation,dense,centroid_x_offset,fold,2,6,3368762683,27,43.306228,44.225682,0.919454,neutral
permutation,dense,centroid_x_offset,fold,2,7,3420774699,27,43.306228,52.982330,9.676102,harm
permutation,dense,centroid_x_offset,fold,2,8,2477873811,27,43.306228,48.703200,5.396972,harm
permutation,dense,centroid_x_offset,fold,2,9,2315490723,27,43.306228,45.544838,2.238610,harm
permutation,dense,centroid_x_offset,fold,3,0,2032069452,26,58.930772,54.505691,-4.425081,improvement
permutation,dense,centroid_x_offset,fold,3,1,1145938995,26,58.930772,57.243403,-1.687368,improvement
permutation,dense,centroid_x_offset,fold,3,2,2164303134,26,58.930772,57.809154,-1.121618,improvement
permutation,dense,centroid_x_offset,fold,3,3,3899560055,26,58.930772,52.837592,-6.093180,improvement
permutation,dense,centroid_x_offset,fold,3,4,607824498,26,58.930772,58.381417,-0.549355,neutral
permutation,dense,centroid_x_offset,fold,3,5,26856051,26,58.930772,58.129439,-0.801332,neutral
permutation,dense,centroid_x_offset,fold,3,6,2929909740,26,58.930772,56.326752,-2.604019,improvement
permutation,dense,centroid_x_offset,fold,3,7,4057951185,26,58.930772,58.276053,-0.654718,neutral
permutation,dense,centroid_x_offset,fold,3,8,2098105785,26,58.930772,56.784890,-2.145882,improvement
permutation,dense,centroid_x_offset,fold,3,9,4038102275,26,58.930772,58.108103,-0.822669,neutral
permutation,dense,centroid_x_offset,fold,4,0,240925251,26,66.590015,57.416336,-9.173679,improvement
permutation,dense,centroid_x_offset,fold,4,1,2952678943,26,66.590015,56.645094,-9.944921,improvement
permutation,dense,centroid_x_offset,fold,4,2,594645740,26,66.590015,58.778527,-7.811488,improvement
permutation,dense,centroid_x_offset,fold,4,3,23731844,26,66.590015,67.963270,1.373255,harm
permutation,dense,centroid_x_offset,fold,4,4,2509308944,26,66.590015,64.281240,-2.308775,improvement
permutation,dense,centroid_x_offset,fold,4,5,3940529521,26,66.590015,61.764284,-4.825731,improvement
permutation,dense,centroid_x_offset,fold,4,6,2375591558,26,66.590015,58.716443,-7.873571,improvement
permutation,dense,centroid_x_offset,fold,4,7,2526088448,26,66.590015,58.039769,-8.550245,improvement
permutation,dense,centroid_x_offset,fold,4,8,3953444639,26,66.590015,59.077364,-7.512650,improvement
permutation,dense,centroid_x_offset,fold,4,9,803143207,26,66.590015,61.845024,-4.744990,improvement
permutation,dense,centroid_x_offset,fold,5,0,3828322206,26,51.972007,52.741959,0.769952,neutral
permutation,dense,centroid_x_offset,fold,5,1,951100111,26,51.972007,52.690298,0.718291,neutral
permutation,dense,centroid_x_offset,fold,5,2,273299426,26,51.972007,56.045705,4.073697,harm
permutation,dense,centroid_x_offset,fold,5,3,2445435083,26,51.972007,56.056755,4.084747,harm
permutation,dense,centroid_x_offset,fold,5,4,3046585406,26,51.972007,56.161393,4.189385,harm
permutation,dense,centroid_x_offset,fold,5,5,1775816960,26,51.972007,53.173293,1.201285,harm
permutation,dense,centroid_x_offset,fold,5,6,921406955,26,51.972007,56.615322,4.643315,harm
permutation,dense,centroid_x_offset,fold,5,7,1219495621,26,51.972007,52.954827,0.982819,neutral
permutation,dense,centroid_x_offset,fold,5,8,4262730927,26,51.972007,51.190600,-0.781407,neutral
permutation,dense,centroid_x_offset,fold,5,9,1147917874,26,51.972007,53.338980,1.366972,harm
permutation,dense,centroid_x_offset,oof,,0,,132,54.852306,52.767324,-2.084981,improvement
permutation,dense,centroid_x_offset,oof,,1,,132,54.852306,51.943396,-2.908910,improvement
permutation,dense,centroid_x_offset,oof,,2,,132,54.852306,54.787681,-0.064624,neutral
permutation,dense,centroid_x_offset,oof,,3,,132,54.852306,55.962794,1.110489,harm
permutation,dense,centroid_x_offset,oof,,4,,132,54.852306,56.359237,1.506931,harm
permutation,dense,centroid_x_offset,oof,,5,,132,54.852306,54.573471,-0.278834,neutral
permutation,dense,centroid_x_offset,oof,,6,,132,54.852306,54.540051,-0.312254,neutral
permutation,dense,centroid_x_offset,oof,,7,,132,54.852306,55.065676,0.213371,neutral
permutation,dense,centroid_x_offset,oof,,8,,132,54.852306,54.129463,-0.722843,neutral
permutation,dense,centroid_x_offset,oof,,9,,132,54.852306,55.606632,0.754326,neutral
permutation,dense,centroid_y_ratio,fold,1,0,2779099478,27,53.941613,61.413920,7.472307,harm
permutation,dense,centroid_y_ratio,fold,1,1,4282433465,27,53.941613,57.711124,3.769511,harm
permutation,dense,centroid_y_ratio,fold,1,2,809593646,27,53.941613,56.228348,2.286735,harm
permutation,dense,centroid_y_ratio,fold,1,3,167278659,27,53.941613,58.880975,4.939362,harm
permutation,dense,centroid_y_ratio,fold,1,4,1101415613,27,53.941613,58.353722,4.412109,harm
permutation,dense,centroid_y_ratio,fold,1,5,2565576454,27,53.941613,65.800216,11.858603,harm
permutation,dense,centroid_y_ratio,fold,1,6,1699616757,27,53.941613,66.283035,12.341422,harm
permutation,dense,centroid_y_ratio,fold,1,7,128313957,27,53.941613,58.889122,4.947509,harm
permutation,dense,centroid_y_ratio,fold,1,8,3512550455,27,53.941613,63.961880,10.020268,harm
permutation,dense,centroid_y_ratio,fold,1,9,1888421558,27,53.941613,62.051136,8.109523,harm
permutation,dense,centroid_y_ratio,fold,2,0,1728279748,27,43.306228,44.806020,1.499792,harm
permutation,dense,centroid_y_ratio,fold,2,1,85243421,27,43.306228,48.379129,5.072902,harm
permutation,dense,centroid_y_ratio,fold,2,2,750827610,27,43.306228,48.899860,5.593632,harm
permutation,dense,centroid_y_ratio,fold,2,3,3549278070,27,43.306228,44.185436,0.879208,neutral
permutation,dense,centroid_y_ratio,fold,2,4,1714689885,27,43.306228,44.723546,1.417318,harm
permutation,dense,centroid_y_ratio,fold,2,5,1114355150,27,43.306228,48.070127,4.763899,harm
permutation,dense,centroid_y_ratio,fold,2,6,4176364234,27,43.306228,47.272790,3.966562,harm
permutation,dense,centroid_y_ratio,fold,2,7,257889404,27,43.306228,45.208240,1.902013,harm
permutation,dense,centroid_y_ratio,fold,2,8,3152278132,27,43.306228,42.977298,-0.328930,neutral
permutation,dense,centroid_y_ratio,fold,2,9,469081904,27,43.306228,48.399128,5.092900,harm
permutation,dense,centroid_y_ratio,fold,3,0,2125251610,26,58.930772,54.719455,-4.211317,improvement
permutation,dense,centroid_y_ratio,fold,3,1,815538836,26,58.930772,57.947651,-0.983121,neutral
permutation,dense,centroid_y_ratio,fold,3,2,1002355529,26,58.930772,58.296165,-0.634607,neutral
permutation,dense,centroid_y_ratio,fold,3,3,3081249892,26,58.930772,50.894052,-8.036720,improvement
permutation,dense,centroid_y_ratio,fold,3,4,141204616,26,58.930772,53.714442,-5.216330,improvement
permutation,dense,centroid_y_ratio,fold,3,5,2489425163,26,58.930772,57.583119,-1.347653,improvement
permutation,dense,centroid_y_ratio,fold,3,6,2587135890,26,58.930772,59.051529,0.120757,neutral
permutation,dense,centroid_y_ratio,fold,3,7,2271966936,26,58.930772,58.090611,-0.840161,neutral
permutation,dense,centroid_y_ratio,fold,3,8,3726064986,26,58.930772,57.552639,-1.378133,improvement
permutation,dense,centroid_y_ratio,fold,3,9,3929629742,26,58.930772,59.013749,0.082978,neutral
permutation,dense,centroid_y_ratio,fold,4,0,998988273,26,66.590015,67.750021,1.160006,harm
permutation,dense,centroid_y_ratio,fold,4,1,2976700069,26,66.590015,65.820760,-0.769254,neutral
permutation,dense,centroid_y_ratio,fold,4,2,794935271,26,66.590015,66.022011,-0.568003,neutral
permutation,dense,centroid_y_ratio,fold,4,3,1212857642,26,66.590015,67.769851,1.179836,harm
permutation,dense,centroid_y_ratio,fold,4,4,388085778,26,66.590015,69.513391,2.923377,harm
permutation,dense,centroid_y_ratio,fold,4,5,3964617780,26,66.590015,64.378043,-2.211972,improvement
permutation,dense,centroid_y_ratio,fold,4,6,2948671357,26,66.590015,65.103540,-1.486475,improvement
permutation,dense,centroid_y_ratio,fold,4,7,204654347,26,66.590015,68.435302,1.845287,harm
permutation,dense,centroid_y_ratio,fold,4,8,685717797,26,66.590015,68.159775,1.569761,harm
permutation,dense,centroid_y_ratio,fold,4,9,3832437258,26,66.590015,68.101700,1.511685,harm
permutation,dense,centroid_y_ratio,fold,5,0,1564576935,26,51.972007,56.242778,4.270771,harm
permutation,dense,centroid_y_ratio,fold,5,1,2256443150,26,51.972007,66.295202,14.323195,harm
permutation,dense,centroid_y_ratio,fold,5,2,626749661,26,51.972007,60.832363,8.860355,harm
permutation,dense,centroid_y_ratio,fold,5,3,4160972675,26,51.972007,59.667252,7.695245,harm
permutation,dense,centroid_y_ratio,fold,5,4,136109120,26,51.972007,51.248380,-0.723627,neutral
permutation,dense,centroid_y_ratio,fold,5,5,2881107945,26,51.972007,58.489679,6.517672,harm
permutation,dense,centroid_y_ratio,fold,5,6,3115808709,26,51.972007,57.100325,5.128318,harm
permutation,dense,centroid_y_ratio,fold,5,7,3046783469,26,51.972007,59.350475,7.378468,harm
permutation,dense,centroid_y_ratio,fold,5,8,1199961498,26,51.972007,53.825830,1.853823,harm
permutation,dense,centroid_y_ratio,fold,5,9,1244244052,26,51.972007,60.128447,8.156440,harm
permutation,dense,centroid_y_ratio,oof,,0,,132,54.852306,56.927704,2.075399,harm
permutation,dense,centroid_y_ratio,oof,,1,,132,54.852306,59.137051,4.284746,harm
permutation,dense,centroid_y_ratio,oof,,2,,132,54.852306,57.972543,3.120237,harm
permutation,dense,centroid_y_ratio,oof,,3,,132,54.852306,56.207600,1.355294,harm
permutation,dense,centroid_y_ratio,oof,,4,,132,54.852306,55.450514,0.598208,neutral
permutation,dense,centroid_y_ratio,oof,,5,,132,54.852306,58.835008,3.982703,harm
permutation,dense,centroid_y_ratio,oof,,6,,132,54.852306,58.929148,4.076842,harm
permutation,dense,centroid_y_ratio,oof,,7,,132,54.852306,57.904658,3.052353,harm
permutation,dense,centroid_y_ratio,oof,,8,,132,54.852306,57.237516,2.385211,harm
permutation,dense,centroid_y_ratio,oof,,9,,132,54.852306,59.473473,4.621167,harm
permutation,dense,circularity,fold,1,0,4058869712,27,53.941613,49.873386,-4.068227,improvement
permutation,dense,circularity,fold,1,1,739174896,27,53.941613,48.150910,-5.790703,improvement
permutation,dense,circularity,fold,1,2,2403948639,27,53.941613,47.526720,-6.414893,improvement
permutation,dense,circularity,fold,1,3,3382978717,27,53.941613,51.867326,-2.074287,improvement
permutation,dense,circularity,fold,1,4,2930223991,27,53.941613,54.325960,0.384347,neutral
permutation,dense,circularity,fold,1,5,1430026754,27,53.941613,48.084041,-5.857572,improvement
permutation,dense,circularity,fold,1,6,1827456196,27,53.941613,51.072419,-2.869194,improvement
permutation,dense,circularity,fold,1,7,1820912175,27,53.941613,51.154331,-2.787281,improvement
permutation,dense,circularity,fold,1,8,970980900,27,53.941613,53.503998,-0.437615,neutral
permutation,dense,circularity,fold,1,9,370249843,27,53.941613,56.205718,2.264105,harm
permutation,dense,circularity,fold,2,0,2930471091,27,43.306228,52.444885,9.138658,harm
permutation,dense,circularity,fold,2,1,3958364032,27,43.306228,50.676006,7.369778,harm
permutation,dense,circularity,fold,2,2,633831283,27,43.306228,50.347581,7.041353,harm
permutation,dense,circularity,fold,2,3,3654870846,27,43.306228,51.417580,8.111352,harm
permutation,dense,circularity,fold,2,4,1279706439,27,43.306228,48.505857,5.199629,harm
permutation,dense,circularity,fold,2,5,2850594226,27,43.306228,46.002234,2.696006,harm
permutation,dense,circularity,fold,2,6,727040280,27,43.306228,49.305864,5.999636,harm
permutation,dense,circularity,fold,2,7,3868506654,27,43.306228,49.276757,5.970529,harm
permutation,dense,circularity,fold,2,8,2302933615,27,43.306228,50.047464,6.741236,harm
permutation,dense,circularity,fold,2,9,2256305895,27,43.306228,49.072064,5.765836,harm
permutation,dense,circularity,fold,3,0,3593177891,26,58.930772,61.034898,2.104126,harm
permutation,dense,circularity,fold,3,1,3049020208,26,58.930772,57.866701,-1.064071,improvement
permutation,dense,circularity,fold,3,2,3434220281,26,58.930772,60.468140,1.537369,harm
permutation,dense,circularity,fold,3,3,675552362,26,58.930772,56.960700,-1.970072,improvement
permutation,dense,circularity,fold,3,4,1442611337,26,58.930772,61.261497,2.330725,harm
permutation,dense,circularity,fold,3,5,452807401,26,58.930772,62.691660,3.760888,harm
permutation,dense,circularity,fold,3,6,173534385,26,58.930772,62.503059,3.572288,harm
permutation,dense,circularity,fold,3,7,1571877074,26,58.930772,54.388561,-4.542210,improvement
permutation,dense,circularity,fold,3,8,2503104224,26,58.930772,58.856330,-0.074441,neutral
permutation,dense,circularity,fold,3,9,2867336566,26,58.930772,57.887305,-1.043467,improvement
permutation,dense,circularity,fold,4,0,2427638254,26,66.590015,68.689956,2.099941,harm
permutation,dense,circularity,fold,4,1,3662211752,26,66.590015,69.819857,3.229842,harm
permutation,dense,circularity,fold,4,2,2467077342,26,66.590015,68.471854,1.881839,harm
permutation,dense,circularity,fold,4,3,3641473343,26,66.590015,74.487290,7.897275,harm
permutation,dense,circularity,fold,4,4,4153864427,26,66.590015,70.775826,4.185811,harm
permutation,dense,circularity,fold,4,5,4100965465,26,66.590015,77.681440,11.091426,harm
permutation,dense,circularity,fold,4,6,1406983385,26,66.590015,82.302426,15.712411,harm
permutation,dense,circularity,fold,4,7,3329782387,26,66.590015,60.956847,-5.633168,improvement
permutation,dense,circularity,fold,4,8,1979755608,26,66.590015,67.562434,0.972420,neutral
permutation,dense,circularity,fold,4,9,1369839616,26,66.590015,73.018740,6.428725,harm
permutation,dense,circularity,fold,5,0,3269257153,26,51.972007,57.791672,5.819664,harm
permutation,dense,circularity,fold,5,1,3405477585,26,51.972007,58.978254,7.006246,harm
permutation,dense,circularity,fold,5,2,2650889674,26,51.972007,52.734526,0.762519,neutral
permutation,dense,circularity,fold,5,3,832000400,26,51.972007,60.383387,8.411380,harm
permutation,dense,circularity,fold,5,4,2767557587,26,51.972007,59.548053,7.576045,harm
permutation,dense,circularity,fold,5,5,1436307565,26,51.972007,57.797340,5.825332,harm
permutation,dense,circularity,fold,5,6,2913165606,26,51.972007,55.955893,3.983885,harm
permutation,dense,circularity,fold,5,7,442438614,26,51.972007,58.702763,6.730756,harm
permutation,dense,circularity,fold,5,8,247918146,26,51.972007,58.901765,6.929757,harm
permutation,dense,circularity,fold,5,9,653497776,26,51.972007,56.461210,4.489203,harm
permutation,dense,circularity,oof,,0,,132,54.852306,57.863810,3.011505,harm
permutation,dense,circularity,oof,,1,,132,54.852306,56.981908,2.129602,harm
permutation,dense,circularity,oof,,2,,132,54.852306,55.804119,0.951813,neutral
permutation,dense,circularity,oof,,3,,132,54.852306,58.911426,4.059121,harm
permutation,dense,circularity,oof,,4,,132,54.852306,58.770294,3.917988,harm
permutation,dense,circularity,oof,,5,,132,54.852306,58.278491,3.426186,harm
permutation,dense,circularity,oof,,6,,132,54.852306,60.075829,5.223524,harm
permutation,dense,circularity,oof,,7,,132,54.852306,54.824938,-0.027367,neutral
permutation,dense,circularity,oof,,8,,132,54.852306,57.683509,2.831204,harm
permutation,dense,circularity,oof,,9,,132,54.852306,58.439763,3.587458,harm
permutation,dense,convex_area,fold,1,0,1448737136,27,53.941613,63.177512,9.235899,harm
permutation,dense,convex_area,fold,1,1,4219016945,27,53.941613,59.726876,5.785264,harm
permutation,dense,convex_area,fold,1,2,2223497350,27,53.941613,50.897805,-3.043807,improvement
permutation,dense,convex_area,fold,1,3,1494214945,27,53.941613,56.301144,2.359531,harm
permutation,dense,convex_area,fold,1,4,3333450927,27,53.941613,56.194162,2.252549,harm
permutation,dense,convex_area,fold,1,5,634948727,27,53.941613,56.288166,2.346553,harm
permutation,dense,convex_area,fold,1,6,3484390408,27,53.941613,53.503665,-0.437948,neutral
permutation,dense,convex_area,fold,1,7,3135008529,27,53.941613,51.324753,-2.616860,improvement
permutation,dense,convex_area,fold,1,8,90575500,27,53.941613,53.224797,-0.716816,neutral
permutation,dense,convex_area,fold,1,9,2387389665,27,53.941613,55.778918,1.837305,harm
permutation,dense,convex_area,fold,2,0,4161554154,27,43.306228,41.477938,-1.828289,improvement
permutation,dense,convex_area,fold,2,1,1937921222,27,43.306228,45.572657,2.266430,harm
permutation,dense,convex_area,fold,2,2,2364978773,27,43.306228,46.835950,3.529723,harm
permutation,dense,convex_area,fold,2,3,3047380040,27,43.306228,41.137554,-2.168674,improvement
permutation,dense,convex_area,fold,2,4,4037479270,27,43.306228,40.710785,-2.595443,improvement
permutation,dense,convex_area,fold,2,5,827674571,27,43.306228,49.352503,6.046275,harm
permutation,dense,convex_area,fold,2,6,3275332366,27,43.306228,46.320097,3.013869,harm
permutation,dense,convex_area,fold,2,7,3336587272,27,43.306228,42.923731,-0.382497,neutral
permutation,dense,convex_area,fold,2,8,3512205391,27,43.306228,46.660399,3.354172,harm
permutation,dense,convex_area,fold,2,9,2357986379,27,43.306228,46.540728,3.234500,harm
permutation,dense,convex_area,fold,3,0,2046715372,26,58.930772,55.493183,-3.437589,improvement
permutation,dense,convex_area,fold,3,1,4155080312,26,58.930772,51.498121,-7.432650,improvement
permutation,dense,convex_area,fold,3,2,3673072870,26,58.930772,48.090377,-10.840395,improvement
permutation,dense,convex_area,fold,3,3,2788145095,26,58.930772,53.350163,-5.580609,improvement
permutation,dense,convex_area,fold,3,4,3603524781,26,58.930772,56.657317,-2.273455,improvement
permutation,dense,convex_area,fold,3,5,67850496,26,58.930772,56.456155,-2.474617,improvement
permutation,dense,convex_area,fold,3,6,3329057555,26,58.930772,53.161294,-5.769478,improvement
permutation,dense,convex_area,fold,3,7,3007030928,26,58.930772,53.387858,-5.542914,improvement
permutation,dense,convex_area,fold,3,8,1979373110,26,58.930772,51.804995,-7.125776,improvement
permutation,dense,convex_area,fold,3,9,2640847663,26,58.930772,50.954100,-7.976672,improvement
permutation,dense,convex_area,fold,4,0,835931771,26,66.590015,67.170645,0.580630,neutral
permutation,dense,convex_area,fold,4,1,3391367711,26,66.590015,69.013039,2.423024,harm
permutation,dense,convex_area,fold,4,2,970668199,26,66.590015,67.198344,0.608329,neutral
permutation,dense,convex_area,fold,4,3,1621910197,26,66.590015,67.926156,1.336142,harm
permutation,dense,convex_area,fold,4,4,1699754734,26,66.590015,66.911223,0.321208,neutral
permutation,dense,convex_area,fold,4,5,1636769611,26,66.590015,65.902850,-0.687165,neutral
permutation,dense,convex_area,fold,4,6,2445064625,26,66.590015,71.722939,5.132925,harm
permutation,dense,convex_area,fold,4,7,2518447175,26,66.590015,66.257943,-0.332072,neutral
permutation,dense,convex_area,fold,4,8,3863800277,26,66.590015,65.412450,-1.177565,improvement
permutation,dense,convex_area,fold,4,9,2709715017,26,66.590015,64.701294,-1.888721,improvement
permutation,dense,convex_area,fold,5,0,1119604623,26,51.972007,57.649349,5.677342,harm
permutation,dense,convex_area,fold,5,1,761068883,26,51.972007,60.251605,8.279598,harm
permutation,dense,convex_area,fold,5,2,2825197713,26,51.972007,59.933662,7.961654,harm
permutation,dense,convex_area,fold,5,3,2446997611,26,51.972007,62.714094,10.742086,harm
permutation,dense,convex_area,fold,5,4,1244862161,26,51.972007,55.754453,3.782445,harm
permutation,dense,convex_area,fold,5,5,1441737529,26,51.972007,63.047443,11.075435,harm
permutation,dense,convex_area,fold,5,6,920888726,26,51.972007,55.955423,3.983415,harm
permutation,dense,convex_area,fold,5,7,4037271314,26,51.972007,57.087244,5.115237,harm
permutation,dense,convex_area,fold,5,8,175920656,26,51.972007,60.657524,8.685517,harm
permutation,dense,convex_area,fold,5,9,699676,26,51.972007,58.720066,6.748058,harm
permutation,dense,convex_area,oof,,0,,132,54.852306,56.923028,2.070723,harm
permutation,dense,convex_area,oof,,1,,132,54.852306,57.143328,2.291023,harm
permutation,dense,convex_area,oof,,2,,132,54.852306,54.504495,-0.347811,neutral
permutation,dense,convex_area,oof,,3,,132,54.852306,56.171179,1.318873,harm
permutation,dense,convex_area,oof,,4,,132,54.852306,55.142662,0.290356,neutral
permutation,dense,convex_area,oof,,5,,132,54.852306,58.127770,3.275465,harm
permutation,dense,convex_area,oof,,6,,132,54.852306,56.038429,1.186123,harm
permutation,dense,convex_area,oof,,7,,132,54.852306,54.089153,-0.763152,neutral
permutation,dense,convex_area,oof,,8,,132,54.852306,55.467042,0.614736,neutral
permutation,dense,convex_area,oof,,9,,132,54.852306,55.275700,0.423394,neutral
permutation,dense,convexity,fold,1,0,3890552908,27,53.941613,54.902206,0.960593,neutral
permutation,dense,convexity,fold,1,1,1397571834,27,53.941613,54.976568,1.034955,harm
permutation,dense,convexity,fold,1,2,691875612,27,53.941613,55.354994,1.413382,harm
permutation,dense,convexity,fold,1,3,4264409311,27,53.941613,53.313250,-0.628363,neutral
permutation,dense,convexity,fold,1,4,2599386622,27,53.941613,52.695626,-1.245987,improvement
permutation,dense,convexity,fold,1,5,203254615,27,53.941613,54.021564,0.079951,neutral
permutation,dense,convexity,fold,1,6,2834363041,27,53.941613,54.560649,0.619036,neutral
permutation,dense,convexity,fold,1,7,1482459063,27,53.941613,55.062160,1.120547,harm
permutation,dense,convexity,fold,1,8,563095068,27,53.941613,55.188634,1.247021,harm
permutation,dense,convexity,fold,1,9,3876581306,27,53.941613,52.902698,-1.038915,improvement
permutation,dense,convexity,fold,2,0,39553732,27,43.306228,46.475766,3.169539,harm
permutation,dense,convexity,fold,2,1,5675460,27,43.306228,48.960860,5.654632,harm
permutation,dense,convexity,fold,2,2,4093244388,27,43.306228,48.158670,4.852442,harm
permutation,dense,convexity,fold,2,3,2940052466,27,43.306228,37.774181,-5.532047,improvement
permutation,dense,convexity,fold,2,4,2567532213,27,43.306228,47.506763,4.200535,harm
permutation,dense,convexity,fold,2,5,2610029280,27,43.306228,41.295548,-2.010679,improvement
permutation,dense,convexity,fold,2,6,2298881088,27,43.306228,42.543165,-0.763063,neutral
permutation,dense,convexity,fold,2,7,4030895405,27,43.306228,41.212619,-2.093609,improvement
permutation,dense,convexity,fold,2,8,3185639229,27,43.306228,42.190226,-1.116002,improvement
permutation,dense,convexity,fold,2,9,154758773,27,43.306228,43.063422,-0.242806,neutral
permutation,dense,convexity,fold,3,0,3866779590,26,58.930772,55.153104,-3.777668,improvement
permutation,dense,convexity,fold,3,1,3018828112,26,58.930772,55.403944,-3.526827,improvement
permutation,dense,convexity,fold,3,2,1872931406,26,58.930772,52.313129,-6.617642,improvement
permutation,dense,convexity,fold,3,3,946570026,26,58.930772,51.165851,-7.764921,improvement
permutation,dense,convexity,fold,3,4,1960485633,26,58.930772,55.233444,-3.697328,improvement
permutation,dense,convexity,fold,3,5,2324644533,26,58.930772,56.074107,-2.856665,improvement
permutation,dense,convexity,fold,3,6,1122936937,26,58.930772,58.655732,-0.275040,neutral
permutation,dense,convexity,fold,3,7,721134115,26,58.930772,53.930193,-5.000578,improvement
permutation,dense,convexity,fold,3,8,3731543456,26,58.930772,52.732720,-6.198052,improvement
permutation,dense,convexity,fold,3,9,573526421,26,58.930772,55.563185,-3.367586,improvement
permutation,dense,convexity,fold,4,0,2714701500,26,66.590015,65.801666,-0.788348,neutral
permutation,dense,convexity,fold,4,1,2252637810,26,66.590015,62.937033,-3.652982,improvement
permutation,dense,convexity,fold,4,2,1325388800,26,66.590015,67.987589,1.397574,harm
permutation,dense,convexity,fold,4,3,3880938526,26,66.590015,67.119106,0.529091,neutral
permutation,dense,convexity,fold,4,4,751081078,26,66.590015,65.299394,-1.290620,improvement
permutation,dense,convexity,fold,4,5,4084090052,26,66.590015,64.791617,-1.798398,improvement
permutation,dense,convexity,fold,4,6,1240512258,26,66.590015,66.984020,0.394005,neutral
permutation,dense,convexity,fold,4,7,2169791695,26,66.590015,67.879456,1.289441,harm
permutation,dense,convexity,fold,4,8,3592664717,26,66.590015,65.356317,-1.233697,improvement
permutation,dense,convexity,fold,4,9,3810607545,26,66.590015,66.180554,-0.409461,neutral
permutation,dense,convexity,fold,5,0,3170184804,26,51.972007,54.075461,2.103453,harm
permutation,dense,convexity,fold,5,1,1703679329,26,51.972007,56.093257,4.121249,harm
permutation,dense,convexity,fold,5,2,2587689126,26,51.972007,55.939409,3.967402,harm
permutation,dense,convexity,fold,5,3,3599261014,26,51.972007,55.672760,3.700753,harm
permutation,dense,convexity,fold,5,4,2235065288,26,51.972007,53.572710,1.600703,harm
permutation,dense,convexity,fold,5,5,3033264693,26,51.972007,55.907351,3.935343,harm
permutation,dense,convexity,fold,5,6,4024150048,26,51.972007,53.623809,1.651802,harm
permutation,dense,convexity,fold,5,7,3195786806,26,51.972007,54.892514,2.920507,harm
permutation,dense,convexity,fold,5,8,3592089499,26,51.972007,54.565825,2.593818,harm
permutation,dense,convexity,fold,5,9,1339984763,26,51.972007,53.299505,1.327498,harm
permutation,dense,convexity,oof,,0,,132,54.852306,55.212055,0.359749,neutral
permutation,dense,convexity,oof,,1,,132,54.852306,55.618187,0.765881,neutral
permutation,dense,convexity,oof,,2,,132,54.852306,55.887214,1.034908,harm
permutation,dense,convexity,oof,,3,,132,54.852306,52.895919,-1.956387,improvement
permutation,dense,convexity,oof,,4,,132,54.852306,54.789460,-0.062845,neutral
permutation,dense,convexity,oof,,5,,132,54.852306,54.315621,-0.536685,neutral
permutation,dense,convexity,oof,,6,,132,54.852306,55.171633,0.319327,neutral
permutation,dense,convexity,oof,,7,,132,54.852306,54.497540,-0.354766,neutral
permutation,dense,convexity,oof,,8,,132,54.852306,53.926179,-0.926127,neutral
permutation,dense,convexity,oof,,9,,132,54.852306,54.107648,-0.744657,neutral
permutation,dense,end_vertical_occupancy_max,fold,1,0,2199962262,27,53.941613,63.017117,9.075504,harm
permutation,dense,end_vertical_occupancy_max,fold,1,1,1907564574,27,53.941613,68.996659,15.055046,harm
permutation,dense,end_vertical_occupancy_max,fold,1,2,721551831,27,53.941613,56.917005,2.975392,harm
permutation,dense,end_vertical_occupancy_max,fold,1,3,1303233301,27,53.941613,57.989731,4.048118,harm
permutation,dense,end_vertical_occupancy_max,fold,1,4,3338517267,27,53.941613,64.211237,10.269625,harm
permutation,dense,end_vertical_occupancy_max,fold,1,5,610509669,27,53.941613,66.592293,12.650680,harm
permutation,dense,end_vertical_occupancy_max,fold,1,6,3726812745,27,53.941613,68.108979,14.167366,harm
permutation,dense,end_vertical_occupancy_max,fold,1,7,561309469,27,53.941613,59.837631,5.896018,harm
permutation,dense,end_vertical_occupancy_max,fold,1,8,2778068625,27,53.941613,64.910232,10.968620,harm
permutation,dense,end_vertical_occupancy_max,fold,1,9,3659343487,27,53.941613,60.641224,6.699611,harm
permutation,dense,end_vertical_occupancy_max,fold,2,0,3417412024,27,43.306228,55.939882,12.633654,harm
permutation,dense,end_vertical_occupancy_max,fold,2,1,3168882282,27,43.306228,51.445817,8.139589,harm
permutation,dense,end_vertical_occupancy_max,fold,2,2,3769533780,27,43.306228,52.740755,9.434527,harm
permutation,dense,end_vertical_occupancy_max,fold,2,3,2742661175,27,43.306228,55.008683,11.702456,harm
permutation,dense,end_vertical_occupancy_max,fold,2,4,1162872198,27,43.306228,48.090039,4.783811,harm
permutation,dense,end_vertical_occupancy_max,fold,2,5,3491091417,27,43.306228,52.613131,9.306903,harm
permutation,dense,end_vertical_occupancy_max,fold,2,6,1518810713,27,43.306228,51.561689,8.255461,harm
permutation,dense,end_vertical_occupancy_max,fold,2,7,2000342673,27,43.306228,54.158734,10.852506,harm
permutation,dense,end_vertical_occupancy_max,fold,2,8,2802136756,27,43.306228,54.198468,10.892240,harm
permutation,dense,end_vertical_occupancy_max,fold,2,9,3803823905,27,43.306228,51.782778,8.476550,harm
permutation,dense,end_vertical_occupancy_max,fold,3,0,3983674981,26,58.930772,62.181135,3.250364,harm
permutation,dense,end_vertical_occupancy_max,fold,3,1,1872936963,26,58.930772,63.784854,4.854083,harm
permutation,dense,end_vertical_occupancy_max,fold,3,2,2001383807,26,58.930772,67.540065,8.609293,harm
permutation,dense,end_vertical_occupancy_max,fold,3,3,2926960198,26,58.930772,60.677867,1.747095,harm
permutation,dense,end_vertical_occupancy_max,fold,3,4,2464368731,26,58.930772,63.925684,4.994913,harm
permutation,dense,end_vertical_occupancy_max,fold,3,5,2126651886,26,58.930772,63.087863,4.157092,harm
permutation,dense,end_vertical_occupancy_max,fold,3,6,513183684,26,58.930772,68.013610,9.082838,harm
permutation,dense,end_vertical_occupancy_max,fold,3,7,3200560690,26,58.930772,64.785536,5.854764,harm
permutation,dense,end_vertical_occupancy_max,fold,3,8,4132272929,26,58.930772,63.544799,4.614027,harm
permutation,dense,end_vertical_occupancy_max,fold,3,9,2359522103,26,58.930772,68.969963,10.039191,harm
permutation,dense,end_vertical_occupancy_max,fold,4,0,3901401046,26,66.590015,85.580635,18.990620,harm
permutation,dense,end_vertical_occupancy_max,fold,4,1,1024250065,26,66.590015,72.898377,6.308362,harm
permutation,dense,end_vertical_occupancy_max,fold,4,2,3371800577,26,66.590015,82.190923,15.600908,harm
permutation,dense,end_vertical_occupancy_max,fold,4,3,2441326930,26,66.590015,80.813367,14.223353,harm
permutation,dense,end_vertical_occupancy_max,fold,4,4,3926837445,26,66.590015,83.124580,16.534566,harm
permutation,dense,end_vertical_occupancy_max,fold,4,5,726564848,26,66.590015,78.792498,12.202484,harm
permutation,dense,end_vertical_occupancy_max,fold,4,6,654369154,26,66.590015,73.879090,7.289076,harm
permutation,dense,end_vertical_occupancy_max,fold,4,7,3866469603,26,66.590015,76.789831,10.199816,harm
permutation,dense,end_vertical_occupancy_max,fold,4,8,2292938295,26,66.590015,69.129890,2.539875,harm
permutation,dense,end_vertical_occupancy_max,fold,4,9,2296348757,26,66.590015,88.289721,21.699706,harm
permutation,dense,end_vertical_occupancy_max,fold,5,0,3673252531,26,51.972007,60.698902,8.726894,harm
permutation,dense,end_vertical_occupancy_max,fold,5,1,2591131796,26,51.972007,61.436621,9.464614,harm
permutation,dense,end_vertical_occupancy_max,fold,5,2,1982097816,26,51.972007,56.499664,4.527657,harm
permutation,dense,end_vertical_occupancy_max,fold,5,3,1225145358,26,51.972007,57.775170,5.803162,harm
permutation,dense,end_vertical_occupancy_max,fold,5,4,3115839410,26,51.972007,62.346799,10.374791,harm
permutation,dense,end_vertical_occupancy_max,fold,5,5,4132948108,26,51.972007,54.815415,2.843408,harm
permutation,dense,end_vertical_occupancy_max,fold,5,6,51582114,26,51.972007,56.508301,4.536293,harm
permutation,dense,end_vertical_occupancy_max,fold,5,7,3607782301,26,51.972007,67.360203,15.388196,harm
permutation,dense,end_vertical_occupancy_max,fold,5,8,1396391420,26,51.972007,64.289861,12.317854,harm
permutation,dense,end_vertical_occupancy_max,fold,5,9,1340635272,26,51.972007,49.971992,-2.000016,improvement
permutation,dense,end_vertical_occupancy_max,oof,,0,,132,54.852306,65.392549,10.540243,harm
permutation,dense,end_vertical_occupancy_max,oof,,1,,132,54.852306,63.659568,8.807263,harm
permutation,dense,end_vertical_occupancy_max,oof,,2,,132,54.852306,63.051185,8.198880,harm
permutation,dense,end_vertical_occupancy_max,oof,,3,,132,54.852306,62.362755,7.510450,harm
permutation,dense,end_vertical_occupancy_max,oof,,4,,132,54.852306,64.215592,9.363286,harm
permutation,dense,end_vertical_occupancy_max,oof,,5,,132,54.852306,63.126035,8.273730,harm
permutation,dense,end_vertical_occupancy_max,oof,,6,,132,54.852306,63.557076,8.704770,harm
permutation,dense,end_vertical_occupancy_max,oof,,7,,132,54.852306,64.471414,9.619109,harm
permutation,dense,end_vertical_occupancy_max,oof,,8,,132,54.852306,63.159191,8.306886,harm
permutation,dense,end_vertical_occupancy_max,oof,,9,,132,54.852306,63.814179,8.961873,harm
permutation,dense,end_vertical_occupancy_min,fold,1,0,478497956,27,53.941613,57.155040,3.213428,harm
permutation,dense,end_vertical_occupancy_min,fold,1,1,3588856899,27,53.941613,50.749078,-3.192535,improvement
permutation,dense,end_vertical_occupancy_min,fold,1,2,289592664,27,53.941613,64.956842,11.015230,harm
permutation,dense,end_vertical_occupancy_min,fold,1,3,2577267912,27,53.941613,57.755124,3.813511,harm
permutation,dense,end_vertical_occupancy_min,fold,1,4,3311947368,27,53.941613,64.134527,10.192914,harm
permutation,dense,end_vertical_occupancy_min,fold,1,5,4288353018,27,53.941613,55.065079,1.123467,harm
permutation,dense,end_vertical_occupancy_min,fold,1,6,2375044001,27,53.941613,55.682220,1.740608,harm
permutation,dense,end_vertical_occupancy_min,fold,1,7,234276480,27,53.941613,58.388767,4.447154,harm
permutation,dense,end_vertical_occupancy_min,fold,1,8,1746780143,27,53.941613,53.622476,-0.319137,neutral
permutation,dense,end_vertical_occupancy_min,fold,1,9,216500949,27,53.941613,62.923935,8.982322,harm
permutation,dense,end_vertical_occupancy_min,fold,2,0,1062933547,27,43.306228,56.652343,13.346115,harm
permutation,dense,end_vertical_occupancy_min,fold,2,1,518213344,27,43.306228,57.712994,14.406766,harm
permutation,dense,end_vertical_occupancy_min,fold,2,2,1902427725,27,43.306228,48.497526,5.191298,harm
permutation,dense,end_vertical_occupancy_min,fold,2,3,2346282575,27,43.306228,68.150622,24.844394,harm
permutation,dense,end_vertical_occupancy_min,fold,2,4,1293719753,27,43.306228,46.891218,3.584990,harm
permutation,dense,end_vertical_occupancy_min,fold,2,5,2034052909,27,43.306228,43.778295,0.472067,neutral
permutation,dense,end_vertical_occupancy_min,fold,2,6,1979469419,27,43.306228,65.058312,21.752084,harm
permutation,dense,end_vertical_occupancy_min,fold,2,7,2700409449,27,43.306228,54.830870,11.524642,harm
permutation,dense,end_vertical_occupancy_min,fold,2,8,4158944628,27,43.306228,57.770447,14.464219,harm
permutation,dense,end_vertical_occupancy_min,fold,2,9,2476502008,27,43.306228,59.912037,16.605809,harm
permutation,dense,end_vertical_occupancy_min,fold,3,0,2482163159,26,58.930772,53.008941,-5.921831,improvement
permutation,dense,end_vertical_occupancy_min,fold,3,1,2362635991,26,58.930772,58.979226,0.048455,neutral
permutation,dense,end_vertical_occupancy_min,fold,3,2,3470370363,26,58.930772,57.300301,-1.630471,improvement
permutation,dense,end_vertical_occupancy_min,fold,3,3,1586650676,26,58.930772,61.721428,2.790656,harm
permutation,dense,end_vertical_occupancy_min,fold,3,4,1838246397,26,58.930772,58.011120,-0.919652,neutral
permutation,dense,end_vertical_occupancy_min,fold,3,5,998996316,26,58.930772,59.834963,0.904191,neutral
permutation,dense,end_vertical_occupancy_min,fold,3,6,3079801326,26,58.930772,58.826607,-0.104165,neutral
permutation,dense,end_vertical_occupancy_min,fold,3,7,2310370283,26,58.930772,50.343885,-8.586887,improvement
permutation,dense,end_vertical_occupancy_min,fold,3,8,589941068,26,58.930772,61.440581,2.509809,harm
permutation,dense,end_vertical_occupancy_min,fold,3,9,4098372863,26,58.930772,54.260378,-4.670394,improvement
permutation,dense,end_vertical_occupancy_min,fold,4,0,3664046689,26,66.590015,66.616710,0.026695,neutral
permutation,dense,end_vertical_occupancy_min,fold,4,1,1113108790,26,66.590015,63.548258,-3.041757,improvement
permutation,dense,end_vertical_occupancy_min,fold,4,2,1202729044,26,66.590015,66.715338,0.125324,neutral
permutation,dense,end_vertical_occupancy_min,fold,4,3,1859760167,26,66.590015,68.247930,1.657915,harm
permutation,dense,end_vertical_occupancy_min,fold,4,4,502681141,26,66.590015,71.086491,4.496476,harm
permutation,dense,end_vertical_occupancy_min,fold,4,5,1851037898,26,66.590015,72.951135,6.361121,harm
permutation,dense,end_vertical_occupancy_min,fold,4,6,2508995273,26,66.590015,68.275569,1.685555,harm
permutation,dense,end_vertical_occupancy_min,fold,4,7,3023803753,26,66.590015,68.849764,2.259749,harm
permutation,dense,end_vertical_occupancy_min,fold,4,8,2015928889,26,66.590015,64.648273,-1.941742,improvement
permutation,dense,end_vertical_occupancy_min,fold,4,9,2155138298,26,66.590015,65.869066,-0.720949,neutral
permutation,dense,end_vertical_occupancy_min,fold,5,0,1871873100,26,51.972007,66.400314,14.428307,harm
permutation,dense,end_vertical_occupancy_min,fold,5,1,4205233369,26,51.972007,64.838588,12.866581,harm
permutation,dense,end_vertical_occupancy_min,fold,5,2,1408961080,26,51.972007,59.720142,7.748134,harm
permutation,dense,end_vertical_occupancy_min,fold,5,3,4046289795,26,51.972007,75.339970,23.367963,harm
permutation,dense,end_vertical_occupancy_min,fold,5,4,727055261,26,51.972007,65.685106,13.713099,harm
permutation,dense,end_vertical_occupancy_min,fold,5,5,1485925201,26,51.972007,65.661327,13.689320,harm
permutation,dense,end_vertical_occupancy_min,fold,5,6,4078575265,26,51.972007,57.020325,5.048318,harm
permutation,dense,end_vertical_occupancy_min,fold,5,7,2620054395,26,51.972007,79.814625,27.842618,harm
permutation,dense,end_vertical_occupancy_min,fold,5,8,2186891732,26,51.972007,69.809740,17.837733,harm
permutation,dense,end_vertical_occupancy_min,fold,5,9,857828074,26,51.972007,73.242727,21.270720,harm
permutation,dense,end_vertical_occupancy_min,oof,,0,,132,54.852306,59.920261,5.067955,harm
permutation,dense,end_vertical_occupancy_min,oof,,1,,132,54.852306,59.090862,4.238557,harm
permutation,dense,end_vertical_occupancy_min,oof,,2,,132,54.852306,59.396956,4.544651,harm
permutation,dense,end_vertical_occupancy_min,oof,,3,,132,54.852306,66.193164,11.340859,harm
permutation,dense,end_vertical_occupancy_min,oof,,4,,132,54.852306,61.076104,6.223799,harm
permutation,dense,end_vertical_occupancy_min,oof,,5,,132,54.852306,59.306092,4.453787,harm
permutation,dense,end_vertical_occupancy_min,oof,,6,,132,54.852306,60.963480,6.111175,harm
permutation,dense,end_vertical_occupancy_min,oof,,7,,132,54.852306,62.357161,7.504856,harm
permutation,dense,end_vertical_occupancy_min,oof,,8,,132,54.852306,61.371003,6.518697,harm
permutation,dense,end_vertical_occupancy_min,oof,,9,,132,54.852306,63.213998,8.361692,harm
permutation,dense,equivalent_diameter,fold,1,0,4072705757,27,53.941613,57.825331,3.883718,harm
permutation,dense,equivalent_diameter,fold,1,1,1165486853,27,53.941613,57.224143,3.282530,harm
permutation,dense,equivalent_diameter,fold,1,2,293123016,27,53.941613,53.821939,-0.119674,neutral
permutation,dense,equivalent_diameter,fold,1,3,784213975,27,53.941613,54.167329,0.225716,neutral
permutation,dense,equivalent_diameter,fold,1,4,2424417193,27,53.941613,53.558721,-0.382891,neutral
permutation,dense,equivalent_diameter,fold,1,5,3643242424,27,53.941613,52.772587,-1.169026,improvement
permutation,dense,equivalent_diameter,fold,1,6,539276242,27,53.941613,53.701012,-0.240601,neutral
permutation,dense,equivalent_diameter,fold,1,7,1932486727,27,53.941613,55.455730,1.514117,harm
permutation,dense,equivalent_diameter,fold,1,8,2594256691,27,53.941613,53.105699,-0.835914,neutral
permutation,dense,equivalent_diameter,fold,1,9,2852791627,27,53.941613,54.393813,0.452200,neutral
permutation,dense,equivalent_diameter,fold,2,0,1297832777,27,43.306228,41.540870,-1.765358,improvement
permutation,dense,equivalent_diameter,fold,2,1,3804162850,27,43.306228,41.235677,-2.070551,improvement
permutation,dense,equivalent_diameter,fold,2,2,3544431263,27,43.306228,41.186011,-2.120217,improvement
permutation,dense,equivalent_diameter,fold,2,3,2357894986,27,43.306228,38.297227,-5.009001,improvement
permutation,dense,equivalent_diameter,fold,2,4,2016073646,27,43.306228,43.085255,-0.220973,neutral
permutation,dense,equivalent_diameter,fold,2,5,152805269,27,43.306228,41.265348,-2.040880,improvement
permutation,dense,equivalent_diameter,fold,2,6,2906819729,27,43.306228,39.263848,-4.042380,improvement
permutation,dense,equivalent_diameter,fold,2,7,1367132683,27,43.306228,40.055960,-3.250267,improvement
permutation,dense,equivalent_diameter,fold,2,8,1967883256,27,43.306228,37.469508,-5.836720,improvement
permutation,dense,equivalent_diameter,fold,2,9,3165367543,27,43.306228,40.589820,-2.716408,improvement
permutation,dense,equivalent_diameter,fold,3,0,2333510763,26,58.930772,57.911791,-1.018981,improvement
permutation,dense,equivalent_diameter,fold,3,1,2881816206,26,58.930772,56.002925,-2.927847,improvement
permutation,dense,equivalent_diameter,fold,3,2,2833637841,26,58.930772,54.823839,-4.106932,improvement
permutation,dense,equivalent_diameter,fold,3,3,3474687715,26,58.930772,54.517658,-4.413114,improvement
permutation,dense,equivalent_diameter,fold,3,4,2303719485,26,58.930772,53.739833,-5.190939,improvement
permutation,dense,equivalent_diameter,fold,3,5,2532558071,26,58.930772,57.103086,-1.827685,improvement
permutation,dense,equivalent_diameter,fold,3,6,671963269,26,58.930772,55.630224,-3.300548,improvement
permutation,dense,equivalent_diameter,fold,3,7,2940778134,26,58.930772,55.912874,-3.017898,improvement
permutation,dense,equivalent_diameter,fold,3,8,1088793891,26,58.930772,56.683246,-2.247525,improvement
permutation,dense,equivalent_diameter,fold,3,9,737086983,26,58.930772,56.356354,-2.574417,improvement
permutation,dense,equivalent_diameter,fold,4,0,1579391305,26,66.590015,61.324686,-5.265329,improvement
permutation,dense,equivalent_diameter,fold,4,1,1858503182,26,66.590015,60.806061,-5.783953,improvement
permutation,dense,equivalent_diameter,fold,4,2,133076679,26,66.590015,67.274988,0.684974,neutral
permutation,dense,equivalent_diameter,fold,4,3,1615406768,26,66.590015,65.467689,-1.122326,improvement
permutation,dense,equivalent_diameter,fold,4,4,2114859803,26,66.590015,62.602235,-3.987779,improvement
permutation,dense,equivalent_diameter,fold,4,5,269248903,26,66.590015,67.266275,0.676260,neutral
permutation,dense,equivalent_diameter,fold,4,6,2229942344,26,66.590015,64.222379,-2.367636,improvement
permutation,dense,equivalent_diameter,fold,4,7,2533192670,26,66.590015,60.995549,-5.594466,improvement
permutation,dense,equivalent_diameter,fold,4,8,2997029770,26,66.590015,67.541640,0.951625,neutral
permutation,dense,equivalent_diameter,fold,4,9,1802839405,26,66.590015,63.864591,-2.725423,improvement
permutation,dense,equivalent_diameter,fold,5,0,1497841659,26,51.972007,56.203622,4.231614,harm
permutation,dense,equivalent_diameter,fold,5,1,859780568,26,51.972007,53.065938,1.093930,harm
permutation,dense,equivalent_diameter,fold,5,2,3720061839,26,51.972007,56.939277,4.967270,harm
permutation,dense,equivalent_diameter,fold,5,3,1004274148,26,51.972007,61.732670,9.760663,harm
permutation,dense,equivalent_diameter,fold,5,4,1963661575,26,51.972007,58.618290,6.646283,harm
permutation,dense,equivalent_diameter,fold,5,5,415083237,26,51.972007,53.380403,1.408395,harm
permutation,dense,equivalent_diameter,fold,5,6,3168072257,26,51.972007,56.010380,4.038373,harm
permutation,dense,equivalent_diameter,fold,5,7,3678358406,26,51.972007,55.213715,3.241707,harm
permutation,dense,equivalent_diameter,fold,5,8,1437445490,26,51.972007,51.329307,-0.642701,neutral
permutation,dense,equivalent_diameter,fold,5,9,3347569789,26,51.972007,58.792478,6.820471,harm
permutation,dense,equivalent_diameter,oof,,0,,132,54.852306,54.881288,0.028982,neutral
permutation,dense,equivalent_diameter,oof,,1,,132,54.852306,53.599721,-1.252585,improvement
permutation,dense,equivalent_diameter,oof,,2,,132,54.852306,54.698525,-0.153780,neutral
permutation,dense,equivalent_diameter,oof,,3,,132,54.852306,54.706147,-0.146158,neutral
permutation,dense,equivalent_diameter,oof,,4,,132,54.852306,54.229975,-0.622331,neutral
permutation,dense,equivalent_diameter,oof,,5,,132,54.852306,54.246349,-0.605956,neutral
permutation,dense,equivalent_diameter,oof,,6,,132,54.852306,53.655218,-1.197088,improvement
permutation,dense,equivalent_diameter,oof,,7,,132,54.852306,53.439327,-1.412978,improvement
permutation,dense,equivalent_diameter,oof,,8,,132,54.852306,53.105603,-1.746703,improvement
permutation,dense,equivalent_diameter,oof,,9,,132,54.852306,54.688690,-0.163615,neutral
permutation,dense,extent,fold,1,0,3934664458,27,53.941613,57.338290,3.396677,harm
permutation,dense,extent,fold,1,1,3583436849,27,53.941613,56.597493,2.655881,harm
permutation,dense,extent,fold,1,2,2428622289,27,53.941613,59.414084,5.472471,harm
permutation,dense,extent,fold,1,3,2896975362,27,53.941613,57.301317,3.359704,harm
permutation,dense,extent,fold,1,4,864135044,27,53.941613,57.066261,3.124648,harm
permutation,dense,extent,fold,1,5,3065254175,27,53.941613,57.877930,3.936317,harm
permutation,dense,extent,fold,1,6,2367407913,27,53.941613,57.511111,3.569499,harm
permutation,dense,extent,fold,1,7,1058426658,27,53.941613,53.755748,-0.185865,neutral
permutation,dense,extent,fold,1,8,4878959,27,53.941613,54.394272,0.452659,neutral
permutation,dense,extent,fold,1,9,2606403073,27,53.941613,59.404201,5.462589,harm
permutation,dense,extent,fold,2,0,1707711665,27,43.306228,48.271309,4.965081,harm
permutation,dense,extent,fold,2,1,912303167,27,43.306228,48.474079,5.167851,harm
permutation,dense,extent,fold,2,2,1626492809,27,43.306228,56.744977,13.438749,harm
permutation,dense,extent,fold,2,3,4201296386,27,43.306228,48.719438,5.413210,harm
permutation,dense,extent,fold,2,4,3108107914,27,43.306228,45.972008,2.665780,harm
permutation,dense,extent,fold,2,5,2530381547,27,43.306228,50.605774,7.299546,harm
permutation,dense,extent,fold,2,6,1406305161,27,43.306228,47.076614,3.770386,harm
permutation,dense,extent,fold,2,7,432646891,27,43.306228,59.402962,16.096735,harm
permutation,dense,extent,fold,2,8,16786684,27,43.306228,55.010383,11.704155,harm
permutation,dense,extent,fold,2,9,4266405834,27,43.306228,53.325908,10.019680,harm
permutation,dense,extent,fold,3,0,1252335821,26,58.930772,67.266055,8.335284,harm
permutation,dense,extent,fold,3,1,3677646659,26,58.930772,60.648161,1.717389,harm
permutation,dense,extent,fold,3,2,1355562231,26,58.930772,67.336745,8.405973,harm
permutation,dense,extent,fold,3,3,1837060184,26,58.930772,66.323686,7.392914,harm
permutation,dense,extent,fold,3,4,2139656652,26,58.930772,64.388524,5.457752,harm
permutation,dense,extent,fold,3,5,2787549286,26,58.930772,59.813191,0.882419,neutral
permutation,dense,extent,fold,3,6,518452412,26,58.930772,65.178187,6.247416,harm
permutation,dense,extent,fold,3,7,4252938989,26,58.930772,63.293317,4.362545,harm
permutation,dense,extent,fold,3,8,2359825198,26,58.930772,67.747718,8.816946,harm
permutation,dense,extent,fold,3,9,1391856604,26,58.930772,64.461344,5.530572,harm
permutation,dense,extent,fold,4,0,577302710,26,66.590015,75.418970,8.828955,harm
permutation,dense,extent,fold,4,1,4233644124,26,66.590015,78.343030,11.753015,harm
permutation,dense,extent,fold,4,2,2812706407,26,66.590015,73.877781,7.287767,harm
permutation,dense,extent,fold,4,3,2523757191,26,66.590015,75.736303,9.146288,harm
permutation,dense,extent,fold,4,4,4221102925,26,66.590015,73.206716,6.616702,harm
permutation,dense,extent,fold,4,5,2345882439,26,66.590015,74.733755,8.143740,harm
permutation,dense,extent,fold,4,6,3782286182,26,66.590015,71.448088,4.858074,harm
permutation,dense,extent,fold,4,7,2583670745,26,66.590015,80.352947,13.762932,harm
permutation,dense,extent,fold,4,8,1662869154,26,66.590015,73.608151,7.018137,harm
permutation,dense,extent,fold,4,9,155460758,26,66.590015,72.079342,5.489327,harm
permutation,dense,extent,fold,5,0,3166191257,26,51.972007,51.805053,-0.166955,neutral
permutation,dense,extent,fold,5,1,3729277411,26,51.972007,54.844863,2.872856,harm
permutation,dense,extent,fold,5,2,3106678118,26,51.972007,48.023072,-3.948935,improvement
permutation,dense,extent,fold,5,3,63352544,26,51.972007,49.664010,-2.307998,improvement
permutation,dense,extent,fold,5,4,999276272,26,51.972007,50.512663,-1.459344,improvement
permutation,dense,extent,fold,5,5,2327629748,26,51.972007,57.486856,5.514848,harm
permutation,dense,extent,fold,5,6,179418005,26,51.972007,52.170845,0.198837,neutral
permutation,dense,extent,fold,5,7,2754425482,26,51.972007,58.956784,6.984777,harm
permutation,dense,extent,fold,5,8,4198482135,26,51.972007,56.817540,4.845533,harm
permutation,dense,extent,fold,5,9,3253191920,26,51.972007,56.058802,4.086794,harm
permutation,dense,extent,oof,,0,,132,54.852306,59.910615,5.058309,harm
permutation,dense,extent,oof,,1,,132,54.852306,59.671741,4.819436,harm
permutation,dense,extent,oof,,2,,132,54.852306,61.033880,6.181575,harm
permutation,dense,extent,oof,,3,,132,54.852306,59.449881,4.597576,harm
permutation,dense,extent,oof,,4,,132,54.852306,58.127566,3.275261,harm
permutation,dense,extent,oof,,5,,132,54.852306,60.014688,5.162383,harm
permutation,dense,extent,oof,,6,,132,54.852306,58.580256,3.727950,harm
permutation,dense,extent,oof,,7,,132,54.852306,63.052761,8.200455,harm
permutation,dense,extent,oof,,8,,132,54.852306,61.412381,6.560076,harm
permutation,dense,extent,oof,,9,,132,54.852306,60.994694,6.142389,harm
permutation,dense,feret_diameter,fold,1,0,4037548263,27,53.941613,63.267910,9.326297,harm
permutation,dense,feret_diameter,fold,1,1,2302526568,27,53.941613,73.564766,19.623153,harm
permutation,dense,feret_diameter,fold,1,2,3832099291,27,53.941613,67.349588,13.407975,harm
permutation,dense,feret_diameter,fold,1,3,2283452001,27,53.941613,71.767226,17.825613,harm
permutation,dense,feret_diameter,fold,1,4,634416102,27,53.941613,67.149232,13.207619,harm
permutation,dense,feret_diameter,fold,1,5,2562589938,27,53.941613,53.021587,-0.920026,neutral
permutation,dense,feret_diameter,fold,1,6,845448319,27,53.941613,61.949355,8.007742,harm
permutation,dense,feret_diameter,fold,1,7,2381131100,27,53.941613,62.577270,8.635657,harm
permutation,dense,feret_diameter,fold,1,8,242869461,27,53.941613,72.342895,18.401282,harm
permutation,dense,feret_diameter,fold,1,9,3377733186,27,53.941613,73.112551,19.170938,harm
permutation,dense,feret_diameter,fold,2,0,1118969882,27,43.306228,56.704945,13.398717,harm
permutation,dense,feret_diameter,fold,2,1,85830849,27,43.306228,57.148395,13.842167,harm
permutation,dense,feret_diameter,fold,2,2,605316989,27,43.306228,55.558246,12.252018,harm
permutation,dense,feret_diameter,fold,2,3,380279940,27,43.306228,45.489334,2.183106,harm
permutation,dense,feret_diameter,fold,2,4,1266011081,27,43.306228,57.814582,14.508354,harm
permutation,dense,feret_diameter,fold,2,5,3953359214,27,43.306228,51.033758,7.727531,harm
permutation,dense,feret_diameter,fold,2,6,2016926207,27,43.306228,49.745171,6.438943,harm
permutation,dense,feret_diameter,fold,2,7,4176689891,27,43.306228,53.625061,10.318833,harm
permutation,dense,feret_diameter,fold,2,8,3028779203,27,43.306228,60.717437,17.411209,harm
permutation,dense,feret_diameter,fold,2,9,2360026268,27,43.306228,59.092957,15.786729,harm
permutation,dense,feret_diameter,fold,3,0,2205524468,26,58.930772,63.797475,4.866703,harm
permutation,dense,feret_diameter,fold,3,1,1374871060,26,58.930772,65.585162,6.654390,harm
permutation,dense,feret_diameter,fold,3,2,1000516222,26,58.930772,69.595435,10.664663,harm
permutation,dense,feret_diameter,fold,3,3,3181862707,26,58.930772,65.476711,6.545939,harm
permutation,dense,feret_diameter,fold,3,4,4098284784,26,58.930772,64.655424,5.724652,harm
permutation,dense,feret_diameter,fold,3,5,715045907,26,58.930772,67.415706,8.484934,harm
permutation,dense,feret_diameter,fold,3,6,786234957,26,58.930772,68.491432,9.560660,harm
permutation,dense,feret_diameter,fold,3,7,596319895,26,58.930772,63.960798,5.030026,harm
permutation,dense,feret_diameter,fold,3,8,894908970,26,58.930772,67.025851,8.095079,harm
permutation,dense,feret_diameter,fold,3,9,1384455277,26,58.930772,72.438041,13.507269,harm
permutation,dense,feret_diameter,fold,4,0,656757572,26,66.590015,78.557405,11.967390,harm
permutation,dense,feret_diameter,fold,4,1,2373160082,26,66.590015,74.121378,7.531364,harm
permutation,dense,feret_diameter,fold,4,2,480902266,26,66.590015,70.979726,4.389711,harm
permutation,dense,feret_diameter,fold,4,3,3002754210,26,66.590015,72.165607,5.575592,harm
permutation,dense,feret_diameter,fold,4,4,2360818851,26,66.590015,68.994950,2.404935,harm
permutation,dense,feret_diameter,fold,4,5,2427473618,26,66.590015,66.397675,-0.192339,neutral
permutation,dense,feret_diameter,fold,4,6,1101335677,26,66.590015,65.296238,-1.293776,improvement
permutation,dense,feret_diameter,fold,4,7,427222194,26,66.590015,67.346996,0.756982,neutral
permutation,dense,feret_diameter,fold,4,8,1754941149,26,66.590015,73.317389,6.727374,harm
permutation,dense,feret_diameter,fold,4,9,146802466,26,66.590015,77.115911,10.525897,harm
permutation,dense,feret_diameter,fold,5,0,3678168250,26,51.972007,68.244354,16.272347,harm
permutation,dense,feret_diameter,fold,5,1,2070386974,26,51.972007,72.469577,20.497570,harm
permutation,dense,feret_diameter,fold,5,2,4088567998,26,51.972007,63.036872,11.064865,harm
permutation,dense,feret_diameter,fold,5,3,2618345598,26,51.972007,69.930538,17.958531,harm
permutation,dense,feret_diameter,fold,5,4,284904424,26,51.972007,73.592558,21.620550,harm
permutation,dense,feret_diameter,fold,5,5,3230004886,26,51.972007,61.416236,9.444229,harm
permutation,dense,feret_diameter,fold,5,6,2225656598,26,51.972007,60.438687,8.466679,harm
permutation,dense,feret_diameter,fold,5,7,2376801920,26,51.972007,58.936588,6.964580,harm
permutation,dense,feret_diameter,fold,5,8,1961608220,26,51.972007,65.856315,13.884307,harm
permutation,dense,feret_diameter,fold,5,9,1489995209,26,51.972007,63.756451,11.784444,harm
permutation,dense,feret_diameter,oof,,0,,132,54.852306,66.021569,11.169264,harm
permutation,dense,feret_diameter,oof,,1,,132,54.852306,68.529049,13.676743,harm
permutation,dense,feret_diameter,oof,,2,,132,54.852306,65.245639,10.393334,harm
permutation,dense,feret_diameter,oof,,3,,132,54.852306,64.869859,10.017553,harm
permutation,dense,feret_diameter,oof,,4,,132,54.852306,66.381358,11.529052,harm
permutation,dense,feret_diameter,oof,,5,,132,54.852306,59.738367,4.886061,harm
permutation,dense,feret_diameter,oof,,6,,132,54.852306,61.103314,6.251009,harm
permutation,dense,feret_diameter,oof,,7,,132,54.852306,61.241037,6.388731,harm
permutation,dense,feret_diameter,oof,,8,,132,54.852306,67.831950,12.979644,harm
permutation,dense,feret_diameter,oof,,9,,132,54.852306,69.057721,14.205416,harm
permutation,dense,hu_moment_1,fold,1,0,3421647919,27,53.941613,57.932345,3.990733,harm
permutation,dense,hu_moment_1,fold,1,1,1990050744,27,53.941613,64.499472,10.557859,harm
permutation,dense,hu_moment_1,fold,1,2,580311455,27,53.941613,56.982226,3.040614,harm
permutation,dense,hu_moment_1,fold,1,3,4080555543,27,53.941613,58.679136,4.737523,harm
permutation,dense,hu_moment_1,fold,1,4,306224964,27,53.941613,64.661658,10.720045,harm
permutation,dense,hu_moment_1,fold,1,5,2657975046,27,53.941613,63.225914,9.284302,harm
permutation,dense,hu_moment_1,fold,1,6,4019409297,27,53.941613,57.505316,3.563703,harm
permutation,dense,hu_moment_1,fold,1,7,2035660531,27,53.941613,60.818649,6.877036,harm
permutation,dense,hu_moment_1,fold,1,8,113465710,27,53.941613,57.199396,3.257783,harm
permutation,dense,hu_moment_1,fold,1,9,3499746445,27,53.941613,55.722884,1.781271,harm
permutation,dense,hu_moment_1,fold,2,0,56880400,27,43.306228,45.701263,2.395035,harm
permutation,dense,hu_moment_1,fold,2,1,3999115462,27,43.306228,54.458675,11.152447,harm
permutation,dense,hu_moment_1,fold,2,2,2493399477,27,43.306228,44.545211,1.238983,harm
permutation,dense,hu_moment_1,fold,2,3,9576829,27,43.306228,51.872543,8.566315,harm
permutation,dense,hu_moment_1,fold,2,4,2990758569,27,43.306228,46.284718,2.978490,harm
permutation,dense,hu_moment_1,fold,2,5,848056688,27,43.306228,46.269239,2.963011,harm
permutation,dense,hu_moment_1,fold,2,6,2215327220,27,43.306228,44.739791,1.433563,harm
permutation,dense,hu_moment_1,fold,2,7,295115138,27,43.306228,51.981903,8.675675,harm
permutation,dense,hu_moment_1,fold,2,8,3875061779,27,43.306228,48.047602,4.741375,harm
permutation,dense,hu_moment_1,fold,2,9,3194138538,27,43.306228,52.071061,8.764833,harm
permutation,dense,hu_moment_1,fold,3,0,1478003521,26,58.930772,58.752899,-0.177873,neutral
permutation,dense,hu_moment_1,fold,3,1,3384446647,26,58.930772,59.073018,0.142246,neutral
permutation,dense,hu_moment_1,fold,3,2,2393167738,26,58.930772,59.770805,0.840034,neutral
permutation,dense,hu_moment_1,fold,3,3,2308324698,26,58.930772,62.568049,3.637277,harm
permutation,dense,hu_moment_1,fold,3,4,1780201693,26,58.930772,59.139632,0.208861,neutral
permutation,dense,hu_moment_1,fold,3,5,2766752278,26,58.930772,61.160401,2.229630,harm
permutation,dense,hu_moment_1,fold,3,6,1847897100,26,58.930772,60.201828,1.271056,harm
permutation,dense,hu_moment_1,fold,3,7,3093422986,26,58.930772,60.963051,2.032279,harm
permutation,dense,hu_moment_1,fold,3,8,866032858,26,58.930772,60.401281,1.470510,harm
permutation,dense,hu_moment_1,fold,3,9,2223385265,26,58.930772,60.779739,1.848967,harm
permutation,dense,hu_moment_1,fold,4,0,1145492954,26,66.590015,68.262040,1.672025,harm
permutation,dense,hu_moment_1,fold,4,1,1570179193,26,66.590015,83.050041,16.460026,harm
permutation,dense,hu_moment_1,fold,4,2,575429371,26,66.590015,62.507371,-4.082644,improvement
permutation,dense,hu_moment_1,fold,4,3,544823543,26,66.590015,70.541366,3.951351,harm
permutation,dense,hu_moment_1,fold,4,4,1971780096,26,66.590015,72.611177,6.021163,harm
permutation,dense,hu_moment_1,fold,4,5,1670319481,26,66.590015,77.134440,10.544425,harm
permutation,dense,hu_moment_1,fold,4,6,1797976044,26,66.590015,79.230302,12.640288,harm
permutation,dense,hu_moment_1,fold,4,7,3299667763,26,66.590015,72.248344,5.658330,harm
permutation,dense,hu_moment_1,fold,4,8,3835938701,26,66.590015,76.807534,10.217519,harm
permutation,dense,hu_moment_1,fold,4,9,3339710772,26,66.590015,62.227661,-4.362354,improvement
permutation,dense,hu_moment_1,fold,5,0,2459952137,26,51.972007,50.029607,-1.942400,improvement
permutation,dense,hu_moment_1,fold,5,1,3291707059,26,51.972007,48.874724,-3.097284,improvement
permutation,dense,hu_moment_1,fold,5,2,3979165943,26,51.972007,50.310578,-1.661429,improvement
permutation,dense,hu_moment_1,fold,5,3,1393007562,26,51.972007,50.014020,-1.957987,improvement
permutation,dense,hu_moment_1,fold,5,4,93123230,26,51.972007,54.364787,2.392780,harm
permutation,dense,hu_moment_1,fold,5,5,3162265915,26,51.972007,52.193503,0.221496,neutral
permutation,dense,hu_moment_1,fold,5,6,3501156321,26,51.972007,57.048163,5.076156,harm
permutation,dense,hu_moment_1,fold,5,7,2253683131,26,51.972007,55.386068,3.414061,harm
permutation,dense,hu_moment_1,fold,5,8,3755367498,26,51.972007,50.210677,-1.761330,improvement
permutation,dense,hu_moment_1,fold,5,9,3570255717,26,51.972007,52.754771,0.782763,neutral
permutation,dense,hu_moment_1,oof,,0,,132,54.852306,56.070194,1.217888,harm
permutation,dense,hu_moment_1,oof,,1,,132,54.852306,61.953123,7.100818,harm
permutation,dense,hu_moment_1,oof,,2,,132,54.852306,54.761731,-0.090575,neutral
permutation,dense,hu_moment_1,oof,,3,,132,54.852306,58.682611,3.830305,harm
permutation,dense,hu_moment_1,oof,,4,,132,54.852306,59.352710,4.500404,harm
permutation,dense,hu_moment_1,oof,,5,,132,54.852306,59.917167,5.064862,harm
permutation,dense,hu_moment_1,oof,,6,,132,54.852306,59.614436,4.762130,harm
permutation,dense,hu_moment_1,oof,,7,,132,54.852306,60.220825,5.368520,harm
permutation,dense,hu_moment_1,oof,,8,,132,54.852306,58.443756,3.591450,harm
permutation,dense,hu_moment_1,oof,,9,,132,54.852306,56.668583,1.816277,harm
permutation,dense,hu_moment_2,fold,1,0,1240999253,27,53.941613,54.212959,0.271346,neutral
permutation,dense,hu_moment_2,fold,1,1,1018528758,27,53.941613,63.504293,9.562680,harm
permutation,dense,hu_moment_2,fold,1,2,128082302,27,53.941613,59.873791,5.932178,harm
permutation,dense,hu_moment_2,fold,1,3,1283138929,27,53.941613,58.777692,4.836079,harm
permutation,dense,hu_moment_2,fold,1,4,2092704120,27,53.941613,58.298134,4.356521,harm
permutation,dense,hu_moment_2,fold,1,5,3088318555,27,53.941613,65.906341,11.964729,harm
permutation,dense,hu_moment_2,fold,1,6,2847795822,27,53.941613,58.762772,4.821159,harm
permutation,dense,hu_moment_2,fold,1,7,4274584481,27,53.941613,56.032300,2.090687,harm
permutation,dense,hu_moment_2,fold,1,8,703268973,27,53.941613,62.866579,8.924966,harm
permutation,dense,hu_moment_2,fold,1,9,1106836716,27,53.941613,59.565105,5.623492,harm
permutation,dense,hu_moment_2,fold,2,0,2832330077,27,43.306228,41.997703,-1.308524,improvement
permutation,dense,hu_moment_2,fold,2,1,2260856704,27,43.306228,51.942575,8.636347,harm
permutation,dense,hu_moment_2,fold,2,2,249350025,27,43.306228,50.021582,6.715354,harm
permutation,dense,hu_moment_2,fold,2,3,1893339410,27,43.306228,47.968270,4.662043,harm
permutation,dense,hu_moment_2,fold,2,4,284088563,27,43.306228,46.717273,3.411045,harm
permutation,dense,hu_moment_2,fold,2,5,898451783,27,43.306228,50.796566,7.490338,harm
permutation,dense,hu_moment_2,fold,2,6,709635599,27,43.306228,54.741648,11.435420,harm
permutation,dense,hu_moment_2,fold,2,7,2888054281,27,43.306228,47.561130,4.254902,harm
permutation,dense,hu_moment_2,fold,2,8,762038635,27,43.306228,42.959966,-0.346262,neutral
permutation,dense,hu_moment_2,fold,2,9,1682416755,27,43.306228,49.315036,6.008808,harm
permutation,dense,hu_moment_2,fold,3,0,3251021468,26,58.930772,62.482304,3.551533,harm
permutation,dense,hu_moment_2,fold,3,1,2259114493,26,58.930772,55.731810,-3.198961,improvement
permutation,dense,hu_moment_2,fold,3,2,2283403462,26,58.930772,64.280006,5.349235,harm
permutation,dense,hu_moment_2,fold,3,3,1474014504,26,58.930772,59.895250,0.964479,neutral
permutation,dense,hu_moment_2,fold,3,4,2466717592,26,58.930772,65.177758,6.246987,harm
permutation,dense,hu_moment_2,fold,3,5,3538127281,26,58.930772,57.422339,-1.508433,improvement
permutation,dense,hu_moment_2,fold,3,6,2919416026,26,58.930772,62.624710,3.693938,harm
permutation,dense,hu_moment_2,fold,3,7,3074343066,26,58.930772,59.938480,1.007708,harm
permutation,dense,hu_moment_2,fold,3,8,2150290624,26,58.930772,60.762742,1.831971,harm
permutation,dense,hu_moment_2,fold,3,9,3975920191,26,58.930772,64.304238,5.373466,harm
permutation,dense,hu_moment_2,fold,4,0,1240815639,26,66.590015,77.903257,11.313243,harm
permutation,dense,hu_moment_2,fold,4,1,3483912495,26,66.590015,78.770801,12.180786,harm
permutation,dense,hu_moment_2,fold,4,2,855548311,26,66.590015,99.956153,33.366138,harm
permutation,dense,hu_moment_2,fold,4,3,3107849002,26,66.590015,89.238572,22.648557,harm
permutation,dense,hu_moment_2,fold,4,4,2840627617,26,66.590015,68.372071,1.782057,harm
permutation,dense,hu_moment_2,fold,4,5,4266984332,26,66.590015,70.851318,4.261304,harm
permutation,dense,hu_moment_2,fold,4,6,599300035,26,66.590015,71.124847,4.534833,harm
permutation,dense,hu_moment_2,fold,4,7,1477390080,26,66.590015,74.007929,7.417914,harm
permutation,dense,hu_moment_2,fold,4,8,3085523352,26,66.590015,100.901063,34.311049,harm
permutation,dense,hu_moment_2,fold,4,9,3252245342,26,66.590015,92.257442,25.667427,harm
permutation,dense,hu_moment_2,fold,5,0,3432189400,26,51.972007,62.661752,10.689745,harm
permutation,dense,hu_moment_2,fold,5,1,1982374268,26,51.972007,68.945502,16.973494,harm
permutation,dense,hu_moment_2,fold,5,2,3767186855,26,51.972007,68.291529,16.319521,harm
permutation,dense,hu_moment_2,fold,5,3,2899025340,26,51.972007,64.484430,12.512423,harm
permutation,dense,hu_moment_2,fold,5,4,768544468,26,51.972007,74.683266,22.711259,harm
permutation,dense,hu_moment_2,fold,5,5,711112607,26,51.972007,64.265876,12.293869,harm
permutation,dense,hu_moment_2,fold,5,6,2157126099,26,51.972007,73.154366,21.182359,harm
permutation,dense,hu_moment_2,fold,5,7,2896396353,26,51.972007,61.562584,9.590577,harm
permutation,dense,hu_moment_2,fold,5,8,107214381,26,51.972007,69.502836,17.530829,harm
permutation,dense,hu_moment_2,fold,5,9,3500933644,26,51.972007,78.180451,26.208444,harm
permutation,dense,hu_moment_2,oof,,0,,132,54.852306,59.673622,4.821316,harm
permutation,dense,hu_moment_2,oof,,1,,132,54.852306,63.687245,8.834940,harm
permutation,dense,hu_moment_2,oof,,2,,132,54.852306,68.279507,13.427202,harm
permutation,dense,hu_moment_2,oof,,3,,132,54.852306,63.910724,9.058418,harm
permutation,dense,hu_moment_2,oof,,4,,132,54.852306,62.496034,7.643728,harm
permutation,dense,hu_moment_2,oof,,5,,132,54.852306,61.795503,6.943197,harm
permutation,dense,hu_moment_2,oof,,6,,132,54.852306,63.970616,9.118311,harm
permutation,dense,hu_moment_2,oof,,7,,132,54.852306,59.698912,4.846607,harm
permutation,dense,hu_moment_2,oof,,8,,132,54.852306,67.179162,12.326857,harm
permutation,dense,hu_moment_2,oof,,9,,132,54.852306,68.508024,13.655719,harm
permutation,dense,major_axis_length,fold,1,0,1786198140,27,53.941613,59.506309,5.564696,harm
permutation,dense,major_axis_length,fold,1,1,515337467,27,53.941613,53.899503,-0.042110,neutral
permutation,dense,major_axis_length,fold,1,2,3944952757,27,53.941613,57.156451,3.214838,harm
permutation,dense,major_axis_length,fold,1,3,1871415083,27,53.941613,63.029157,9.087544,harm
permutation,dense,major_axis_length,fold,1,4,3886271734,27,53.941613,63.874010,9.932397,harm
permutation,dense,major_axis_length,fold,1,5,2369790539,27,53.941613,59.314580,5.372968,harm
permutation,dense,major_axis_length,fold,1,6,3006099621,27,53.941613,60.972582,7.030970,harm
permutation,dense,major_axis_length,fold,1,7,4198054086,27,53.941613,58.446111,4.504498,harm
permutation,dense,major_axis_length,fold,1,8,807526348,27,53.941613,59.475549,5.533936,harm
permutation,dense,major_axis_length,fold,1,9,1279986302,27,53.941613,64.903395,10.961783,harm
permutation,dense,major_axis_length,fold,2,0,2951586761,27,43.306228,68.207828,24.901600,harm
permutation,dense,major_axis_length,fold,2,1,2533615676,27,43.306228,56.146165,12.839937,harm
permutation,dense,major_axis_length,fold,2,2,2335822380,27,43.306228,56.153636,12.847408,harm
permutation,dense,major_axis_length,fold,2,3,3191027085,27,43.306228,52.180421,8.874193,harm
permutation,dense,major_axis_length,fold,2,4,1952395252,27,43.306228,53.284690,9.978462,harm
permutation,dense,major_axis_length,fold,2,5,3956116021,27,43.306228,53.356614,10.050386,harm
permutation,dense,major_axis_length,fold,2,6,3797816362,27,43.306228,49.808542,6.502314,harm
permutation,dense,major_axis_length,fold,2,7,3503433696,27,43.306228,51.798759,8.492532,harm
permutation,dense,major_axis_length,fold,2,8,3232500665,27,43.306228,59.819848,16.513620,harm
permutation,dense,major_axis_length,fold,2,9,2740418900,27,43.306228,58.640033,15.333805,harm
permutation,dense,major_axis_length,fold,3,0,4242792151,26,58.930772,60.897289,1.966517,harm
permutation,dense,major_axis_length,fold,3,1,2411497984,26,58.930772,63.271211,4.340439,harm
permutation,dense,major_axis_length,fold,3,2,1732395633,26,58.930772,65.693712,6.762941,harm
permutation,dense,major_axis_length,fold,3,3,2686572192,26,58.930772,64.015825,5.085053,harm
permutation,dense,major_axis_length,fold,3,4,1563450469,26,58.930772,65.914262,6.983490,harm
permutation,dense,major_axis_length,fold,3,5,2934333788,26,58.930772,64.564427,5.633655,harm
permutation,dense,major_axis_length,fold,3,6,2599200342,26,58.930772,68.556730,9.625959,harm
permutation,dense,major_axis_length,fold,3,7,2013395734,26,58.930772,60.601427,1.670655,harm
permutation,dense,major_axis_length,fold,3,8,492041717,26,58.930772,68.251821,9.321049,harm
permutation,dense,major_axis_length,fold,3,9,669286809,26,58.930772,65.129359,6.198587,harm
permutation,dense,major_axis_length,fold,4,0,223220097,26,66.590015,68.589776,1.999761,harm
permutation,dense,major_axis_length,fold,4,1,1640013815,26,66.590015,68.794866,2.204851,harm
permutation,dense,major_axis_length,fold,4,2,3714520507,26,66.590015,72.453002,5.862988,harm
permutation,dense,major_axis_length,fold,4,3,2082348251,26,66.590015,70.369120,3.779105,harm
permutation,dense,major_axis_length,fold,4,4,370965481,26,66.590015,72.618990,6.028975,harm
permutation,dense,major_axis_length,fold,4,5,3419908559,26,66.590015,72.798234,6.208219,harm
permutation,dense,major_axis_length,fold,4,6,1496428454,26,66.590015,72.551772,5.961758,harm
permutation,dense,major_axis_length,fold,4,7,2246597178,26,66.590015,71.987047,5.397032,harm
permutation,dense,major_axis_length,fold,4,8,1914683134,26,66.590015,70.507867,3.917852,harm
permutation,dense,major_axis_length,fold,4,9,1485727316,26,66.590015,69.613070,3.023056,harm
permutation,dense,major_axis_length,fold,5,0,1854081052,26,51.972007,57.031120,5.059112,harm
permutation,dense,major_axis_length,fold,5,1,3474133118,26,51.972007,64.850462,12.878455,harm
permutation,dense,major_axis_length,fold,5,2,2790242084,26,51.972007,67.846915,15.874907,harm
permutation,dense,major_axis_length,fold,5,3,314989017,26,51.972007,71.432187,19.460180,harm
permutation,dense,major_axis_length,fold,5,4,245392995,26,51.972007,70.383688,18.411681,harm
permutation,dense,major_axis_length,fold,5,5,2328722493,26,51.972007,65.598764,13.626757,harm
permutation,dense,major_axis_length,fold,5,6,2265165306,26,51.972007,61.798246,9.826238,harm
permutation,dense,major_axis_length,fold,5,7,3208345460,26,51.972007,61.322518,9.350511,harm
permutation,dense,major_axis_length,fold,5,8,3799211225,26,51.972007,59.652086,7.680078,harm
permutation,dense,major_axis_length,fold,5,9,1637422397,26,51.972007,60.428119,8.456111,harm
permutation,dense,major_axis_length,oof,,0,,132,54.852306,62.861776,8.009471,harm
permutation,dense,major_axis_length,oof,,1,,132,54.852306,61.295932,6.443626,harm
permutation,dense,major_axis_length,oof,,2,,132,54.852306,63.751566,8.899260,harm
permutation,dense,major_axis_length,oof,,3,,132,54.852306,64.105334,9.253028,harm
permutation,dense,major_axis_length,oof,,4,,132,54.852306,65.114586,10.262280,harm
permutation,dense,major_axis_length,oof,,5,,132,54.852306,63.023631,8.171325,harm
permutation,dense,major_axis_length,oof,,6,,132,54.852306,62.626256,7.773951,harm
permutation,dense,major_axis_length,oof,,7,,132,54.852306,60.744676,5.892371,harm
permutation,dense,major_axis_length,oof,,8,,132,54.852306,63.482438,8.630133,harm
permutation,dense,major_axis_length,oof,,9,,132,54.852306,63.712930,8.860625,harm
permutation,dense,minor_axis_length,fold,1,0,1216088248,27,53.941613,59.384435,5.442823,harm
permutation,dense,minor_axis_length,fold,1,1,3045117495,27,53.941613,53.471316,-0.470297,neutral
permutation,dense,minor_axis_length,fold,1,2,1482444254,27,53.941613,57.218839,3.277226,harm
permutation,dense,minor_axis_length,fold,1,3,1732679400,27,53.941613,49.492622,-4.448990,improvement
permutation,dense,minor_axis_length,fold,1,4,2919484131,27,53.941613,46.375590,-7.566022,improvement
permutation,dense,minor_axis_length,fold,1,5,3731604391,27,53.941613,53.975522,0.033909,neutral
permutation,dense,minor_axis_length,fold,1,6,1870411358,27,53.941613,55.927715,1.986102,harm
permutation,dense,minor_axis_length,fold,1,7,2167378774,27,53.941613,51.320736,-2.620877,improvement
permutation,dense,minor_axis_length,fold,1,8,1245975256,27,53.941613,58.837205,4.895592,harm
permutation,dense,minor_axis_length,fold,1,9,1333968660,27,53.941613,56.583652,2.642040,harm
permutation,dense,minor_axis_length,fold,2,0,2726194179,27,43.306228,46.504922,3.198694,harm
permutation,dense,minor_axis_length,fold,2,1,4255958012,27,43.306228,36.722405,-6.583823,improvement
permutation,dense,minor_axis_length,fold,2,2,33631511,27,43.306228,35.741974,-7.564254,improvement
permutation,dense,minor_axis_length,fold,2,3,3266139377,27,43.306228,37.769747,-5.536481,improvement
permutation,dense,minor_axis_length,fold,2,4,1803605665,27,43.306228,42.388267,-0.917961,neutral
permutation,dense,minor_axis_length,fold,2,5,4265778608,27,43.306228,42.196430,-1.109798,improvement
permutation,dense,minor_axis_length,fold,2,6,3520592552,27,43.306228,35.344050,-7.962178,improvement
permutation,dense,minor_axis_length,fold,2,7,893667260,27,43.306228,37.564262,-5.741966,improvement
permutation,dense,minor_axis_length,fold,2,8,1885562747,27,43.306228,39.090780,-4.215448,improvement
permutation,dense,minor_axis_length,fold,2,9,1398763161,27,43.306228,43.235245,-0.070983,neutral
permutation,dense,minor_axis_length,fold,3,0,2851940869,26,58.930772,52.414970,-6.515802,improvement
permutation,dense,minor_axis_length,fold,3,1,2370105557,26,58.930772,50.794791,-8.135981,improvement
permutation,dense,minor_axis_length,fold,3,2,20793028,26,58.930772,49.246818,-9.683954,improvement
permutation,dense,minor_axis_length,fold,3,3,523055236,26,58.930772,52.514075,-6.416697,improvement
permutation,dense,minor_axis_length,fold,3,4,2736152616,26,58.930772,53.347350,-5.583422,improvement
permutation,dense,minor_axis_length,fold,3,5,368135538,26,58.930772,47.815504,-11.115268,improvement
permutation,dense,minor_axis_length,fold,3,6,2931559114,26,58.930772,54.890717,-4.040055,improvement
permutation,dense,minor_axis_length,fold,3,7,2598860800,26,58.930772,51.636722,-7.294049,improvement
permutation,dense,minor_axis_length,fold,3,8,2463851236,26,58.930772,54.984328,-3.946444,improvement
permutation,dense,minor_axis_length,fold,3,9,4125791423,26,58.930772,49.372930,-9.557842,improvement
permutation,dense,minor_axis_length,fold,4,0,1327031000,26,66.590015,70.302811,3.712796,harm
permutation,dense,minor_axis_length,fold,4,1,2832253497,26,66.590015,66.755219,0.165205,neutral
permutation,dense,minor_axis_length,fold,4,2,1101272127,26,66.590015,68.581511,1.991497,harm
permutation,dense,minor_axis_length,fold,4,3,2824532285,26,66.590015,67.386133,0.796118,neutral
permutation,dense,minor_axis_length,fold,4,4,2311500309,26,66.590015,69.278383,2.688369,harm
permutation,dense,minor_axis_length,fold,4,5,2803621910,26,66.590015,69.120419,2.530404,harm
permutation,dense,minor_axis_length,fold,4,6,2217053571,26,66.590015,64.508188,-2.081827,improvement
permutation,dense,minor_axis_length,fold,4,7,1383131033,26,66.590015,61.792566,-4.797448,improvement
permutation,dense,minor_axis_length,fold,4,8,769827475,26,66.590015,64.098241,-2.491773,improvement
permutation,dense,minor_axis_length,fold,4,9,1911313059,26,66.590015,68.652755,2.062741,harm
permutation,dense,minor_axis_length,fold,5,0,4052606698,26,51.972007,49.654198,-2.317809,improvement
permutation,dense,minor_axis_length,fold,5,1,662350889,26,51.972007,55.171903,3.199895,harm
permutation,dense,minor_axis_length,fold,5,2,3804297048,26,51.972007,56.324255,4.352248,harm
permutation,dense,minor_axis_length,fold,5,3,1040649713,26,51.972007,54.301003,2.328996,harm
permutation,dense,minor_axis_length,fold,5,4,901146349,26,51.972007,50.655286,-1.316721,improvement
permutation,dense,minor_axis_length,fold,5,5,3274792478,26,51.972007,50.589959,-1.382049,improvement
permutation,dense,minor_axis_length,fold,5,6,1721740451,26,51.972007,51.409884,-0.562124,neutral
permutation,dense,minor_axis_length,fold,5,7,1231145382,26,51.972007,50.123339,-1.848669,improvement
permutation,dense,minor_axis_length,fold,5,8,1701783300,26,51.972007,56.680970,4.708963,harm
permutation,dense,minor_axis_length,fold,5,9,748463924,26,51.972007,55.612245,3.640237,harm
permutation,dense,minor_axis_length,oof,,0,,132,54.852306,55.611243,0.758938,neutral
permutation,dense,minor_axis_length,oof,,1,,132,54.852306,52.469699,-2.382607,improvement
permutation,dense,minor_axis_length,oof,,2,,132,54.852306,53.317494,-1.534812,improvement
permutation,dense,minor_axis_length,oof,,3,,132,54.852306,52.161481,-2.690825,improvement
permutation,dense,minor_axis_length,oof,,4,,132,54.852306,52.287353,-2.564952,improvement
permutation,dense,minor_axis_length,oof,,5,,132,54.852306,52.669058,-2.183248,improvement
permutation,dense,minor_axis_length,oof,,6,,132,54.852306,52.313380,-2.538926,improvement
permutation,dense,minor_axis_length,oof,,7,,132,54.852306,50.395934,-4.456372,improvement
permutation,dense,minor_axis_length,oof,,8,,132,54.852306,54.650815,-0.201490,neutral
permutation,dense,minor_axis_length,oof,,9,,132,54.852306,54.618912,-0.233393,neutral
permutation,dense,perimeter,fold,1,0,2567995507,27,53.941613,53.376248,-0.565365,neutral
permutation,dense,perimeter,fold,1,1,3098549238,27,53.941613,57.945175,4.003563,harm
permutation,dense,perimeter,fold,1,2,3020797357,27,53.941613,61.937293,7.995681,harm
permutation,dense,perimeter,fold,1,3,2599573888,27,53.941613,66.048720,12.107107,harm
permutation,dense,perimeter,fold,1,4,1488121421,27,53.941613,62.636859,8.695246,harm
permutation,dense,perimeter,fold,1,5,4236543401,27,53.941613,60.938778,6.997165,harm
permutation,dense,perimeter,fold,1,6,1996206203,27,53.941613,55.736164,1.794551,harm
permutation,dense,perimeter,fold,1,7,1767986349,27,53.941613,58.139065,4.197452,harm
permutation,dense,perimeter,fold,1,8,1206299363,27,53.941613,55.925334,1.983721,harm
permutation,dense,perimeter,fold,1,9,2468175410,27,53.941613,54.348468,0.406855,neutral
permutation,dense,perimeter,fold,2,0,2596841407,27,43.306228,43.675107,0.368879,neutral
permutation,dense,perimeter,fold,2,1,2583278319,27,43.306228,43.531664,0.225436,neutral
permutation,dense,perimeter,fold,2,2,1796381455,27,43.306228,44.241285,0.935057,neutral
permutation,dense,perimeter,fold,2,3,80730372,27,43.306228,43.814471,0.508244,neutral
permutation,dense,perimeter,fold,2,4,174389714,27,43.306228,45.976129,2.669901,harm
permutation,dense,perimeter,fold,2,5,2090257511,27,43.306228,42.334279,-0.971949,neutral
permutation,dense,perimeter,fold,2,6,203665751,27,43.306228,44.920443,1.614215,harm
permutation,dense,perimeter,fold,2,7,1308416163,27,43.306228,42.408067,-0.898161,neutral
permutation,dense,perimeter,fold,2,8,3151625645,27,43.306228,45.607216,2.300988,harm
permutation,dense,perimeter,fold,2,9,1175385010,27,43.306228,43.368344,0.062116,neutral
permutation,dense,perimeter,fold,3,0,4234612724,26,58.930772,63.263858,4.333087,harm
permutation,dense,perimeter,fold,3,1,716609224,26,58.930772,61.900259,2.969487,harm
permutation,dense,perimeter,fold,3,2,4286539267,26,58.930772,63.390845,4.460074,harm
permutation,dense,perimeter,fold,3,3,208109275,26,58.930772,60.845635,1.914864,harm
permutation,dense,perimeter,fold,3,4,1060592319,26,58.930772,63.325308,4.394536,harm
permutation,dense,perimeter,fold,3,5,4082426967,26,58.930772,60.030734,1.099962,harm
permutation,dense,perimeter,fold,3,6,2704033258,26,58.930772,65.160715,6.229943,harm
permutation,dense,perimeter,fold,3,7,540380709,26,58.930772,67.562492,8.631720,harm
permutation,dense,perimeter,fold,3,8,140738137,26,58.930772,69.798877,10.868106,harm
permutation,dense,perimeter,fold,3,9,2480833260,26,58.930772,64.580902,5.650130,harm
permutation,dense,perimeter,fold,4,0,2277388005,26,66.590015,66.812400,0.222385,neutral
permutation,dense,perimeter,fold,4,1,1548788079,26,66.590015,67.319103,0.729089,neutral
permutation,dense,perimeter,fold,4,2,4219593851,26,66.590015,70.413041,3.823026,harm
permutation,dense,perimeter,fold,4,3,3916653875,26,66.590015,67.015680,0.425666,neutral
permutation,dense,perimeter,fold,4,4,2684923859,26,66.590015,68.240816,1.650801,harm
permutation,dense,perimeter,fold,4,5,376639045,26,66.590015,68.384165,1.794150,harm
permutation,dense,perimeter,fold,4,6,392655378,26,66.590015,64.808033,-1.781982,improvement
permutation,dense,perimeter,fold,4,7,2282509898,26,66.590015,68.236141,1.646126,harm
permutation,dense,perimeter,fold,4,8,1453973033,26,66.590015,69.521055,2.931040,harm
permutation,dense,perimeter,fold,4,9,3846019820,26,66.590015,63.291749,-3.298266,improvement
permutation,dense,perimeter,fold,5,0,2189653012,26,51.972007,55.633340,3.661333,harm
permutation,dense,perimeter,fold,5,1,1462378205,26,51.972007,57.362516,5.390509,harm
permutation,dense,perimeter,fold,5,2,658598124,26,51.972007,60.965361,8.993354,harm
permutation,dense,perimeter,fold,5,3,1087084097,26,51.972007,52.869381,0.897374,neutral
permutation,dense,perimeter,fold,5,4,734230583,26,51.972007,58.628020,6.656013,harm
permutation,dense,perimeter,fold,5,5,2619211684,26,51.972007,51.791244,-0.180764,neutral
permutation,dense,perimeter,fold,5,6,540298795,26,51.972007,61.547254,9.575246,harm
permutation,dense,perimeter,fold,5,7,1139252941,26,51.972007,57.769724,5.797717,harm
permutation,dense,perimeter,fold,5,8,3272933946,26,51.972007,59.556854,7.584847,harm
permutation,dense,perimeter,fold,5,9,299772538,26,51.972007,55.785759,3.813751,harm
permutation,dense,perimeter,oof,,0,,132,54.852306,56.430577,1.578271,harm
permutation,dense,perimeter,oof,,1,,132,54.852306,57.507602,2.655297,harm
permutation,dense,perimeter,oof,,2,,132,54.852306,60.081985,5.229680,harm
permutation,dense,perimeter,oof,,3,,132,54.852306,58.070487,3.218181,harm
permutation,dense,perimeter,oof,,4,,132,54.852306,59.678776,4.826470,harm
permutation,dense,perimeter,oof,,5,,132,54.852306,56.619184,1.766878,harm
permutation,dense,perimeter,oof,,6,,132,54.852306,58.311700,3.459395,harm
permutation,dense,perimeter,oof,,7,,132,54.852306,58.693560,3.841254,harm
permutation,dense,perimeter,oof,,8,,132,54.852306,59.940722,5.088416,harm
permutation,dense,perimeter,oof,,9,,132,54.852306,56.162671,1.310365,harm
permutation,dense,roundness,fold,1,0,1539491255,27,53.941613,53.475751,-0.465862,neutral
permutation,dense,roundness,fold,1,1,959217444,27,53.941613,53.584777,-0.356836,neutral
permutation,dense,roundness,fold,1,2,3955744546,27,53.941613,55.332731,1.391118,harm
permutation,dense,roundness,fold,1,3,1049498219,27,53.941613,54.789126,0.847513,neutral
permutation,dense,roundness,fold,1,4,3661670872,27,53.941613,54.969950,1.028337,harm
permutation,dense,roundness,fold,1,5,1839960214,27,53.941613,56.717154,2.775541,harm
permutation,dense,roundness,fold,1,6,3650053108,27,53.941613,53.912790,-0.028823,neutral
permutation,dense,roundness,fold,1,7,2559958915,27,53.941613,54.677336,0.735724,neutral
permutation,dense,roundness,fold,1,8,537941592,27,53.941613,53.917846,-0.023767,neutral
permutation,dense,roundness,fold,1,9,1538657836,27,53.941613,50.739648,-3.201965,improvement
permutation,dense,roundness,fold,2,0,2930289840,27,43.306228,47.804281,4.498053,harm
permutation,dense,roundness,fold,2,1,4001019900,27,43.306228,44.260275,0.954047,neutral
permutation,dense,roundness,fold,2,2,578336854,27,43.306228,43.085563,-0.220665,neutral
permutation,dense,roundness,fold,2,3,3772813284,27,43.306228,45.590162,2.283934,harm
permutation,dense,roundness,fold,2,4,3030665123,27,43.306228,49.316698,6.010470,harm
permutation,dense,roundness,fold,2,5,764773168,27,43.306228,43.677800,0.371572,neutral
permutation,dense,roundness,fold,2,6,1016854723,27,43.306228,43.762763,0.456535,neutral
permutation,dense,roundness,fold,2,7,611893449,27,43.306228,47.206529,3.900301,harm
permutation,dense,roundness,fold,2,8,2639459229,27,43.306228,45.903958,2.597730,harm
permutation,dense,roundness,fold,2,9,1882429121,27,43.306228,46.427737,3.121509,harm
permutation,dense,roundness,fold,3,0,3690701478,26,58.930772,57.535081,-1.395691,improvement
permutation,dense,roundness,fold,3,1,283051529,26,58.930772,57.767029,-1.163742,improvement
permutation,dense,roundness,fold,3,2,3181063600,26,58.930772,56.796036,-2.134735,improvement
permutation,dense,roundness,fold,3,3,2626013063,26,58.930772,59.058633,0.127861,neutral
permutation,dense,roundness,fold,3,4,3483318407,26,58.930772,59.576454,0.645682,neutral
permutation,dense,roundness,fold,3,5,2770224786,26,58.930772,56.689563,-2.241209,improvement
permutation,dense,roundness,fold,3,6,621057027,26,58.930772,55.722075,-3.208696,improvement
permutation,dense,roundness,fold,3,7,122421412,26,58.930772,59.542908,0.612137,neutral
permutation,dense,roundness,fold,3,8,688896882,26,58.930772,56.064681,-2.866091,improvement
permutation,dense,roundness,fold,3,9,1175651847,26,58.930772,58.651378,-0.279393,neutral
permutation,dense,roundness,fold,4,0,2685445344,26,66.590015,67.327012,0.736997,neutral
permutation,dense,roundness,fold,4,1,1193724274,26,66.590015,67.496186,0.906172,neutral
permutation,dense,roundness,fold,4,2,4193672252,26,66.590015,70.143960,3.553946,harm
permutation,dense,roundness,fold,4,3,4264291399,26,66.590015,68.045806,1.455791,harm
permutation,dense,roundness,fold,4,4,3604200763,26,66.590015,62.706984,-3.883031,improvement
permutation,dense,roundness,fold,4,5,95989177,26,66.590015,64.446365,-2.143650,improvement
permutation,dense,roundness,fold,4,6,1018287822,26,66.590015,70.127378,3.537364,harm
permutation,dense,roundness,fold,4,7,2735567048,26,66.590015,68.594442,2.004427,harm
permutation,dense,roundness,fold,4,8,2616946144,26,66.590015,64.378270,-2.211745,improvement
permutation,dense,roundness,fold,4,9,1680101450,26,66.590015,65.500332,-1.089682,improvement
permutation,dense,roundness,fold,5,0,2235932071,26,51.972007,54.119168,2.147161,harm
permutation,dense,roundness,fold,5,1,1357530297,26,51.972007,55.025465,3.053457,harm
permutation,dense,roundness,fold,5,2,584849085,26,51.972007,50.154308,-1.817700,improvement
permutation,dense,roundness,fold,5,3,2106445213,26,51.972007,50.922058,-1.049950,improvement
permutation,dense,roundness,fold,5,4,914885460,26,51.972007,56.608965,4.636958,harm
permutation,dense,roundness,fold,5,5,859096231,26,51.972007,52.788674,0.816667,neutral
permutation,dense,roundness,fold,5,6,845509913,26,51.972007,54.416089,2.444082,harm
permutation,dense,roundness,fold,5,7,2567884808,26,51.972007,61.328644,9.356637,harm
permutation,dense,roundness,fold,5,8,3322052576,26,51.972007,50.712591,-1.259417,improvement
permutation,dense,roundness,fold,5,9,2949744194,26,51.972007,58.942415,6.970408,harm
permutation,dense,roundness,oof,,0,,132,54.852306,55.970255,1.117949,harm
permutation,dense,roundness,oof,,1,,132,54.852306,55.525167,0.672862,neutral
permutation,dense,roundness,oof,,2,,132,54.852306,55.013226,0.160921,neutral
permutation,dense,roundness,oof,,3,,132,54.852306,55.597952,0.745646,neutral
permutation,dense,roundness,oof,,4,,132,54.852306,56.567742,1.715437,harm
permutation,dense,roundness,oof,,5,,132,54.852306,54.793208,-0.059098,neutral
permutation,dense,roundness,oof,,6,,132,54.852306,55.485940,0.633634,neutral
permutation,dense,roundness,oof,,7,,132,54.852306,58.158941,3.306635,harm
permutation,dense,roundness,oof,,8,,132,54.852306,54.130551,-0.721754,neutral
permutation,dense,roundness,oof,,9,,132,54.852306,55.939141,1.086836,harm
permutation,dense,solidity,fold,1,0,2320907518,27,53.941613,60.525072,6.583459,harm
permutation,dense,solidity,fold,1,1,4177457186,27,53.941613,59.517465,5.575852,harm
permutation,dense,solidity,fold,1,2,2293427380,27,53.941613,59.971847,6.030234,harm
permutation,dense,solidity,fold,1,3,45215085,27,53.941613,59.576492,5.634879,harm
permutation,dense,solidity,fold,1,4,3080014103,27,53.941613,58.667244,4.725631,harm
permutation,dense,solidity,fold,1,5,1518179484,27,53.941613,55.763375,1.821762,harm
permutation,dense,solidity,fold,1,6,1548377384,27,53.941613,57.772632,3.831019,harm
permutation,dense,solidity,fold,1,7,1153131477,27,53.941613,60.156620,6.215007,harm
permutation,dense,solidity,fold,1,8,410056678,27,53.941613,58.906690,4.965077,harm
permutation,dense,solidity,fold,1,9,3576641096,27,53.941613,58.852916,4.911303,harm
permutation,dense,solidity,fold,2,0,4203436569,27,43.306228,58.375395,15.069167,harm
permutation,dense,solidity,fold,2,1,665392313,27,43.306228,56.297194,12.990966,harm
permutation,dense,solidity,fold,2,2,3085038964,27,43.306228,60.582970,17.276742,harm
permutation,dense,solidity,fold,2,3,3521994719,27,43.306228,61.132167,17.825939,harm
permutation,dense,solidity,fold,2,4,1901530574,27,43.306228,52.457548,9.151320,harm
permutation,dense,solidity,fold,2,5,2590155963,27,43.306228,63.695080,20.388852,harm
permutation,dense,solidity,fold,2,6,3830966436,27,43.306228,56.585758,13.279530,harm
permutation,dense,solidity,fold,2,7,2366419800,27,43.306228,58.086271,14.780043,harm
permutation,dense,solidity,fold,2,8,749040411,27,43.306228,61.084064,17.777836,harm
permutation,dense,solidity,fold,2,9,2915868431,27,43.306228,59.368026,16.061798,harm
permutation,dense,solidity,fold,3,0,1369785623,26,58.930772,62.196939,3.266167,harm
permutation,dense,solidity,fold,3,1,216779788,26,58.930772,61.370134,2.439363,harm
permutation,dense,solidity,fold,3,2,3068892205,26,58.930772,66.679654,7.748882,harm
permutation,dense,solidity,fold,3,3,2956094987,26,58.930772,64.658775,5.728004,harm
permutation,dense,solidity,fold,3,4,296923292,26,58.930772,65.001837,6.071065,harm
permutation,dense,solidity,fold,3,5,3944895763,26,58.930772,65.024116,6.093344,harm
permutation,dense,solidity,fold,3,6,4121084218,26,58.930772,65.444894,6.514122,harm
permutation,dense,solidity,fold,3,7,3329065995,26,58.930772,59.654642,0.723871,neutral
permutation,dense,solidity,fold,3,8,1790319921,26,58.930772,62.694744,3.763972,harm
permutation,dense,solidity,fold,3,9,2854665702,26,58.930772,64.980848,6.050077,harm
permutation,dense,solidity,fold,4,0,4061700441,26,66.590015,70.821154,4.231139,harm
permutation,dense,solidity,fold,4,1,2357853135,26,66.590015,69.899199,3.309184,harm
permutation,dense,solidity,fold,4,2,30927356,26,66.590015,72.146541,5.556526,harm
permutation,dense,solidity,fold,4,3,1255786559,26,66.590015,61.413543,-5.176471,improvement
permutation,dense,solidity,fold,4,4,711749522,26,66.590015,65.137436,-1.452579,improvement
permutation,dense,solidity,fold,4,5,2238725563,26,66.590015,75.115598,8.525583,harm
permutation,dense,solidity,fold,4,6,164573744,26,66.590015,73.951494,7.361479,harm
permutation,dense,solidity,fold,4,7,4194595161,26,66.590015,72.002961,5.412947,harm
permutation,dense,solidity,fold,4,8,2068233293,26,66.590015,68.323628,1.733614,harm
permutation,dense,solidity,fold,4,9,1052363121,26,66.590015,70.815802,4.225788,harm
permutation,dense,solidity,fold,5,0,3865440489,26,51.972007,66.188800,14.216792,harm
permutation,dense,solidity,fold,5,1,1555108959,26,51.972007,63.764162,11.792155,harm
permutation,dense,solidity,fold,5,2,3694352044,26,51.972007,57.423627,5.451620,harm
permutation,dense,solidity,fold,5,3,1462370265,26,51.972007,59.589827,7.617819,harm
permutation,dense,solidity,fold,5,4,217513384,26,51.972007,55.912450,3.940443,harm
permutation,dense,solidity,fold,5,5,885910284,26,51.972007,63.633678,11.661671,harm
permutation,dense,solidity,fold,5,6,1884973174,26,51.972007,57.759770,5.787762,harm
permutation,dense,solidity,fold,5,7,2119591696,26,51.972007,55.150241,3.178234,harm
permutation,dense,solidity,fold,5,8,3818681648,26,51.972007,59.707773,7.735766,harm
permutation,dense,solidity,fold,5,9,1488956311,26,51.972007,57.296516,5.324509,harm
permutation,dense,solidity,oof,,0,,132,54.852306,63.558271,8.705966,harm
permutation,dense,solidity,oof,,1,,132,54.852306,62.105050,7.252745,harm
permutation,dense,solidity,oof,,2,,132,54.852306,63.314208,8.461902,harm
permutation,dense,solidity,oof,,3,,132,54.852306,61.260224,6.407918,harm
permutation,dense,solidity,oof,,4,,132,54.852306,59.376623,4.524317,harm
permutation,dense,solidity,oof,,5,,132,54.852306,64.571867,9.719562,harm
permutation,dense,solidity,oof,,6,,132,54.852306,62.225277,7.372972,harm
permutation,dense,solidity,oof,,7,,132,54.852306,60.981530,6.129225,harm
permutation,dense,solidity,oof,,8,,132,54.852306,62.110835,7.258529,harm
permutation,dense,solidity,oof,,9,,132,54.852306,62.215059,7.362753,harm
permutation,random_forest,area,fold,1,0,3709114571,27,50.674813,52.687343,2.012530,harm
permutation,random_forest,area,fold,1,1,3664061067,27,50.674813,55.946803,5.271990,harm
permutation,random_forest,area,fold,1,2,3471631869,27,50.674813,48.421735,-2.253078,improvement
permutation,random_forest,area,fold,1,3,3038083872,27,50.674813,52.495958,1.821145,harm
permutation,random_forest,area,fold,1,4,1772655521,27,50.674813,52.194696,1.519884,harm
permutation,random_forest,area,fold,1,5,497858331,27,50.674813,55.030880,4.356067,harm
permutation,random_forest,area,fold,1,6,4042367103,27,50.674813,54.315992,3.641179,harm
permutation,random_forest,area,fold,1,7,3272083355,27,50.674813,56.016996,5.342184,harm
permutation,random_forest,area,fold,1,8,3843402745,27,50.674813,53.231463,2.556650,harm
permutation,random_forest,area,fold,1,9,403767578,27,50.674813,57.071182,6.396369,harm
permutation,random_forest,area,fold,2,0,33554411,27,31.781472,36.342501,4.561029,harm
permutation,random_forest,area,fold,2,1,1157642961,27,31.781472,34.740785,2.959313,harm
permutation,random_forest,area,fold,2,2,2094330553,27,31.781472,38.220232,6.438760,harm
permutation,random_forest,area,fold,2,3,2430976221,27,31.781472,35.363588,3.582116,harm
permutation,random_forest,area,fold,2,4,3824532029,27,31.781472,35.438296,3.656824,harm
permutation,random_forest,area,fold,2,5,3073639948,27,31.781472,38.335652,6.554180,harm
permutation,random_forest,area,fold,2,6,4062654194,27,31.781472,37.843880,6.062408,harm
permutation,random_forest,area,fold,2,7,1976601244,27,31.781472,37.262103,5.480631,harm
permutation,random_forest,area,fold,2,8,1083509816,27,31.781472,38.715216,6.933744,harm
permutation,random_forest,area,fold,2,9,3946949918,27,31.781472,33.849635,2.068163,harm
permutation,random_forest,area,fold,3,0,3898157998,26,47.893012,55.443559,7.550547,harm
permutation,random_forest,area,fold,3,1,414350386,26,47.893012,53.419096,5.526084,harm
permutation,random_forest,area,fold,3,2,1631603134,26,47.893012,55.438453,7.545441,harm
permutation,random_forest,area,fold,3,3,3553061442,26,47.893012,50.575462,2.682450,harm
permutation,random_forest,area,fold,3,4,4263269095,26,47.893012,49.571389,1.678377,harm
permutation,random_forest,area,fold,3,5,543194488,26,47.893012,54.898736,7.005723,harm
permutation,random_forest,area,fold,3,6,1591557838,26,47.893012,51.291609,3.398597,harm
permutation,random_forest,area,fold,3,7,1986778973,26,47.893012,52.120216,4.227204,harm
permutation,random_forest,area,fold,3,8,699646783,26,47.893012,54.024929,6.131916,harm
permutation,random_forest,area,fold,3,9,2337736368,26,47.893012,53.181440,5.288428,harm
permutation,random_forest,area,fold,4,0,2226079241,26,67.093543,69.973972,2.880429,harm
permutation,random_forest,area,fold,4,1,3337703701,26,67.093543,77.240883,10.147340,harm
permutation,random_forest,area,fold,4,2,924772163,26,67.093543,71.223404,4.129861,harm
permutation,random_forest,area,fold,4,3,1220015727,26,67.093543,71.989449,4.895906,harm
permutation,random_forest,area,fold,4,4,1230091001,26,67.093543,70.928486,3.834942,harm
permutation,random_forest,area,fold,4,5,2865622056,26,67.093543,67.302897,0.209354,neutral
permutation,random_forest,area,fold,4,6,1475451766,26,67.093543,65.215730,-1.877813,improvement
permutation,random_forest,area,fold,4,7,2457060519,26,67.093543,73.384202,6.290659,harm
permutation,random_forest,area,fold,4,8,2783681110,26,67.093543,68.473757,1.380214,harm
permutation,random_forest,area,fold,4,9,2455921730,26,67.093543,70.530666,3.437123,harm
permutation,random_forest,area,fold,5,0,1899153945,26,67.367468,68.979734,1.612266,harm
permutation,random_forest,area,fold,5,1,622685661,26,67.367468,67.513086,0.145618,neutral
permutation,random_forest,area,fold,5,2,1128972834,26,67.367468,68.504423,1.136955,harm
permutation,random_forest,area,fold,5,3,163679032,26,67.367468,69.351881,1.984413,harm
permutation,random_forest,area,fold,5,4,1738370783,26,67.367468,69.569705,2.202237,harm
permutation,random_forest,area,fold,5,5,3245611645,26,67.367468,67.805293,0.437825,neutral
permutation,random_forest,area,fold,5,6,1545069866,26,67.367468,66.689487,-0.677981,neutral
permutation,random_forest,area,fold,5,7,3070675393,26,67.367468,68.603032,1.235564,harm
permutation,random_forest,area,fold,5,8,2276850200,26,67.367468,67.081166,-0.286302,neutral
permutation,random_forest,area,fold,5,9,4062096572,26,67.367468,69.218340,1.850872,harm
permutation,random_forest,area,oof,,0,,132,52.784275,56.501020,3.716745,harm
permutation,random_forest,area,oof,,1,,132,52.784275,57.583823,4.799548,harm
permutation,random_forest,area,oof,,2,,132,52.784275,56.164063,3.379788,harm
permutation,random_forest,area,oof,,3,,132,52.784275,55.773063,2.988788,harm
permutation,random_forest,area,oof,,4,,132,52.784275,55.362878,2.578603,harm
permutation,random_forest,area,oof,,5,,132,52.784275,56.523306,3.739031,harm
permutation,random_forest,area,oof,,6,,132,52.784275,54.935106,2.150831,harm
permutation,random_forest,area,oof,,7,,132,52.784275,57.313101,4.528826,harm
permutation,random_forest,area,oof,,8,,132,52.784275,56.148761,3.364486,harm
permutation,random_forest,area,oof,,9,,132,52.784275,56.598891,3.814616,harm
permutation,random_forest,area_major_axis_product,fold,1,0,3264189896,27,50.674813,52.228134,1.553321,harm
permutation,random_forest,area_major_axis_product,fold,1,1,4182987321,27,50.674813,51.941737,1.266924,harm
permutation,random_forest,area_major_axis_product,fold,1,2,1910975556,27,50.674813,52.276115,1.601302,harm
permutation,random_forest,area_major_axis_product,fold,1,3,2178475803,27,50.674813,51.914770,1.239957,harm
permutation,random_forest,area_major_axis_product,fold,1,4,1652586735,27,50.674813,51.085248,0.410436,neutral
permutation,random_forest,area_major_axis_product,fold,1,5,1937788631,27,50.674813,51.760399,1.085587,harm
permutation,random_forest,area_major_axis_product,fold,1,6,3192822995,27,50.674813,52.960186,2.285374,harm
permutation,random_forest,area_major_axis_product,fold,1,7,3744168948,27,50.674813,52.870456,2.195643,harm
permutation,random_forest,area_major_axis_product,fold,1,8,3588158849,27,50.674813,52.250795,1.575982,harm
permutation,random_forest,area_major_axis_product,fold,1,9,89364455,27,50.674813,56.757625,6.082813,harm
permutation,random_forest,area_major_axis_product,fold,2,0,3233275207,27,31.781472,32.556825,0.775353,neutral
permutation,random_forest,area_major_axis_product,fold,2,1,878885560,27,31.781472,36.830828,5.049356,harm
permutation,random_forest,area_major_axis_product,fold,2,2,762937026,27,31.781472,36.630576,4.849104,harm
permutation,random_forest,area_major_axis_product,fold,2,3,2435824799,27,31.781472,35.331424,3.549952,harm
permutation,random_forest,area_major_axis_product,fold,2,4,1664718069,27,31.781472,32.517328,0.735856,neutral
permutation,random_forest,area_major_axis_product,fold,2,5,408908833,27,31.781472,35.495304,3.713832,harm
permutation,random_forest,area_major_axis_product,fold,2,6,1725322830,27,31.781472,35.680072,3.898600,harm
permutation,random_forest,area_major_axis_product,fold,2,7,3425372424,27,31.781472,34.151680,2.370208,harm
permutation,random_forest,area_major_axis_product,fold,2,8,2960703242,27,31.781472,33.645838,1.864366,harm
permutation,random_forest,area_major_axis_product,fold,2,9,2758577893,27,31.781472,35.934358,4.152886,harm
permutation,random_forest,area_major_axis_product,fold,3,0,2131559429,26,47.893012,51.567137,3.674124,harm
permutation,random_forest,area_major_axis_product,fold,3,1,1682122232,26,47.893012,54.337734,6.444722,harm
permutation,random_forest,area_major_axis_product,fold,3,2,1676871248,26,47.893012,55.605905,7.712892,harm
permutation,random_forest,area_major_axis_product,fold,3,3,2985798672,26,47.893012,49.060400,1.167388,harm
permutation,random_forest,area_major_axis_product,fold,3,4,2823003821,26,47.893012,54.491592,6.598580,harm
permutation,random_forest,area_major_axis_product,fold,3,5,1375403626,26,47.893012,57.240994,9.347981,harm
permutation,random_forest,area_major_axis_product,fold,3,6,1921820980,26,47.893012,56.649227,8.756215,harm
permutation,random_forest,area_major_axis_product,fold,3,7,1802785945,26,47.893012,55.757149,7.864136,harm
permutation,random_forest,area_major_axis_product,fold,3,8,3362905852,26,47.893012,49.293807,1.400794,harm
permutation,random_forest,area_major_axis_product,fold,3,9,2097257444,26,47.893012,53.611422,5.718410,harm
permutation,random_forest,area_major_axis_product,fold,4,0,402562591,26,67.093543,70.456114,3.362571,harm
permutation,random_forest,area_major_axis_product,fold,4,1,2439496451,26,67.093543,69.390950,2.297407,harm
permutation,random_forest,area_major_axis_product,fold,4,2,579851601,26,67.093543,68.856993,1.763450,harm
permutation,random_forest,area_major_axis_product,fold,4,3,1107413388,26,67.093543,70.584908,3.491365,harm
permutation,random_forest,area_major_axis_product,fold,4,4,156675194,26,67.093543,73.700122,6.606579,harm
permutation,random_forest,area_major_axis_product,fold,4,5,457222490,26,67.093543,69.398485,2.304942,harm
permutation,random_forest,area_major_axis_product,fold,4,6,2694786638,26,67.093543,71.870204,4.776661,harm
permutation,random_forest,area_major_axis_product,fold,4,7,3350997187,26,67.093543,72.712452,5.618909,harm
permutation,random_forest,area_major_axis_product,fold,4,8,3241208858,26,67.093543,72.180451,5.086908,harm
permutation,random_forest,area_major_axis_product,fold,4,9,145315213,26,67.093543,68.822992,1.729449,harm
permutation,random_forest,area_major_axis_product,fold,5,0,2332631797,26,67.367468,68.490033,1.122565,harm
permutation,random_forest,area_major_axis_product,fold,5,1,2005316114,26,67.367468,70.786386,3.418918,harm
permutation,random_forest,area_major_axis_product,fold,5,2,694910954,26,67.367468,68.212330,0.844861,neutral
permutation,random_forest,area_major_axis_product,fold,5,3,3927306647,26,67.367468,68.781827,1.414359,harm
permutation,random_forest,area_major_axis_product,fold,5,4,3521557193,26,67.367468,69.659531,2.292063,harm
permutation,random_forest,area_major_axis_product,fold,5,5,2892685617,26,67.367468,68.844988,1.477519,harm
permutation,random_forest,area_major_axis_product,fold,5,6,4268232414,26,67.367468,68.522130,1.154662,harm
permutation,random_forest,area_major_axis_product,fold,5,7,1613134985,26,67.367468,67.090554,-0.276914,neutral
permutation,random_forest,area_major_axis_product,fold,5,8,2907127582,26,67.367468,68.397324,1.029856,harm
permutation,random_forest,area_major_axis_product,fold,5,9,3456494374,26,67.367468,68.722995,1.355527,harm
permutation,random_forest,area_major_axis_product,oof,,0,,132,52.784275,54.867722,2.083447,harm
permutation,random_forest,area_major_axis_product,oof,,1,,132,52.784275,56.471599,3.687324,harm
permutation,random_forest,area_major_axis_product,oof,,2,,132,52.784275,56.136641,3.352366,harm
permutation,random_forest,area_major_axis_product,oof,,3,,132,52.784275,54.960248,2.175973,harm
permutation,random_forest,area_major_axis_product,oof,,4,,132,52.784275,56.071227,3.286952,harm
permutation,random_forest,area_major_axis_product,oof,,5,,132,52.784275,56.352274,3.567999,harm
permutation,random_forest,area_major_axis_product,oof,,6,,132,52.784275,56.942179,4.157904,harm
permutation,random_forest,area_major_axis_product,oof,,7,,132,52.784275,56.319407,3.535132,harm
permutation,random_forest,area_major_axis_product,oof,,8,,132,52.784275,54.968714,2.184439,harm
permutation,random_forest,area_major_axis_product,oof,,9,,132,52.784275,56.611941,3.827666,harm
permutation,random_forest,area_power_1_5,fold,1,0,1037705170,27,50.674813,54.720708,4.045895,harm
permutation,random_forest,area_power_1_5,fold,1,1,1670068679,27,50.674813,57.610064,6.935251,harm
permutation,random_forest,area_power_1_5,fold,1,2,1608368590,27,50.674813,57.263513,6.588700,harm
permutation,random_forest,area_power_1_5,fold,1,3,1480552461,27,50.674813,54.594107,3.919294,harm
permutation,random_forest,area_power_1_5,fold,1,4,2385311889,27,50.674813,55.508380,4.833567,harm
permutation,random_forest,area_power_1_5,fold,1,5,2952735277,27,50.674813,55.037999,4.363186,harm
permutation,random_forest,area_power_1_5,fold,1,6,1133924555,27,50.674813,54.331235,3.656422,harm
permutation,random_forest,area_power_1_5,fold,1,7,2677074029,27,50.674813,53.471004,2.796191,harm
permutation,random_forest,area_power_1_5,fold,1,8,2689450893,27,50.674813,52.353040,1.678228,harm
permutation,random_forest,area_power_1_5,fold,1,9,2712796784,27,50.674813,55.137353,4.462541,harm
permutation,random_forest,area_power_1_5,fold,2,0,1046740733,27,31.781472,33.016456,1.234984,harm
permutation,random_forest,area_power_1_5,fold,2,1,2989972570,27,31.781472,37.962886,6.181414,harm
permutation,random_forest,area_power_1_5,fold,2,2,1197200441,27,31.781472,38.074802,6.293330,harm
permutation,random_forest,area_power_1_5,fold,2,3,3691232154,27,31.781472,37.486640,5.705168,harm
permutation,random_forest,area_power_1_5,fold,2,4,1681518598,27,31.781472,35.874179,4.092707,harm
permutation,random_forest,area_power_1_5,fold,2,5,769021986,27,31.781472,33.265340,1.483868,harm
permutation,random_forest,area_power_1_5,fold,2,6,604087048,27,31.781472,33.363974,1.582502,harm
permutation,random_forest,area_power_1_5,fold,2,7,636756632,27,31.781472,35.493631,3.712159,harm
permutation,random_forest,area_power_1_5,fold,2,8,451159973,27,31.781472,39.017920,7.236448,harm
permutation,random_forest,area_power_1_5,fold,2,9,43341613,27,31.781472,33.388092,1.606620,harm
permutation,random_forest,area_power_1_5,fold,3,0,2285744507,26,47.893012,54.741537,6.848525,harm
permutation,random_forest,area_power_1_5,fold,3,1,3521526389,26,47.893012,53.916026,6.023013,harm
permutation,random_forest,area_power_1_5,fold,3,2,3070112140,26,47.893012,53.916809,6.023796,harm
permutation,random_forest,area_power_1_5,fold,3,3,3754208029,26,47.893012,55.997925,8.104913,harm
permutation,random_forest,area_power_1_5,fold,3,4,116151144,26,47.893012,54.953077,7.060065,harm
permutation,random_forest,area_power_1_5,fold,3,5,3920729914,26,47.893012,52.295352,4.402340,harm
permutation,random_forest,area_power_1_5,fold,3,6,4280741686,26,47.893012,59.270235,11.377223,harm
permutation,random_forest,area_power_1_5,fold,3,7,3204493216,26,47.893012,54.782533,6.889521,harm
permutation,random_forest,area_power_1_5,fold,3,8,4102151898,26,47.893012,49.275502,1.382489,harm
permutation,random_forest,area_power_1_5,fold,3,9,1733047474,26,47.893012,54.234763,6.341751,harm
permutation,random_forest,area_power_1_5,fold,4,0,1827773374,26,67.093543,65.566448,-1.527095,improvement
permutation,random_forest,area_power_1_5,fold,4,1,4252792465,26,67.093543,73.382281,6.288738,harm
permutation,random_forest,area_power_1_5,fold,4,2,127980848,26,67.093543,75.002798,7.909255,harm
permutation,random_forest,area_power_1_5,fold,4,3,3736095477,26,67.093543,72.219181,5.125638,harm
permutation,random_forest,area_power_1_5,fold,4,4,3216885491,26,67.093543,71.161522,4.067979,harm
permutation,random_forest,area_power_1_5,fold,4,5,1997373056,26,67.093543,72.622243,5.528700,harm
permutation,random_forest,area_power_1_5,fold,4,6,3307660355,26,67.093543,77.165152,10.071609,harm
permutation,random_forest,area_power_1_5,fold,4,7,3362551828,26,67.093543,72.720426,5.626883,harm
permutation,random_forest,area_power_1_5,fold,4,8,2660396814,26,67.093543,70.388692,3.295149,harm
permutation,random_forest,area_power_1_5,fold,4,9,71745583,26,67.093543,66.125324,-0.968219,neutral
permutation,random_forest,area_power_1_5,fold,5,0,3585989589,26,67.367468,68.472830,1.105362,harm
permutation,random_forest,area_power_1_5,fold,5,1,3961010752,26,67.367468,67.826697,0.459229,neutral
permutation,random_forest,area_power_1_5,fold,5,2,1707989068,26,67.367468,68.665217,1.297749,harm
permutation,random_forest,area_power_1_5,fold,5,3,1030309407,26,67.367468,69.610430,2.242962,harm
permutation,random_forest,area_power_1_5,fold,5,4,4022610367,26,67.367468,69.700180,2.332712,harm
permutation,random_forest,area_power_1_5,fold,5,5,713051777,26,67.367468,69.131374,1.763906,harm
permutation,random_forest,area_power_1_5,fold,5,6,3038923206,26,67.367468,68.469904,1.102436,harm
permutation,random_forest,area_power_1_5,fold,5,7,4176179918,26,67.367468,68.978022,1.610554,harm
permutation,random_forest,area_power_1_5,fold,5,8,2799932354,26,67.367468,71.429781,4.062313,harm
permutation,random_forest,area_power_1_5,fold,5,9,3225001334,26,67.367468,69.612830,2.245362,harm
permutation,random_forest,area_power_1_5,oof,,0,,132,52.784275,55.130338,2.346063,harm
permutation,random_forest,area_power_1_5,oof,,1,,132,52.784275,57.982725,5.198450,harm
permutation,random_forest,area_power_1_5,oof,,2,,132,52.784275,58.419242,5.634967,harm
permutation,random_forest,area_power_1_5,oof,,3,,132,52.784275,57.800728,5.016453,harm
permutation,random_forest,area_power_1_5,oof,,4,,132,52.784275,57.261464,4.477189,harm
permutation,random_forest,area_power_1_5,oof,,5,,132,52.784275,56.283813,3.499538,harm
permutation,random_forest,area_power_1_5,oof,,6,,132,52.784275,58.297789,5.513514,harm
permutation,random_forest,area_power_1_5,oof,,7,,132,52.784275,56.898111,4.113836,harm
permutation,random_forest,area_power_1_5,oof,,8,,132,52.784275,56.329237,3.544962,harm
permutation,random_forest,area_power_1_5,oof,,9,,132,52.784275,55.526385,2.742110,harm
permutation,random_forest,aspect_ratio,fold,1,0,1898791636,27,50.674813,55.188596,4.513783,harm
permutation,random_forest,aspect_ratio,fold,1,1,2119305638,27,50.674813,55.457493,4.782680,harm
permutation,random_forest,aspect_ratio,fold,1,2,2169352013,27,50.674813,54.935466,4.260653,harm
permutation,random_forest,aspect_ratio,fold,1,3,1515556851,27,50.674813,51.315913,0.641100,neutral
permutation,random_forest,aspect_ratio,fold,1,4,2834104490,27,50.674813,57.100603,6.425790,harm
permutation,random_forest,aspect_ratio,fold,1,5,4231323976,27,50.674813,51.152669,0.477857,neutral
permutation,random_forest,aspect_ratio,fold,1,6,1457073859,27,50.674813,57.681445,7.006632,harm
permutation,random_forest,aspect_ratio,fold,1,7,511216225,27,50.674813,55.095815,4.421002,harm
permutation,random_forest,aspect_ratio,fold,1,8,4135432340,27,50.674813,54.656322,3.981510,harm
permutation,random_forest,aspect_ratio,fold,1,9,246346294,27,50.674813,48.360082,-2.314731,improvement
permutation,random_forest,aspect_ratio,fold,2,0,64340181,27,31.781472,36.388009,4.606537,harm
permutation,random_forest,aspect_ratio,fold,2,1,2874498721,27,31.781472,36.087451,4.305979,harm
permutation,random_forest,aspect_ratio,fold,2,2,913983199,27,31.781472,39.581192,7.799721,harm
permutation,random_forest,aspect_ratio,fold,2,3,652464610,27,31.781472,37.648517,5.867045,harm
permutation,random_forest,aspect_ratio,fold,2,4,3696222492,27,31.781472,36.925746,5.144274,harm
permutation,random_forest,aspect_ratio,fold,2,5,222464003,27,31.781472,34.648188,2.866716,harm
permutation,random_forest,aspect_ratio,fold,2,6,551971278,27,31.781472,36.362689,4.581217,harm
permutation,random_forest,aspect_ratio,fold,2,7,1789044455,27,31.781472,38.351725,6.570253,harm
permutation,random_forest,aspect_ratio,fold,2,8,2163216471,27,31.781472,35.852305,4.070833,harm
permutation,random_forest,aspect_ratio,fold,2,9,1380941637,27,31.781472,36.256340,4.474868,harm
permutation,random_forest,aspect_ratio,fold,3,0,2820604621,26,47.893012,52.122999,4.229987,harm
permutation,random_forest,aspect_ratio,fold,3,1,2367705662,26,47.893012,50.286040,2.393027,harm
permutation,random_forest,aspect_ratio,fold,3,2,2099881897,26,47.893012,50.968386,3.075373,harm
permutation,random_forest,aspect_ratio,fold,3,3,405233711,26,47.893012,50.743631,2.850618,harm
permutation,random_forest,aspect_ratio,fold,3,4,514285569,26,47.893012,50.778278,2.885266,harm
permutation,random_forest,aspect_ratio,fold,3,5,1672907337,26,47.893012,49.626355,1.733343,harm
permutation,random_forest,aspect_ratio,fold,3,6,881061252,26,47.893012,48.635242,0.742230,neutral
permutation,random_forest,aspect_ratio,fold,3,7,2214825581,26,47.893012,48.339914,0.446902,neutral
permutation,random_forest,aspect_ratio,fold,3,8,3971228986,26,47.893012,52.242401,4.349388,harm
permutation,random_forest,aspect_ratio,fold,3,9,2912594679,26,47.893012,51.582300,3.689288,harm
permutation,random_forest,aspect_ratio,fold,4,0,996969458,26,67.093543,67.610040,0.516497,neutral
permutation,random_forest,aspect_ratio,fold,4,1,4220318424,26,67.093543,71.884618,4.791075,harm
permutation,random_forest,aspect_ratio,fold,4,2,1621613599,26,67.093543,67.218488,0.124945,neutral
permutation,random_forest,aspect_ratio,fold,4,3,3110045466,26,67.093543,69.994834,2.901291,harm
permutation,random_forest,aspect_ratio,fold,4,4,3055537203,26,67.093543,66.901483,-0.192061,neutral
permutation,random_forest,aspect_ratio,fold,4,5,43456899,26,67.093543,66.535518,-0.558025,neutral
permutation,random_forest,aspect_ratio,fold,4,6,2269095700,26,67.093543,67.199194,0.105651,neutral
permutation,random_forest,aspect_ratio,fold,4,7,1902329384,26,67.093543,70.124675,3.031132,harm
permutation,random_forest,aspect_ratio,fold,4,8,2719590471,26,67.093543,66.425732,-0.667811,neutral
permutation,random_forest,aspect_ratio,fold,4,9,4242667843,26,67.093543,70.389787,3.296244,harm
permutation,random_forest,aspect_ratio,fold,5,0,2610694864,26,67.367468,71.389250,4.021782,harm
permutation,random_forest,aspect_ratio,fold,5,1,533224264,26,67.367468,69.826758,2.459290,harm
permutation,random_forest,aspect_ratio,fold,5,2,885527937,26,67.367468,68.792261,1.424793,harm
permutation,random_forest,aspect_ratio,fold,5,3,2055653149,26,67.367468,68.258071,0.890603,neutral
permutation,random_forest,aspect_ratio,fold,5,4,4039303410,26,67.367468,70.810276,3.442808,harm
permutation,random_forest,aspect_ratio,fold,5,5,901973544,26,67.367468,69.544939,2.177471,harm
permutation,random_forest,aspect_ratio,fold,5,6,3707062173,26,67.367468,68.316300,0.948832,neutral
permutation,random_forest,aspect_ratio,fold,5,7,4202152949,26,67.367468,69.667500,2.300032,harm
permutation,random_forest,aspect_ratio,fold,5,8,3382367697,26,67.367468,66.178390,-1.189078,improvement
permutation,random_forest,aspect_ratio,fold,5,9,529306933,26,67.367468,67.620609,0.253141,neutral
permutation,random_forest,aspect_ratio,oof,,0,,132,52.784275,56.376878,3.592603,harm
permutation,random_forest,aspect_ratio,oof,,1,,132,52.784275,56.542775,3.758500,harm
permutation,random_forest,aspect_ratio,oof,,2,,132,52.784275,56.162177,3.377902,harm
permutation,random_forest,aspect_ratio,oof,,3,,132,52.784275,55.423860,2.639585,harm
permutation,random_forest,aspect_ratio,oof,,4,,132,52.784275,56.359488,3.575213,harm
permutation,random_forest,aspect_ratio,oof,,5,,132,52.784275,54.128790,1.344515,harm
permutation,random_forest,aspect_ratio,oof,,6,,132,52.784275,55.508415,2.724140,harm
permutation,random_forest,aspect_ratio,oof,,7,,132,52.784275,56.170590,3.386315,harm
permutation,random_forest,aspect_ratio,oof,,8,,132,52.784275,54.922292,2.138017,harm
permutation,random_forest,aspect_ratio,oof,,9,,132,52.784275,54.651921,1.867646,harm
permutation,random_forest,bbox_area,fold,1,0,426442277,27,50.674813,50.975463,0.300650,neutral
permutation,random_forest,bbox_area,fold,1,1,2685372155,27,50.674813,51.023896,0.349084,neutral
permutation,random_forest,bbox_area,fold,1,2,388429474,27,50.674813,50.901971,0.227158,neutral
permutation,random_forest,bbox_area,fold,1,3,259742599,27,50.674813,51.104540,0.429727,neutral
permutation,random_forest,bbox_area,fold,1,4,2550855653,27,50.674813,51.040285,0.365473,neutral
permutation,random_forest,bbox_area,fold,1,5,2682692397,27,50.674813,50.998151,0.323338,neutral
permutation,random_forest,bbox_area,fold,1,6,3820462364,27,50.674813,50.883965,0.209152,neutral
permutation,random_forest,bbox_area,fold,1,7,1636656955,27,50.674813,50.988728,0.313915,neutral
permutation,random_forest,bbox_area,fold,1,8,3274777263,27,50.674813,51.107086,0.432273,neutral
permutation,random_forest,bbox_area,fold,1,9,569319691,27,50.674813,51.006472,0.331659,neutral
permutation,random_forest,bbox_area,fold,2,0,3647177643,27,31.781472,32.883991,1.102519,harm
permutation,random_forest,bbox_area,fold,2,1,1434656890,27,31.781472,34.285225,2.503753,harm
permutation,random_forest,bbox_area,fold,2,2,3756785202,27,31.781472,33.423206,1.641734,harm
permutation,random_forest,bbox_area,fold,2,3,3396000707,27,31.781472,33.860284,2.078812,harm
permutation,random_forest,bbox_area,fold,2,4,3463457909,27,31.781472,32.883214,1.101742,harm
permutation,random_forest,bbox_area,fold,2,5,1676231391,27,31.781472,32.393235,0.611763,neutral
permutation,random_forest,bbox_area,fold,2,6,4079853762,27,31.781472,32.930735,1.149263,harm
permutation,random_forest,bbox_area,fold,2,7,2941300109,27,31.781472,33.634870,1.853398,harm
permutation,random_forest,bbox_area,fold,2,8,3214457296,27,31.781472,33.993311,2.211839,harm
permutation,random_forest,bbox_area,fold,2,9,2812527551,27,31.781472,33.584793,1.803321,harm
permutation,random_forest,bbox_area,fold,3,0,1855807997,26,47.893012,48.266435,0.373423,neutral
permutation,random_forest,bbox_area,fold,3,1,551171651,26,47.893012,48.312351,0.419339,neutral
permutation,random_forest,bbox_area,fold,3,2,3913165090,26,47.893012,48.146743,0.253731,neutral
permutation,random_forest,bbox_area,fold,3,3,2834918831,26,47.893012,48.172951,0.279939,neutral
permutation,random_forest,bbox_area,fold,3,4,1715915598,26,47.893012,47.260272,-0.632741,neutral
permutation,random_forest,bbox_area,fold,3,5,3900815546,26,47.893012,48.787931,0.894919,neutral
permutation,random_forest,bbox_area,fold,3,6,2761366294,26,47.893012,48.347543,0.454530,neutral
permutation,random_forest,bbox_area,fold,3,7,809399716,26,47.893012,48.529318,0.636306,neutral
permutation,random_forest,bbox_area,fold,3,8,2144013558,26,47.893012,48.079376,0.186363,neutral
permutation,random_forest,bbox_area,fold,3,9,2582243471,26,47.893012,48.758828,0.865816,neutral
permutation,random_forest,bbox_area,fold,4,0,4294536734,26,67.093543,67.831666,0.738123,neutral
permutation,random_forest,bbox_area,fold,4,1,1021997265,26,67.093543,67.300918,0.207375,neutral
permutation,random_forest,bbox_area,fold,4,2,60146073,26,67.093543,67.153816,0.060273,neutral
permutation,random_forest,bbox_area,fold,4,3,3065910121,26,67.093543,67.446456,0.352913,neutral
permutation,random_forest,bbox_area,fold,4,4,3745298856,26,67.093543,67.432953,0.339410,neutral
permutation,random_forest,bbox_area,fold,4,5,2890525554,26,67.093543,67.106639,0.013096,neutral
permutation,random_forest,bbox_area,fold,4,6,3025239356,26,67.093543,67.592559,0.499016,neutral
permutation,random_forest,bbox_area,fold,4,7,3880935405,26,67.093543,67.391852,0.298309,neutral
permutation,random_forest,bbox_area,fold,4,8,3773815959,26,67.093543,67.682773,0.589230,neutral
permutation,random_forest,bbox_area,fold,4,9,3482464805,26,67.093543,67.574944,0.481401,neutral
permutation,random_forest,bbox_area,fold,5,0,3695115528,26,67.367468,67.599193,0.231725,neutral
permutation,random_forest,bbox_area,fold,5,1,3393617188,26,67.367468,67.525696,0.158228,neutral
permutation,random_forest,bbox_area,fold,5,2,3262969381,26,67.367468,67.980576,0.613108,neutral
permutation,random_forest,bbox_area,fold,5,3,3387481138,26,67.367468,67.916870,0.549402,neutral
permutation,random_forest,bbox_area,fold,5,4,643222228,26,67.367468,67.866922,0.499454,neutral
permutation,random_forest,bbox_area,fold,5,5,2632464886,26,67.367468,67.666730,0.299262,neutral
permutation,random_forest,bbox_area,fold,5,6,3001596424,26,67.367468,67.634059,0.266591,neutral
permutation,random_forest,bbox_area,fold,5,7,3834430101,26,67.367468,68.113738,0.746270,neutral
permutation,random_forest,bbox_area,fold,5,8,1795009605,26,67.367468,68.085945,0.718477,neutral
permutation,random_forest,bbox_area,fold,5,9,2448454826,26,67.367468,68.099408,0.731940,neutral
permutation,random_forest,bbox_area,oof,,0,,132,52.784275,53.335870,0.551595,neutral
permutation,random_forest,bbox_area,oof,,1,,132,52.784275,53.522419,0.738145,neutral
permutation,random_forest,bbox_area,oof,,2,,132,52.784275,53.349161,0.564886,neutral
permutation,random_forest,bbox_area,oof,,3,,132,52.784275,53.530253,0.745978,neutral
permutation,random_forest,bbox_area,oof,,4,,132,52.784275,53.124987,0.340712,neutral
permutation,random_forest,bbox_area,oof,,5,,132,52.784275,53.213342,0.429068,neutral
permutation,random_forest,bbox_area,oof,,6,,132,52.784275,53.302463,0.518188,neutral
permutation,random_forest,bbox_area,oof,,7,,132,52.784275,53.558672,0.774397,neutral
permutation,random_forest,bbox_area,oof,,8,,132,52.784275,53.619403,0.835128,neutral
permutation,random_forest,bbox_area,oof,,9,,132,52.784275,53.630506,0.846231,neutral
permutation,random_forest,bbox_height,fold,1,0,3483853285,27,50.674813,50.962560,0.287748,neutral
permutation,random_forest,bbox_height,fold,1,1,772442013,27,50.674813,50.728809,0.053997,neutral
permutation,random_forest,bbox_height,fold,1,2,1419785632,27,50.674813,50.715823,0.041010,neutral
permutation,random_forest,bbox_height,fold,1,3,2720786796,27,50.674813,50.213161,-0.461651,neutral
permutation,random_forest,bbox_height,fold,1,4,2069587222,27,50.674813,51.304027,0.629214,neutral
permutation,random_forest,bbox_height,fold,1,5,184930534,27,50.674813,51.791806,1.116994,harm
permutation,random_forest,bbox_height,fold,1,6,497691835,27,50.674813,50.441188,-0.233625,neutral
permutation,random_forest,bbox_height,fold,1,7,2971547025,27,50.674813,51.002427,0.327615,neutral
permutation,random_forest,bbox_height,fold,1,8,1096647236,27,50.674813,50.875294,0.200482,neutral
permutation,random_forest,bbox_height,fold,1,9,85116377,27,50.674813,50.332584,-0.342229,neutral
permutation,random_forest,bbox_height,fold,2,0,1702947002,27,31.781472,31.688348,-0.093124,neutral
permutation,random_forest,bbox_height,fold,2,1,3443892144,27,31.781472,31.641320,-0.140152,neutral
permutation,random_forest,bbox_height,fold,2,2,1082353012,27,31.781472,31.622237,-0.159235,neutral
permutation,random_forest,bbox_height,fold,2,3,90353431,27,31.781472,31.178093,-0.603379,neutral
permutation,random_forest,bbox_height,fold,2,4,3299650634,27,31.781472,32.535753,0.754281,neutral
permutation,random_forest,bbox_height,fold,2,5,3306166803,27,31.781472,32.044118,0.262646,neutral
permutation,random_forest,bbox_height,fold,2,6,1152081005,27,31.781472,31.544377,-0.237095,neutral
permutation,random_forest,bbox_height,fold,2,7,2536299951,27,31.781472,31.881251,0.099779,neutral
permutation,random_forest,bbox_height,fold,2,8,3041041879,27,31.781472,32.095112,0.313640,neutral
permutation,random_forest,bbox_height,fold,2,9,2588211768,27,31.781472,31.240546,-0.540926,neutral
permutation,random_forest,bbox_height,fold,3,0,582259589,26,47.893012,47.348009,-0.545003,neutral
permutation,random_forest,bbox_height,fold,3,1,3440901651,26,47.893012,48.264292,0.371280,neutral
permutation,random_forest,bbox_height,fold,3,2,3762169529,26,47.893012,48.264765,0.371753,neutral
permutation,random_forest,bbox_height,fold,3,3,3454763683,26,47.893012,48.219510,0.326497,neutral
permutation,random_forest,bbox_height,fold,3,4,2038422325,26,47.893012,47.944801,0.051789,neutral
permutation,random_forest,bbox_height,fold,3,5,2056947311,26,47.893012,47.002885,-0.890127,neutral
permutation,random_forest,bbox_height,fold,3,6,3328780686,26,47.893012,48.523940,0.630927,neutral
permutation,random_forest,bbox_height,fold,3,7,3313011264,26,47.893012,50.051565,2.158553,harm
permutation,random_forest,bbox_height,fold,3,8,1026490300,26,47.893012,48.645429,0.752417,neutral
permutation,random_forest,bbox_height,fold,3,9,2839192347,26,47.893012,47.842280,-0.050732,neutral
permutation,random_forest,bbox_height,fold,4,0,1718484835,26,67.093543,67.469151,0.375608,neutral
permutation,random_forest,bbox_height,fold,4,1,1390207100,26,67.093543,67.325370,0.231827,neutral
permutation,random_forest,bbox_height,fold,4,2,1147275737,26,67.093543,67.456054,0.362511,neutral
permutation,random_forest,bbox_height,fold,4,3,4112584814,26,67.093543,67.796258,0.702715,neutral
permutation,random_forest,bbox_height,fold,4,4,3637265170,26,67.093543,67.427200,0.333657,neutral
permutation,random_forest,bbox_height,fold,4,5,1439152082,26,67.093543,67.194490,0.100947,neutral
permutation,random_forest,bbox_height,fold,4,6,1697456981,26,67.093543,67.070061,-0.023482,neutral
permutation,random_forest,bbox_height,fold,4,7,1859323250,26,67.093543,67.617573,0.524030,neutral
permutation,random_forest,bbox_height,fold,4,8,3750363084,26,67.093543,67.677764,0.584221,neutral
permutation,random_forest,bbox_height,fold,4,9,2593610677,26,67.093543,67.584854,0.491311,neutral
permutation,random_forest,bbox_height,fold,5,0,2322795899,26,67.367468,68.618128,1.250660,harm
permutation,random_forest,bbox_height,fold,5,1,85620716,26,67.367468,68.977234,1.609766,harm
permutation,random_forest,bbox_height,fold,5,2,2777961977,26,67.367468,68.641507,1.274039,harm
permutation,random_forest,bbox_height,fold,5,3,2356850197,26,67.367468,68.320917,0.953448,neutral
permutation,random_forest,bbox_height,fold,5,4,3611485839,26,67.367468,68.792905,1.425437,harm
permutation,random_forest,bbox_height,fold,5,5,425353936,26,67.367468,68.211645,0.844177,neutral
permutation,random_forest,bbox_height,fold,5,6,1572211369,26,67.367468,68.409210,1.041742,harm
permutation,random_forest,bbox_height,fold,5,7,1435715587,26,67.367468,68.760144,1.392676,harm
permutation,random_forest,bbox_height,fold,5,8,320365203,26,67.367468,69.238034,1.870566,harm
permutation,random_forest,bbox_height,fold,5,9,1140286487,26,67.367468,68.122507,0.755039,neutral
permutation,random_forest,bbox_height,oof,,0,,132,52.784275,53.037061,0.252786,neutral
permutation,random_forest,bbox_height,oof,,1,,132,52.784275,53.202521,0.418246,neutral
permutation,random_forest,bbox_height,oof,,2,,132,52.784275,53.155667,0.371392,neutral
permutation,random_forest,bbox_height,oof,,3,,132,52.784275,52.956952,0.172677,neutral
permutation,random_forest,bbox_height,oof,,4,,132,52.784275,53.423952,0.639677,neutral
permutation,random_forest,bbox_height,oof,,5,,132,52.784275,53.077307,0.293032,neutral
permutation,random_forest,bbox_height,oof,,6,,132,52.784275,53.012831,0.228556,neutral
permutation,random_forest,bbox_height,oof,,7,,132,52.784275,53.674399,0.890124,neutral
permutation,random_forest,bbox_height,oof,,8,,132,52.784275,53.521158,0.736883,neutral
permutation,random_forest,bbox_height,oof,,9,,132,52.784275,52.839130,0.054855,neutral
permutation,random_forest,bbox_width,fold,1,0,225892424,27,50.674813,51.654773,0.979960,neutral
permutation,random_forest,bbox_width,fold,1,1,2544360663,27,50.674813,50.586511,-0.088302,neutral
permutation,random_forest,bbox_width,fold,1,2,222567208,27,50.674813,50.096253,-0.578559,neutral
permutation,random_forest,bbox_width,fold,1,3,1469950343,27,50.674813,49.557900,-1.116913,improvement
permutation,random_forest,bbox_width,fold,1,4,4278900087,27,50.674813,50.923659,0.248846,neutral
permutation,random_forest,bbox_width,fold,1,5,3428306098,27,50.674813,49.722472,-0.952341,neutral
permutation,random_forest,bbox_width,fold,1,6,675101734,27,50.674813,49.832735,-0.842078,neutral
permutation,random_forest,bbox_width,fold,1,7,355717651,27,50.674813,51.022890,0.348077,neutral
permutation,random_forest,bbox_width,fold,1,8,2568668883,27,50.674813,50.232982,-0.441831,neutral
permutation,random_forest,bbox_width,fold,1,9,486936665,27,50.674813,50.821471,0.146659,neutral
permutation,random_forest,bbox_width,fold,2,0,4251611175,27,31.781472,33.930979,2.149507,harm
permutation,random_forest,bbox_width,fold,2,1,2065156594,27,31.781472,34.974502,3.193030,harm
permutation,random_forest,bbox_width,fold,2,2,2344017719,27,31.781472,33.120333,1.338861,harm
permutation,random_forest,bbox_width,fold,2,3,2700855901,27,31.781472,33.862455,2.080983,harm
permutation,random_forest,bbox_width,fold,2,4,3753142501,27,31.781472,32.974619,1.193147,harm
permutation,random_forest,bbox_width,fold,2,5,831445519,27,31.781472,32.768144,0.986672,neutral
permutation,random_forest,bbox_width,fold,2,6,3689016546,27,31.781472,32.912546,1.131074,harm
permutation,random_forest,bbox_width,fold,2,7,1379128374,27,31.781472,34.373617,2.592145,harm
permutation,random_forest,bbox_width,fold,2,8,2999605904,27,31.781472,34.540588,2.759116,harm
permutation,random_forest,bbox_width,fold,2,9,3277255808,27,31.781472,34.272946,2.491474,harm
permutation,random_forest,bbox_width,fold,3,0,477614228,26,47.893012,48.020386,0.127373,neutral
permutation,random_forest,bbox_width,fold,3,1,4000263244,26,47.893012,47.888802,-0.004210,neutral
permutation,random_forest,bbox_width,fold,3,2,1341629134,26,47.893012,47.846680,-0.046332,neutral
permutation,random_forest,bbox_width,fold,3,3,4202027627,26,47.893012,47.893812,0.000800,neutral
permutation,random_forest,bbox_width,fold,3,4,3945127613,26,47.893012,47.820020,-0.072992,neutral
permutation,random_forest,bbox_width,fold,3,5,1168201104,26,47.893012,47.724004,-0.169008,neutral
permutation,random_forest,bbox_width,fold,3,6,800322976,26,47.893012,47.972466,0.079454,neutral
permutation,random_forest,bbox_width,fold,3,7,3118720732,26,47.893012,47.813801,-0.079212,neutral
permutation,random_forest,bbox_width,fold,3,8,1462582876,26,47.893012,47.676651,-0.216361,neutral
permutation,random_forest,bbox_width,fold,3,9,565410669,26,47.893012,48.265530,0.372518,neutral
permutation,random_forest,bbox_width,fold,4,0,1661957416,26,67.093543,68.960266,1.866723,harm
permutation,random_forest,bbox_width,fold,4,1,2049818004,26,67.093543,67.823038,0.729495,neutral
permutation,random_forest,bbox_width,fold,4,2,68040474,26,67.093543,67.967568,0.874025,neutral
permutation,random_forest,bbox_width,fold,4,3,2369247114,26,67.093543,68.893197,1.799654,harm
permutation,random_forest,bbox_width,fold,4,4,3127936145,26,67.093543,67.190452,0.096909,neutral
permutation,random_forest,bbox_width,fold,4,5,707275189,26,67.093543,67.654074,0.560531,neutral
permutation,random_forest,bbox_width,fold,4,6,3314222776,26,67.093543,67.870321,0.776778,neutral
permutation,random_forest,bbox_width,fold,4,7,1007107819,26,67.093543,66.333270,-0.760273,neutral
permutation,random_forest,bbox_width,fold,4,8,1874793446,26,67.093543,66.842817,-0.250726,neutral
permutation,random_forest,bbox_width,fold,4,9,3336015731,26,67.093543,67.353109,0.259565,neutral
permutation,random_forest,bbox_width,fold,5,0,3730936141,26,67.367468,66.724047,-0.643421,neutral
permutation,random_forest,bbox_width,fold,5,1,252723195,26,67.367468,67.412108,0.044640,neutral
permutation,random_forest,bbox_width,fold,5,2,853269495,26,67.367468,67.859268,0.491800,neutral
permutation,random_forest,bbox_width,fold,5,3,2551750297,26,67.367468,67.809104,0.441636,neutral
permutation,random_forest,bbox_width,fold,5,4,4257813711,26,67.367468,66.906410,-0.461058,neutral
permutation,random_forest,bbox_width,fold,5,5,2644371594,26,67.367468,68.046817,0.679349,neutral
permutation,random_forest,bbox_width,fold,5,6,1828286532,26,67.367468,67.863804,0.496336,neutral
permutation,random_forest,bbox_width,fold,5,7,488349912,26,67.367468,67.793750,0.426282,neutral
permutation,random_forest,bbox_width,fold,5,8,855083614,26,67.367468,67.432346,0.064878,neutral
permutation,random_forest,bbox_width,fold,5,9,2076633371,26,67.367468,68.028143,0.660675,neutral
permutation,random_forest,bbox_width,oof,,0,,132,52.784275,53.690435,0.906160,neutral
permutation,random_forest,bbox_width,oof,,1,,132,52.784275,53.570985,0.786710,neutral
permutation,random_forest,bbox_width,oof,,2,,132,52.784275,53.199691,0.415416,neutral
permutation,random_forest,bbox_width,oof,,3,,132,52.784275,53.423095,0.638820,neutral
permutation,random_forest,bbox_width,oof,,4,,132,52.784275,52.993125,0.208850,neutral
permutation,random_forest,bbox_width,oof,,5,,132,52.784275,53.002227,0.217952,neutral
permutation,random_forest,bbox_width,oof,,6,,132,52.784275,53.109803,0.325528,neutral
permutation,random_forest,bbox_width,oof,,7,,132,52.784275,53.304296,0.520021,neutral
permutation,random_forest,bbox_width,oof,,8,,132,52.784275,53.179042,0.394767,neutral
permutation,random_forest,bbox_width,oof,,9,,132,52.784275,53.578527,0.794252,neutral
permutation,random_forest,center_to_end_occupancy_ratio,fold,1,0,952473669,27,50.674813,51.443978,0.769166,neutral
permutation,random_forest,center_to_end_occupancy_ratio,fold,1,1,890760286,27,50.674813,51.607441,0.932628,neutral
permutation,random_forest,center_to_end_occupancy_ratio,fold,1,2,146698890,27,50.674813,50.386276,-0.288536,neutral
permutation,random_forest,center_to_end_occupancy_ratio,fold,1,3,2865544163,27,50.674813,51.176993,0.502180,neutral
permutation,random_forest,center_to_end_occupancy_ratio,fold,1,4,4288589237,27,50.674813,51.295608,0.620796,neutral
permutation,random_forest,center_to_end_occupancy_ratio,fold,1,5,468821503,27,50.674813,51.107505,0.432693,neutral
permutation,random_forest,center_to_end_occupancy_ratio,fold,1,6,3234557498,27,50.674813,50.541065,-0.133748,neutral
permutation,random_forest,center_to_end_occupancy_ratio,fold,1,7,4270415511,27,50.674813,50.631598,-0.043215,neutral
permutation,random_forest,center_to_end_occupancy_ratio,fold,1,8,3740345256,27,50.674813,49.387534,-1.287279,improvement
permutation,random_forest,center_to_end_occupancy_ratio,fold,1,9,1907904380,27,50.674813,50.626188,-0.048624,neutral
permutation,random_forest,center_to_end_occupancy_ratio,fold,2,0,442096774,27,31.781472,33.586794,1.805322,harm
permutation,random_forest,center_to_end_occupancy_ratio,fold,2,1,4079964017,27,31.781472,32.407533,0.626061,neutral
permutation,random_forest,center_to_end_occupancy_ratio,fold,2,2,1475382375,27,31.781472,33.026722,1.245250,harm
permutation,random_forest,center_to_end_occupancy_ratio,fold,2,3,2602485015,27,31.781472,34.772705,2.991233,harm
permutation,random_forest,center_to_end_occupancy_ratio,fold,2,4,2920597865,27,31.781472,32.746807,0.965335,neutral
permutation,random_forest,center_to_end_occupancy_ratio,fold,2,5,1650934121,27,31.781472,33.897549,2.116077,harm
permutation,random_forest,center_to_end_occupancy_ratio,fold,2,6,3341104807,27,31.781472,34.158837,2.377365,harm
permutation,random_forest,center_to_end_occupancy_ratio,fold,2,7,4195043013,27,31.781472,32.521124,0.739652,neutral
permutation,random_forest,center_to_end_occupancy_ratio,fold,2,8,2665873799,27,31.781472,32.612137,0.830665,neutral
permutation,random_forest,center_to_end_occupancy_ratio,fold,2,9,1094137936,27,31.781472,32.666835,0.885363,neutral
permutation,random_forest,center_to_end_occupancy_ratio,fold,3,0,1940135952,26,47.893012,49.114208,1.221196,harm
permutation,random_forest,center_to_end_occupancy_ratio,fold,3,1,347325359,26,47.893012,48.060602,0.167590,neutral
permutation,random_forest,center_to_end_occupancy_ratio,fold,3,2,4062753238,26,47.893012,48.133469,0.240457,neutral
permutation,random_forest,center_to_end_occupancy_ratio,fold,3,3,148969557,26,47.893012,47.768030,-0.124982,neutral
permutation,random_forest,center_to_end_occupancy_ratio,fold,3,4,3301436586,26,47.893012,48.483808,0.590796,neutral
permutation,random_forest,center_to_end_occupancy_ratio,fold,3,5,676655091,26,47.893012,48.374126,0.481113,neutral
permutation,random_forest,center_to_end_occupancy_ratio,fold,3,6,1726612076,26,47.893012,48.150798,0.257786,neutral
permutation,random_forest,center_to_end_occupancy_ratio,fold,3,7,3995690490,26,47.893012,48.586732,0.693720,neutral
permutation,random_forest,center_to_end_occupancy_ratio,fold,3,8,2445629997,26,47.893012,48.078163,0.185151,neutral
permutation,random_forest,center_to_end_occupancy_ratio,fold,3,9,3731664374,26,47.893012,48.425788,0.532776,neutral
permutation,random_forest,center_to_end_occupancy_ratio,fold,4,0,1219862156,26,67.093543,66.591526,-0.502017,neutral
permutation,random_forest,center_to_end_occupancy_ratio,fold,4,1,2917438554,26,67.093543,63.236935,-3.856608,improvement
permutation,random_forest,center_to_end_occupancy_ratio,fold,4,2,2877562520,26,67.093543,63.745579,-3.347964,improvement
permutation,random_forest,center_to_end_occupancy_ratio,fold,4,3,2592803138,26,67.093543,69.058128,1.964585,harm
permutation,random_forest,center_to_end_occupancy_ratio,fold,4,4,167929118,26,67.093543,65.158633,-1.934911,improvement
permutation,random_forest,center_to_end_occupancy_ratio,fold,4,5,3657485136,26,67.093543,67.582529,0.488986,neutral
permutation,random_forest,center_to_end_occupancy_ratio,fold,4,6,1644633566,26,67.093543,64.615006,-2.478537,improvement
permutation,random_forest,center_to_end_occupancy_ratio,fold,4,7,3598507031,26,67.093543,65.385134,-1.708409,improvement
permutation,random_forest,center_to_end_occupancy_ratio,fold,4,8,182215283,26,67.093543,68.837930,1.744387,harm
permutation,random_forest,center_to_end_occupancy_ratio,fold,4,9,4060560187,26,67.093543,66.960954,-0.132589,neutral
permutation,random_forest,center_to_end_occupancy_ratio,fold,5,0,428031558,26,67.367468,68.396265,1.028797,harm
permutation,random_forest,center_to_end_occupancy_ratio,fold,5,1,1596369572,26,67.367468,68.502656,1.135188,harm
permutation,random_forest,center_to_end_occupancy_ratio,fold,5,2,654680012,26,67.367468,68.049576,0.682108,neutral
permutation,random_forest,center_to_end_occupancy_ratio,fold,5,3,1107348756,26,67.367468,68.304028,0.936560,neutral
permutation,random_forest,center_to_end_occupancy_ratio,fold,5,4,1053357982,26,67.367468,67.548127,0.180659,neutral
permutation,random_forest,center_to_end_occupancy_ratio,fold,5,5,3228131698,26,67.367468,68.336002,0.968534,neutral
permutation,random_forest,center_to_end_occupancy_ratio,fold,5,6,2717744656,26,67.367468,68.532910,1.165442,harm
permutation,random_forest,center_to_end_occupancy_ratio,fold,5,7,2585186329,26,67.367468,67.911803,0.544334,neutral
permutation,random_forest,center_to_end_occupancy_ratio,fold,5,8,3116478505,26,67.367468,68.285039,0.917571,neutral
permutation,random_forest,center_to_end_occupancy_ratio,fold,5,9,1654601000,26,67.367468,68.179204,0.811736,neutral
permutation,random_forest,center_to_end_occupancy_ratio,oof,,0,,132,52.784275,53.655173,0.870898,neutral
permutation,random_forest,center_to_end_occupancy_ratio,oof,,1,,132,52.784275,52.600071,-0.184204,neutral
permutation,random_forest,center_to_end_occupancy_ratio,oof,,2,,132,52.784275,52.502236,-0.282039,neutral
permutation,random_forest,center_to_end_occupancy_ratio,oof,,3,,132,52.784275,54.045657,1.261382,harm
permutation,random_forest,center_to_end_occupancy_ratio,oof,,4,,132,52.784275,52.879545,0.095270,neutral
permutation,random_forest,center_to_end_occupancy_ratio,oof,,5,,132,52.784275,53.687466,0.903191,neutral
permutation,random_forest,center_to_end_occupancy_ratio,oof,,6,,132,52.784275,53.035333,0.251058,neutral
permutation,random_forest,center_to_end_occupancy_ratio,oof,,7,,132,52.784275,52.834082,0.049807,neutral
permutation,random_forest,center_to_end_occupancy_ratio,oof,,8,,132,52.784275,53.251671,0.467396,neutral
permutation,random_forest,center_to_end_occupancy_ratio,oof,,9,,132,52.784275,53.194138,0.409863,neutral
permutation,random_forest,center_vertical_occupancy,fold,1,0,1475245477,27,50.674813,63.251209,12.576397,harm
permutation,random_forest,center_vertical_occupancy,fold,1,1,1971119061,27,50.674813,57.085284,6.410471,harm
permutation,random_forest,center_vertical_occupancy,fold,1,2,514103961,27,50.674813,59.887486,9.212673,harm
permutation,random_forest,center_vertical_occupancy,fold,1,3,697991252,27,50.674813,60.248181,9.573369,harm
permutation,random_forest,center_vertical_occupancy,fold,1,4,440202666,27,50.674813,58.225460,7.550647,harm
permutation,random_forest,center_vertical_occupancy,fold,1,5,2849827905,27,50.674813,62.200315,11.525502,harm
permutation,random_forest,center_vertical_occupancy,fold,1,6,904350370,27,50.674813,63.647965,12.973152,harm
permutation,random_forest,center_vertical_occupancy,fold,1,7,2357546195,27,50.674813,60.750183,10.075371,harm
permutation,random_forest,center_vertical_occupancy,fold,1,8,3590993864,27,50.674813,62.990081,12.315268,harm
permutation,random_forest,center_vertical_occupancy,fold,1,9,2332723539,27,50.674813,63.074805,12.399992,harm
permutation,random_forest,center_vertical_occupancy,fold,2,0,1682006233,27,31.781472,46.114897,14.333425,harm
permutation,random_forest,center_vertical_occupancy,fold,2,1,3734875920,27,31.781472,41.755643,9.974171,harm
permutation,random_forest,center_vertical_occupancy,fold,2,2,2650890476,27,31.781472,42.244462,10.462990,harm
permutation,random_forest,center_vertical_occupancy,fold,2,3,545619371,27,31.781472,48.226370,16.444898,harm
permutation,random_forest,center_vertical_occupancy,fold,2,4,3250565208,27,31.781472,47.393971,15.612499,harm
permutation,random_forest,center_vertical_occupancy,fold,2,5,1340968441,27,31.781472,41.635448,9.853976,harm
permutation,random_forest,center_vertical_occupancy,fold,2,6,1853920140,27,31.781472,43.997254,12.215782,harm
permutation,random_forest,center_vertical_occupancy,fold,2,7,4045667363,27,31.781472,42.351035,10.569563,harm
permutation,random_forest,center_vertical_occupancy,fold,2,8,3996043834,27,31.781472,44.626637,12.845165,harm
permutation,random_forest,center_vertical_occupancy,fold,2,9,326917010,27,31.781472,38.872109,7.090637,harm
permutation,random_forest,center_vertical_occupancy,fold,3,0,465215,26,47.893012,57.522558,9.629546,harm
permutation,random_forest,center_vertical_occupancy,fold,3,1,2990417006,26,47.893012,48.710342,0.817330,neutral
permutation,random_forest,center_vertical_occupancy,fold,3,2,2987056239,26,47.893012,59.610021,11.717009,harm
permutation,random_forest,center_vertical_occupancy,fold,3,3,3829779892,26,47.893012,56.198815,8.305802,harm
permutation,random_forest,center_vertical_occupancy,fold,3,4,4264207524,26,47.893012,60.252627,12.359615,harm
permutation,random_forest,center_vertical_occupancy,fold,3,5,3943847129,26,47.893012,55.955089,8.062076,harm
permutation,random_forest,center_vertical_occupancy,fold,3,6,1101149480,26,47.893012,68.242785,20.349772,harm
permutation,random_forest,center_vertical_occupancy,fold,3,7,963744357,26,47.893012,59.840885,11.947872,harm
permutation,random_forest,center_vertical_occupancy,fold,3,8,2962170762,26,47.893012,59.768913,11.875901,harm
permutation,random_forest,center_vertical_occupancy,fold,3,9,1363007,26,47.893012,65.606652,17.713639,harm
permutation,random_forest,center_vertical_occupancy,fold,4,0,4069318063,26,67.093543,67.305187,0.211644,neutral
permutation,random_forest,center_vertical_occupancy,fold,4,1,3775745667,26,67.093543,67.082421,-0.011122,neutral
permutation,random_forest,center_vertical_occupancy,fold,4,2,2798704888,26,67.093543,67.691310,0.597767,neutral
permutation,random_forest,center_vertical_occupancy,fold,4,3,1789495972,26,67.093543,67.084860,-0.008683,neutral
permutation,random_forest,center_vertical_occupancy,fold,4,4,456286217,26,67.093543,67.957737,0.864194,neutral
permutation,random_forest,center_vertical_occupancy,fold,4,5,2918565774,26,67.093543,66.403455,-0.690088,neutral
permutation,random_forest,center_vertical_occupancy,fold,4,6,2529539423,26,67.093543,67.105087,0.011544,neutral
permutation,random_forest,center_vertical_occupancy,fold,4,7,3970924535,26,67.093543,67.240071,0.146528,neutral
permutation,random_forest,center_vertical_occupancy,fold,4,8,2735936310,26,67.093543,67.346433,0.252890,neutral
permutation,random_forest,center_vertical_occupancy,fold,4,9,1952043264,26,67.093543,66.436899,-0.656644,neutral
permutation,random_forest,center_vertical_occupancy,fold,5,0,2966749494,26,67.367468,67.618177,0.250709,neutral
permutation,random_forest,center_vertical_occupancy,fold,5,1,984640520,26,67.367468,84.772779,17.405311,harm
permutation,random_forest,center_vertical_occupancy,fold,5,2,1559104404,26,67.367468,72.766304,5.398836,harm
permutation,random_forest,center_vertical_occupancy,fold,5,3,569284791,26,67.367468,70.242612,2.875144,harm
permutation,random_forest,center_vertical_occupancy,fold,5,4,587408751,26,67.367468,74.691464,7.323996,harm
permutation,random_forest,center_vertical_occupancy,fold,5,5,2062723202,26,67.367468,60.033247,-7.334221,improvement
permutation,random_forest,center_vertical_occupancy,fold,5,6,3838019513,26,67.367468,77.615506,10.248038,harm
permutation,random_forest,center_vertical_occupancy,fold,5,7,3860219936,26,67.367468,65.457459,-1.910009,improvement
permutation,random_forest,center_vertical_occupancy,fold,5,8,1540595837,26,67.367468,74.101623,6.734155,harm
permutation,random_forest,center_vertical_occupancy,fold,5,9,2804212883,26,67.367468,83.405829,16.038361,harm
permutation,random_forest,center_vertical_occupancy,oof,,0,,132,52.784275,60.276355,7.492080,harm
permutation,random_forest,center_vertical_occupancy,oof,,1,,132,52.784275,59.722796,6.938521,harm
permutation,random_forest,center_vertical_occupancy,oof,,2,,132,52.784275,60.297887,7.513612,harm
permutation,random_forest,center_vertical_occupancy,oof,,3,,132,52.784275,60.306791,7.522516,harm
permutation,random_forest,center_vertical_occupancy,oof,,4,,132,52.784275,61.569486,8.785211,harm
permutation,random_forest,center_vertical_occupancy,oof,,5,,132,52.784275,57.164789,4.380514,harm
permutation,random_forest,center_vertical_occupancy,oof,,6,,132,52.784275,63.965672,11.181397,harm
permutation,random_forest,center_vertical_occupancy,oof,,7,,132,52.784275,59.013119,6.228844,harm
permutation,random_forest,center_vertical_occupancy,oof,,8,,132,52.784275,61.646156,8.861881,harm
permutation,random_forest,center_vertical_occupancy,oof,,9,,132,52.784275,63.289777,10.505502,harm
permutation,random_forest,centroid_x_offset,fold,1,0,2646409411,27,50.674813,50.834078,0.159265,neutral
permutation,random_forest,centroid_x_offset,fold,1,1,953721213,27,50.674813,50.240711,-0.434102,neutral
permutation,random_forest,centroid_x_offset,fold,1,2,4241739345,27,50.674813,50.806238,0.131425,neutral
permutation,random_forest,centroid_x_offset,fold,1,3,1055920743,27,50.674813,50.605959,-0.068853,neutral
permutation,random_forest,centroid_x_offset,fold,1,4,2864808136,27,50.674813,50.738135,0.063322,neutral
permutation,random_forest,centroid_x_offset,fold,1,5,1288843119,27,50.674813,50.716301,0.041488,neutral
permutation,random_forest,centroid_x_offset,fold,1,6,2457004440,27,50.674813,50.792122,0.117309,neutral
permutation,random_forest,centroid_x_offset,fold,1,7,243578638,27,50.674813,50.239107,-0.435706,neutral
permutation,random_forest,centroid_x_offset,fold,1,8,1990730713,27,50.674813,50.511232,-0.163581,neutral
permutation,random_forest,centroid_x_offset,fold,1,9,909109501,27,50.674813,50.738988,0.064176,neutral
permutation,random_forest,centroid_x_offset,fold,2,0,789417543,27,31.781472,32.121813,0.340341,neutral
permutation,random_forest,centroid_x_offset,fold,2,1,3451557624,27,31.781472,31.635792,-0.145680,neutral
permutation,random_forest,centroid_x_offset,fold,2,2,4022070468,27,31.781472,31.668194,-0.113278,neutral
permutation,random_forest,centroid_x_offset,fold,2,3,2000006669,27,31.781472,32.038875,0.257403,neutral
permutation,random_forest,centroid_x_offset,fold,2,4,1056028129,27,31.781472,32.445539,0.664067,neutral
permutation,random_forest,centroid_x_offset,fold,2,5,3627294127,27,31.781472,31.955316,0.173844,neutral
permutation,random_forest,centroid_x_offset,fold,2,6,3368762683,27,31.781472,32.124418,0.342946,neutral
permutation,random_forest,centroid_x_offset,fold,2,7,3420774699,27,31.781472,32.240338,0.458866,neutral
permutation,random_forest,centroid_x_offset,fold,2,8,2477873811,27,31.781472,31.971791,0.190319,neutral
permutation,random_forest,centroid_x_offset,fold,2,9,2315490723,27,31.781472,31.954283,0.172811,neutral
permutation,random_forest,centroid_x_offset,fold,3,0,2032069452,26,47.893012,47.676641,-0.216371,neutral
permutation,random_forest,centroid_x_offset,fold,3,1,1145938995,26,47.893012,47.993990,0.100978,neutral
permutation,random_forest,centroid_x_offset,fold,3,2,2164303134,26,47.893012,47.849770,-0.043242,neutral
permutation,random_forest,centroid_x_offset,fold,3,3,3899560055,26,47.893012,48.404515,0.511503,neutral
permutation,random_forest,centroid_x_offset,fold,3,4,607824498,26,47.893012,47.868472,-0.024540,neutral
permutation,random_forest,centroid_x_offset,fold,3,5,26856051,26,47.893012,47.920799,0.027787,neutral
permutation,random_forest,centroid_x_offset,fold,3,6,2929909740,26,47.893012,48.187119,0.294106,neutral
permutation,random_forest,centroid_x_offset,fold,3,7,4057951185,26,47.893012,48.363057,0.470045,neutral
permutation,random_forest,centroid_x_offset,fold,3,8,2098105785,26,47.893012,48.387366,0.494354,neutral
permutation,random_forest,centroid_x_offset,fold,3,9,4038102275,26,47.893012,47.896161,0.003148,neutral
permutation,random_forest,centroid_x_offset,fold,4,0,240925251,26,67.093543,65.516721,-1.576822,improvement
permutation,random_forest,centroid_x_offset,fold,4,1,2952678943,26,67.093543,66.838628,-0.254915,neutral
permutation,random_forest,centroid_x_offset,fold,4,2,594645740,26,67.093543,67.086861,-0.006682,neutral
permutation,random_forest,centroid_x_offset,fold,4,3,23731844,26,67.093543,65.929474,-1.164069,improvement
permutation,random_forest,centroid_x_offset,fold,4,4,2509308944,26,67.093543,66.725932,-0.367611,neutral
permutation,random_forest,centroid_x_offset,fold,4,5,3940529521,26,67.093543,66.533233,-0.560310,neutral
permutation,random_forest,centroid_x_offset,fold,4,6,2375591558,26,67.093543,66.487951,-0.605592,neutral
permutation,random_forest,centroid_x_offset,fold,4,7,2526088448,26,67.093543,66.460754,-0.632789,neutral
permutation,random_forest,centroid_x_offset,fold,4,8,3953444639,26,67.093543,66.961873,-0.131670,neutral
permutation,random_forest,centroid_x_offset,fold,4,9,803143207,26,67.093543,65.345371,-1.748172,improvement
permutation,random_forest,centroid_x_offset,fold,5,0,3828322206,26,67.367468,67.585357,0.217889,neutral
permutation,random_forest,centroid_x_offset,fold,5,1,951100111,26,67.367468,67.768397,0.400929,neutral
permutation,random_forest,centroid_x_offset,fold,5,2,273299426,26,67.367468,67.798872,0.431404,neutral
permutation,random_forest,centroid_x_offset,fold,5,3,2445435083,26,67.367468,67.688627,0.321159,neutral
permutation,random_forest,centroid_x_offset,fold,5,4,3046585406,26,67.367468,67.862550,0.495082,neutral
permutation,random_forest,centroid_x_offset,fold,5,5,1775816960,26,67.367468,67.833261,0.465793,neutral
permutation,random_forest,centroid_x_offset,fold,5,6,921406955,26,67.367468,67.659432,0.291964,neutral
permutation,random_forest,centroid_x_offset,fold,5,7,1219495621,26,67.367468,68.035478,0.668010,neutral
permutation,random_forest,centroid_x_offset,fold,5,8,4262730927,26,67.367468,67.186652,-0.180816,neutral
permutation,random_forest,centroid_x_offset,fold,5,9,1147917874,26,67.367468,67.796479,0.429011,neutral
permutation,random_forest,centroid_x_offset,oof,,0,,132,52.784275,52.576180,-0.208095,neutral
permutation,random_forest,centroid_x_offset,oof,,1,,132,52.784275,52.714333,-0.069942,neutral
permutation,random_forest,centroid_x_offset,oof,,2,,132,52.784275,52.863127,0.078852,neutral
permutation,random_forest,centroid_x_offset,oof,,3,,132,52.784275,52.757565,-0.026710,neutral
permutation,random_forest,centroid_x_offset,oof,,4,,132,52.784275,52.953333,0.169058,neutral
permutation,random_forest,centroid_x_offset,oof,,5,,132,52.784275,52.815176,0.030901,neutral
permutation,random_forest,centroid_x_offset,oof,,6,,132,52.784275,52.874573,0.090298,neutral
permutation,random_forest,centroid_x_offset,oof,,7,,132,52.784275,52.888534,0.104259,neutral
permutation,random_forest,centroid_x_offset,oof,,8,,132,52.784275,52.825567,0.041292,neutral
permutation,random_forest,centroid_x_offset,oof,,9,,132,52.784275,52.573535,-0.210740,neutral
permutation,random_forest,centroid_y_ratio,fold,1,0,2779099478,27,50.674813,52.233968,1.559155,harm
permutation,random_forest,centroid_y_ratio,fold,1,1,4282433465,27,50.674813,50.615945,-0.058868,neutral
permutation,random_forest,centroid_y_ratio,fold,1,2,809593646,27,50.674813,52.836485,2.161672,harm
permutation,random_forest,centroid_y_ratio,fold,1,3,167278659,27,50.674813,51.625506,0.950694,neutral
permutation,random_forest,centroid_y_ratio,fold,1,4,1101415613,27,50.674813,51.121537,0.446724,neutral
permutation,random_forest,centroid_y_ratio,fold,1,5,2565576454,27,50.674813,53.534605,2.859793,harm
permutation,random_forest,centroid_y_ratio,fold,1,6,1699616757,27,50.674813,54.576022,3.901209,harm
permutation,random_forest,centroid_y_ratio,fold,1,7,128313957,27,50.674813,53.020179,2.345366,harm
permutation,random_forest,centroid_y_ratio,fold,1,8,3512550455,27,50.674813,52.640066,1.965253,harm
permutation,random_forest,centroid_y_ratio,fold,1,9,1888421558,27,50.674813,54.011295,3.336482,harm
permutation,random_forest,centroid_y_ratio,fold,2,0,1728279748,27,31.781472,32.637036,0.855564,neutral
permutation,random_forest,centroid_y_ratio,fold,2,1,85243421,27,31.781472,33.810250,2.028778,harm
permutation,random_forest,centroid_y_ratio,fold,2,2,750827610,27,31.781472,32.401249,0.619777,neutral
permutation,random_forest,centroid_y_ratio,fold,2,3,3549278070,27,31.781472,31.254784,-0.526688,neutral
permutation,random_forest,centroid_y_ratio,fold,2,4,1714689885,27,31.781472,31.365469,-0.416003,neutral
permutation,random_forest,centroid_y_ratio,fold,2,5,1114355150,27,31.781472,30.788276,-0.993196,neutral
permutation,random_forest,centroid_y_ratio,fold,2,6,4176364234,27,31.781472,34.823035,3.041563,harm
permutation,random_forest,centroid_y_ratio,fold,2,7,257889404,27,31.781472,33.666184,1.884712,harm
permutation,random_forest,centroid_y_ratio,fold,2,8,3152278132,27,31.781472,30.660033,-1.121439,improvement
permutation,random_forest,centroid_y_ratio,fold,2,9,469081904,27,31.781472,33.407617,1.626145,harm
permutation,random_forest,centroid_y_ratio,fold,3,0,2125251610,26,47.893012,44.984777,-2.908236,improvement
permutation,random_forest,centroid_y_ratio,fold,3,1,815538836,26,47.893012,47.839248,-0.053764,neutral
permutation,random_forest,centroid_y_ratio,fold,3,2,1002355529,26,47.893012,48.878953,0.985940,neutral
permutation,random_forest,centroid_y_ratio,fold,3,3,3081249892,26,47.893012,48.743220,0.850208,neutral
permutation,random_forest,centroid_y_ratio,fold,3,4,141204616,26,47.893012,46.571702,-1.321310,improvement
permutation,random_forest,centroid_y_ratio,fold,3,5,2489425163,26,47.893012,51.739605,3.846592,harm
permutation,random_forest,centroid_y_ratio,fold,3,6,2587135890,26,47.893012,50.576957,2.683945,harm
permutation,random_forest,centroid_y_ratio,fold,3,7,2271966936,26,47.893012,48.935786,1.042773,harm
permutation,random_forest,centroid_y_ratio,fold,3,8,3726064986,26,47.893012,49.657728,1.764715,harm
permutation,random_forest,centroid_y_ratio,fold,3,9,3929629742,26,47.893012,50.604346,2.711334,harm
permutation,random_forest,centroid_y_ratio,fold,4,0,998988273,26,67.093543,66.306186,-0.787357,neutral
permutation,random_forest,centroid_y_ratio,fold,4,1,2976700069,26,67.093543,67.062203,-0.031340,neutral
permutation,random_forest,centroid_y_ratio,fold,4,2,794935271,26,67.093543,66.982979,-0.110564,neutral
permutation,random_forest,centroid_y_ratio,fold,4,3,1212857642,26,67.093543,67.812981,0.719438,neutral
permutation,random_forest,centroid_y_ratio,fold,4,4,388085778,26,67.093543,70.352914,3.259371,harm
permutation,random_forest,centroid_y_ratio,fold,4,5,3964617780,26,67.093543,67.791198,0.697655,neutral
permutation,random_forest,centroid_y_ratio,fold,4,6,2948671357,26,67.093543,67.816644,0.723101,neutral
permutation,random_forest,centroid_y_ratio,fold,4,7,204654347,26,67.093543,69.041888,1.948344,harm
permutation,random_forest,centroid_y_ratio,fold,4,8,685717797,26,67.093543,67.914386,0.820843,neutral
permutation,random_forest,centroid_y_ratio,fold,4,9,3832437258,26,67.093543,67.316136,0.222593,neutral
permutation,random_forest,centroid_y_ratio,fold,5,0,1564576935,26,67.367468,70.014143,2.646675,harm
permutation,random_forest,centroid_y_ratio,fold,5,1,2256443150,26,67.367468,70.664500,3.297032,harm
permutation,random_forest,centroid_y_ratio,fold,5,2,626749661,26,67.367468,68.656608,1.289140,harm
permutation,random_forest,centroid_y_ratio,fold,5,3,4160972675,26,67.367468,68.952894,1.585426,harm
permutation,random_forest,centroid_y_ratio,fold,5,4,136109120,26,67.367468,68.338371,0.970903,neutral
permutation,random_forest,centroid_y_ratio,fold,5,5,2881107945,26,67.367468,69.912603,2.545135,harm
permutation,random_forest,centroid_y_ratio,fold,5,6,3115808709,26,67.367468,67.695822,0.328354,neutral
permutation,random_forest,centroid_y_ratio,fold,5,7,3046783469,26,67.367468,68.115098,0.747630,neutral
permutation,random_forest,centroid_y_ratio,fold,5,8,1199961498,26,67.367468,68.594602,1.227133,harm
permutation,random_forest,centroid_y_ratio,fold,5,9,1244244052,26,67.367468,68.530396,1.162928,harm
permutation,random_forest,centroid_y_ratio,oof,,0,,132,52.784275,53.071590,0.287315,neutral
permutation,random_forest,centroid_y_ratio,oof,,1,,132,52.784275,53.819864,1.035589,harm
permutation,random_forest,centroid_y_ratio,oof,,2,,132,52.784275,53.779552,0.995277,neutral
permutation,random_forest,centroid_y_ratio,oof,,3,,132,52.784275,53.492457,0.708182,neutral
permutation,random_forest,centroid_y_ratio,oof,,4,,132,52.784275,53.363537,0.579262,neutral
permutation,random_forest,centroid_y_ratio,oof,,5,,132,52.784275,54.562472,1.778198,harm
permutation,random_forest,centroid_y_ratio,oof,,6,,132,52.784275,54.940148,2.155873,harm
permutation,random_forest,centroid_y_ratio,oof,,7,,132,52.784275,54.385938,1.601663,harm
permutation,random_forest,centroid_y_ratio,oof,,8,,132,52.784275,53.707858,0.923583,neutral
permutation,random_forest,centroid_y_ratio,oof,,9,,132,52.784275,54.606314,1.822039,harm
permutation,random_forest,circularity,fold,1,0,4058869712,27,50.674813,49.482668,-1.192145,improvement
permutation,random_forest,circularity,fold,1,1,739174896,27,50.674813,49.718156,-0.956656,neutral
permutation,random_forest,circularity,fold,1,2,2403948639,27,50.674813,49.852608,-0.822204,neutral
permutation,random_forest,circularity,fold,1,3,3382978717,27,50.674813,50.569220,-0.105593,neutral
permutation,random_forest,circularity,fold,1,4,2930223991,27,50.674813,49.837262,-0.837550,neutral
permutation,random_forest,circularity,fold,1,5,1430026754,27,50.674813,50.905452,0.230639,neutral
permutation,random_forest,circularity,fold,1,6,1827456196,27,50.674813,49.844298,-0.830515,neutral
permutation,random_forest,circularity,fold,1,7,1820912175,27,50.674813,49.826207,-0.848606,neutral
permutation,random_forest,circularity,fold,1,8,970980900,27,50.674813,50.187978,-0.486834,neutral
permutation,random_forest,circularity,fold,1,9,370249843,27,50.674813,50.777145,0.102333,neutral
permutation,random_forest,circularity,fold,2,0,2930471091,27,31.781472,31.978880,0.197408,neutral
permutation,random_forest,circularity,fold,2,1,3958364032,27,31.781472,32.190601,0.409129,neutral
permutation,random_forest,circularity,fold,2,2,633831283,27,31.781472,32.254395,0.472923,neutral
permutation,random_forest,circularity,fold,2,3,3654870846,27,31.781472,32.101821,0.320349,neutral
permutation,random_forest,circularity,fold,2,4,1279706439,27,31.781472,31.339816,-0.441656,neutral
permutation,random_forest,circularity,fold,2,5,2850594226,27,31.781472,31.653572,-0.127900,neutral
permutation,random_forest,circularity,fold,2,6,727040280,27,31.781472,31.267939,-0.513533,neutral
permutation,random_forest,circularity,fold,2,7,3868506654,27,31.781472,31.943364,0.161892,neutral
permutation,random_forest,circularity,fold,2,8,2302933615,27,31.781472,31.730676,-0.050796,neutral
permutation,random_forest,circularity,fold,2,9,2256305895,27,31.781472,31.756142,-0.025330,neutral
permutation,random_forest,circularity,fold,3,0,3593177891,26,47.893012,47.707978,-0.185034,neutral
permutation,random_forest,circularity,fold,3,1,3049020208,26,47.893012,47.401629,-0.491383,neutral
permutation,random_forest,circularity,fold,3,2,3434220281,26,47.893012,48.186041,0.293029,neutral
permutation,random_forest,circularity,fold,3,3,675552362,26,47.893012,46.914364,-0.978648,neutral
permutation,random_forest,circularity,fold,3,4,1442611337,26,47.893012,48.490847,0.597835,neutral
permutation,random_forest,circularity,fold,3,5,452807401,26,47.893012,47.890112,-0.002901,neutral
permutation,random_forest,circularity,fold,3,6,173534385,26,47.893012,49.024587,1.131575,harm
permutation,random_forest,circularity,fold,3,7,1571877074,26,47.893012,48.140119,0.247107,neutral
permutation,random_forest,circularity,fold,3,8,2503104224,26,47.893012,49.046473,1.153460,harm
permutation,random_forest,circularity,fold,3,9,2867336566,26,47.893012,48.610509,0.717497,neutral
permutation,random_forest,circularity,fold,4,0,2427638254,26,67.093543,67.960862,0.867319,neutral
permutation,random_forest,circularity,fold,4,1,3662211752,26,67.093543,68.264113,1.170570,harm
permutation,random_forest,circularity,fold,4,2,2467077342,26,67.093543,67.299581,0.206038,neutral
permutation,random_forest,circularity,fold,4,3,3641473343,26,67.093543,67.776578,0.683035,neutral
permutation,random_forest,circularity,fold,4,4,4153864427,26,67.093543,67.574319,0.480776,neutral
permutation,random_forest,circularity,fold,4,5,4100965465,26,67.093543,67.813442,0.719899,neutral
permutation,random_forest,circularity,fold,4,6,1406983385,26,67.093543,68.176390,1.082847,harm
permutation,random_forest,circularity,fold,4,7,3329782387,26,67.093543,67.958637,0.865094,neutral
permutation,random_forest,circularity,fold,4,8,1979755608,26,67.093543,67.711401,0.617858,neutral
permutation,random_forest,circularity,fold,4,9,1369839616,26,67.093543,67.779006,0.685463,neutral
permutation,random_forest,circularity,fold,5,0,3269257153,26,67.367468,68.087748,0.720280,neutral
permutation,random_forest,circularity,fold,5,1,3405477585,26,67.367468,67.471592,0.104124,neutral
permutation,random_forest,circularity,fold,5,2,2650889674,26,67.367468,67.795844,0.428376,neutral
permutation,random_forest,circularity,fold,5,3,832000400,26,67.367468,67.952384,0.584916,neutral
permutation,random_forest,circularity,fold,5,4,2767557587,26,67.367468,68.193858,0.826390,neutral
permutation,random_forest,circularity,fold,5,5,1436307565,26,67.367468,67.947353,0.579885,neutral
permutation,random_forest,circularity,fold,5,6,2913165606,26,67.367468,67.523428,0.155959,neutral
permutation,random_forest,circularity,fold,5,7,442438614,26,67.367468,68.016949,0.649481,neutral
permutation,random_forest,circularity,fold,5,8,247918146,26,67.367468,68.159291,0.791823,neutral
permutation,random_forest,circularity,fold,5,9,653497776,26,67.367468,67.833624,0.466156,neutral
permutation,random_forest,circularity,oof,,0,,132,52.784275,52.857069,0.072794,neutral
permutation,random_forest,circularity,oof,,1,,132,52.784275,52.826569,0.042294,neutral
permutation,random_forest,circularity,oof,,2,,132,52.784275,52.895509,0.111234,neutral
permutation,random_forest,circularity,oof,,3,,132,52.784275,52.885186,0.100911,neutral
permutation,random_forest,circularity,oof,,4,,132,52.784275,52.897847,0.113572,neutral
permutation,random_forest,circularity,oof,,5,,132,52.784275,53.060736,0.276461,neutral
permutation,random_forest,circularity,oof,,6,,132,52.784275,52.976249,0.191974,neutral
permutation,random_forest,circularity,oof,,7,,132,52.784275,52.990809,0.206534,neutral
permutation,random_forest,circularity,oof,,8,,132,52.784275,53.179166,0.394891,neutral
permutation,random_forest,circularity,oof,,9,,132,52.784275,53.168185,0.383910,neutral
permutation,random_forest,convex_area,fold,1,0,1448737136,27,50.674813,50.396173,-0.278640,neutral
permutation,random_forest,convex_area,fold,1,1,4219016945,27,50.674813,48.919072,-1.755741,improvement
permutation,random_forest,convex_area,fold,1,2,2223497350,27,50.674813,51.630160,0.955347,neutral
permutation,random_forest,convex_area,fold,1,3,1494214945,27,50.674813,51.788677,1.113865,harm
permutation,random_forest,convex_area,fold,1,4,3333450927,27,50.674813,50.006890,-0.667923,neutral
permutation,random_forest,convex_area,fold,1,5,634948727,27,50.674813,51.051854,0.377041,neutral
permutation,random_forest,convex_area,fold,1,6,3484390408,27,50.674813,50.233791,-0.441022,neutral
permutation,random_forest,convex_area,fold,1,7,3135008529,27,50.674813,51.360437,0.685624,neutral
permutation,random_forest,convex_area,fold,1,8,90575500,27,50.674813,51.245726,0.570913,neutral
permutation,random_forest,convex_area,fold,1,9,2387389665,27,50.674813,51.569023,0.894210,neutral
permutation,random_forest,convex_area,fold,2,0,4161554154,27,31.781472,34.827047,3.045575,harm
permutation,random_forest,convex_area,fold,2,1,1937921222,27,31.781472,34.531101,2.749629,harm
permutation,random_forest,convex_area,fold,2,2,2364978773,27,31.781472,37.112601,5.331129,harm
permutation,random_forest,convex_area,fold,2,3,3047380040,27,31.781472,31.274733,-0.506738,neutral
permutation,random_forest,convex_area,fold,2,4,4037479270,27,31.781472,36.572760,4.791288,harm
permutation,random_forest,convex_area,fold,2,5,827674571,27,31.781472,33.236469,1.454997,harm
permutation,random_forest,convex_area,fold,2,6,3275332366,27,31.781472,34.757834,2.976362,harm
permutation,random_forest,convex_area,fold,2,7,3336587272,27,31.781472,37.131206,5.349734,harm
permutation,random_forest,convex_area,fold,2,8,3512205391,27,31.781472,34.279228,2.497756,harm
permutation,random_forest,convex_area,fold,2,9,2357986379,27,31.781472,34.346430,2.564958,harm
permutation,random_forest,convex_area,fold,3,0,2046715372,26,47.893012,49.656951,1.763938,harm
permutation,random_forest,convex_area,fold,3,1,4155080312,26,47.893012,48.766400,0.873388,neutral
permutation,random_forest,convex_area,fold,3,2,3673072870,26,47.893012,48.693915,0.800903,neutral
permutation,random_forest,convex_area,fold,3,3,2788145095,26,47.893012,47.402678,-0.490335,neutral
permutation,random_forest,convex_area,fold,3,4,3603524781,26,47.893012,48.044653,0.151640,neutral
permutation,random_forest,convex_area,fold,3,5,67850496,26,47.893012,49.003593,1.110581,harm
permutation,random_forest,convex_area,fold,3,6,3329057555,26,47.893012,48.265483,0.372471,neutral
permutation,random_forest,convex_area,fold,3,7,3007030928,26,47.893012,49.036809,1.143797,harm
permutation,random_forest,convex_area,fold,3,8,1979373110,26,47.893012,49.804323,1.911311,harm
permutation,random_forest,convex_area,fold,3,9,2640847663,26,47.893012,48.659812,0.766800,neutral
permutation,random_forest,convex_area,fold,4,0,835931771,26,67.093543,67.648868,0.555325,neutral
permutation,random_forest,convex_area,fold,4,1,3391367711,26,67.093543,68.049241,0.955698,neutral
permutation,random_forest,convex_area,fold,4,2,970668199,26,67.093543,66.514649,-0.578895,neutral
permutation,random_forest,convex_area,fold,4,3,1621910197,26,67.093543,67.578939,0.485395,neutral
permutation,random_forest,convex_area,fold,4,4,1699754734,26,67.093543,67.970098,0.876555,neutral
permutation,random_forest,convex_area,fold,4,5,1636769611,26,67.093543,67.837755,0.744212,neutral
permutation,random_forest,convex_area,fold,4,6,2445064625,26,67.093543,67.601888,0.508345,neutral
permutation,random_forest,convex_area,fold,4,7,2518447175,26,67.093543,67.182759,0.089216,neutral
permutation,random_forest,convex_area,fold,4,8,3863800277,26,67.093543,68.012646,0.919103,neutral
permutation,random_forest,convex_area,fold,4,9,2709715017,26,67.093543,66.945185,-0.148358,neutral
permutation,random_forest,convex_area,fold,5,0,1119604623,26,67.367468,68.209102,0.841634,neutral
permutation,random_forest,convex_area,fold,5,1,761068883,26,67.367468,67.829404,0.461936,neutral
permutation,random_forest,convex_area,fold,5,2,2825197713,26,67.367468,67.487460,0.119992,neutral
permutation,random_forest,convex_area,fold,5,3,2446997611,26,67.367468,68.148822,0.781354,neutral
permutation,random_forest,convex_area,fold,5,4,1244862161,26,67.367468,67.768642,0.401174,neutral
permutation,random_forest,convex_area,fold,5,5,1441737529,26,67.367468,68.926956,1.559488,harm
permutation,random_forest,convex_area,fold,5,6,920888726,26,67.367468,67.521249,0.153781,neutral
permutation,random_forest,convex_area,fold,5,7,4037271314,26,67.367468,67.792338,0.424869,neutral
permutation,random_forest,convex_area,fold,5,8,175920656,26,67.367468,68.984835,1.617367,harm
permutation,random_forest,convex_area,fold,5,9,699676,26,67.367468,67.782251,0.414783,neutral
permutation,random_forest,convex_area,oof,,0,,132,52.784275,53.972840,1.188565,harm
permutation,random_forest,convex_area,oof,,1,,132,52.784275,53.438832,0.654557,neutral
permutation,random_forest,convex_area,oof,,2,,132,52.784275,54.137509,1.353234,harm
permutation,random_forest,convex_area,oof,,3,,132,52.784275,53.061390,0.277115,neutral
permutation,random_forest,convex_area,oof,,4,,132,52.784275,53.909233,1.124958,harm
permutation,random_forest,convex_area,oof,,5,,132,52.784275,53.831520,1.047245,harm
permutation,random_forest,convex_area,oof,,6,,132,52.784275,53.506651,0.722376,neutral
permutation,random_forest,convex_area,oof,,7,,132,52.784275,54.345333,1.561058,harm
permutation,random_forest,convex_area,oof,,8,,132,52.784275,54.288035,1.503760,harm
permutation,random_forest,convex_area,oof,,9,,132,52.784275,53.695346,0.911071,neutral
permutation,random_forest,convexity,fold,1,0,3890552908,27,50.674813,50.538709,-0.136103,neutral
permutation,random_forest,convexity,fold,1,1,1397571834,27,50.674813,49.891200,-0.783612,neutral
permutation,random_forest,convexity,fold,1,2,691875612,27,50.674813,49.601591,-1.073221,improvement
permutation,random_forest,convexity,fold,1,3,4264409311,27,50.674813,49.502289,-1.172523,improvement
permutation,random_forest,convexity,fold,1,4,2599386622,27,50.674813,50.746422,0.071610,neutral
permutation,random_forest,convexity,fold,1,5,203254615,27,50.674813,49.760199,-0.914614,neutral
permutation,random_forest,convexity,fold,1,6,2834363041,27,50.674813,50.026339,-0.648474,neutral
permutation,random_forest,convexity,fold,1,7,1482459063,27,50.674813,50.270817,-0.403996,neutral
permutation,random_forest,convexity,fold,1,8,563095068,27,50.674813,50.340268,-0.334545,neutral
permutation,random_forest,convexity,fold,1,9,3876581306,27,50.674813,49.982490,-0.692322,neutral
permutation,random_forest,convexity,fold,2,0,39553732,27,31.781472,31.798083,0.016611,neutral
permutation,random_forest,convexity,fold,2,1,5675460,27,31.781472,31.784756,0.003284,neutral
permutation,random_forest,convexity,fold,2,2,4093244388,27,31.781472,31.419161,-0.362311,neutral
permutation,random_forest,convexity,fold,2,3,2940052466,27,31.781472,31.716065,-0.065407,neutral
permutation,random_forest,convexity,fold,2,4,2567532213,27,31.781472,31.729147,-0.052325,neutral
permutation,random_forest,convexity,fold,2,5,2610029280,27,31.781472,31.618179,-0.163293,neutral
permutation,random_forest,convexity,fold,2,6,2298881088,27,31.781472,31.769046,-0.012426,neutral
permutation,random_forest,convexity,fold,2,7,4030895405,27,31.781472,31.441997,-0.339475,neutral
permutation,random_forest,convexity,fold,2,8,3185639229,27,31.781472,31.647323,-0.134149,neutral
permutation,random_forest,convexity,fold,2,9,154758773,27,31.781472,31.705704,-0.075768,neutral
permutation,random_forest,convexity,fold,3,0,3866779590,26,47.893012,47.918519,0.025507,neutral
permutation,random_forest,convexity,fold,3,1,3018828112,26,47.893012,48.056617,0.163605,neutral
permutation,random_forest,convexity,fold,3,2,1872931406,26,47.893012,48.213130,0.320118,neutral
permutation,random_forest,convexity,fold,3,3,946570026,26,47.893012,48.222747,0.329734,neutral
permutation,random_forest,convexity,fold,3,4,1960485633,26,47.893012,48.030015,0.137003,neutral
permutation,random_forest,convexity,fold,3,5,2324644533,26,47.893012,47.937308,0.044296,neutral
permutation,random_forest,convexity,fold,3,6,1122936937,26,47.893012,47.621630,-0.271382,neutral
permutation,random_forest,convexity,fold,3,7,721134115,26,47.893012,47.768813,-0.124199,neutral
permutation,random_forest,convexity,fold,3,8,3731543456,26,47.893012,47.994171,0.101159,neutral
permutation,random_forest,convexity,fold,3,9,573526421,26,47.893012,47.470625,-0.422388,neutral
permutation,random_forest,convexity,fold,4,0,2714701500,26,67.093543,67.163106,0.069563,neutral
permutation,random_forest,convexity,fold,4,1,2252637810,26,67.093543,67.128706,0.035163,neutral
permutation,random_forest,convexity,fold,4,2,1325388800,26,67.093543,66.979061,-0.114482,neutral
permutation,random_forest,convexity,fold,4,3,3880938526,26,67.093543,67.428624,0.335081,neutral
permutation,random_forest,convexity,fold,4,4,751081078,26,67.093543,67.158594,0.065051,neutral
permutation,random_forest,convexity,fold,4,5,4084090052,26,67.093543,67.497794,0.404251,neutral
permutation,random_forest,convexity,fold,4,6,1240512258,26,67.093543,67.136779,0.043236,neutral
permutation,random_forest,convexity,fold,4,7,2169791695,26,67.093543,67.056897,-0.036647,neutral
permutation,random_forest,convexity,fold,4,8,3592664717,26,67.093543,67.266140,0.172597,neutral
permutation,random_forest,convexity,fold,4,9,3810607545,26,67.093543,67.169864,0.076321,neutral
permutation,random_forest,convexity,fold,5,0,3170184804,26,67.367468,67.383372,0.015904,neutral
permutation,random_forest,convexity,fold,5,1,1703679329,26,67.367468,67.287585,-0.079883,neutral
permutation,random_forest,convexity,fold,5,2,2587689126,26,67.367468,67.722853,0.355385,neutral
permutation,random_forest,convexity,fold,5,3,3599261014,26,67.367468,67.402191,0.034723,neutral
permutation,random_forest,convexity,fold,5,4,2235065288,26,67.367468,67.127265,-0.240203,neutral
permutation,random_forest,convexity,fold,5,5,3033264693,26,67.367468,67.254828,-0.112640,neutral
permutation,random_forest,convexity,fold,5,6,4024150048,26,67.367468,67.377439,0.009971,neutral
permutation,random_forest,convexity,fold,5,7,3195786806,26,67.367468,67.468319,0.100851,neutral
permutation,random_forest,convexity,fold,5,8,3592089499,26,67.367468,67.334490,-0.032978,neutral
permutation,random_forest,convexity,fold,5,9,1339984763,26,67.367468,67.379538,0.012070,neutral
permutation,random_forest,convexity,oof,,0,,132,52.784275,52.781692,-0.002583,neutral
permutation,random_forest,convexity,oof,,1,,132,52.784275,52.648079,-0.136196,neutral
permutation,random_forest,convexity,oof,,2,,132,52.784275,52.601147,-0.183128,neutral
permutation,random_forest,convexity,oof,,3,,132,52.784275,52.668850,-0.115425,neutral
permutation,random_forest,convexity,oof,,4,,132,52.784275,52.780705,-0.003570,neutral
permutation,random_forest,convexity,oof,,5,,132,52.784275,52.629958,-0.154317,neutral
permutation,random_forest,convexity,oof,,6,,132,52.784275,52.606117,-0.178158,neutral
permutation,random_forest,convexity,oof,,7,,132,52.784275,52.620384,-0.163891,neutral
permutation,random_forest,convexity,oof,,8,,132,52.784275,52.735832,-0.048443,neutral
permutation,random_forest,convexity,oof,,9,,132,52.784275,52.561378,-0.222897,neutral
permutation,random_forest,end_vertical_occupancy_max,fold,1,0,2199962262,27,50.674813,53.160854,2.486041,harm
permutation,random_forest,end_vertical_occupancy_max,fold,1,1,1907564574,27,50.674813,53.849447,3.174634,harm
permutation,random_forest,end_vertical_occupancy_max,fold,1,2,721551831,27,50.674813,50.549313,-0.125500,neutral
permutation,random_forest,end_vertical_occupancy_max,fold,1,3,1303233301,27,50.674813,50.626507,-0.048306,neutral
permutation,random_forest,end_vertical_occupancy_max,fold,1,4,3338517267,27,50.674813,52.805739,2.130926,harm
permutation,random_forest,end_vertical_occupancy_max,fold,1,5,610509669,27,50.674813,53.632741,2.957929,harm
permutation,random_forest,end_vertical_occupancy_max,fold,1,6,3726812745,27,50.674813,53.329658,2.654845,harm
permutation,random_forest,end_vertical_occupancy_max,fold,1,7,561309469,27,50.674813,54.590642,3.915829,harm
permutation,random_forest,end_vertical_occupancy_max,fold,1,8,2778068625,27,50.674813,53.427144,2.752331,harm
permutation,random_forest,end_vertical_occupancy_max,fold,1,9,3659343487,27,50.674813,53.254277,2.579464,harm
permutation,random_forest,end_vertical_occupancy_max,fold,2,0,3417412024,27,31.781472,34.769326,2.987854,harm
permutation,random_forest,end_vertical_occupancy_max,fold,2,1,3168882282,27,31.781472,35.310168,3.528696,harm
permutation,random_forest,end_vertical_occupancy_max,fold,2,2,3769533780,27,31.781472,35.818019,4.036547,harm
permutation,random_forest,end_vertical_occupancy_max,fold,2,3,2742661175,27,31.781472,37.028947,5.247475,harm
permutation,random_forest,end_vertical_occupancy_max,fold,2,4,1162872198,27,31.781472,36.737151,4.955679,harm
permutation,random_forest,end_vertical_occupancy_max,fold,2,5,3491091417,27,31.781472,35.232533,3.451061,harm
permutation,random_forest,end_vertical_occupancy_max,fold,2,6,1518810713,27,31.781472,34.491270,2.709798,harm
permutation,random_forest,end_vertical_occupancy_max,fold,2,7,2000342673,27,31.781472,34.326850,2.545378,harm
permutation,random_forest,end_vertical_occupancy_max,fold,2,8,2802136756,27,31.781472,35.138859,3.357387,harm
permutation,random_forest,end_vertical_occupancy_max,fold,2,9,3803823905,27,31.781472,35.363715,3.582243,harm
permutation,random_forest,end_vertical_occupancy_max,fold,3,0,3983674981,26,47.893012,49.397475,1.504463,harm
permutation,random_forest,end_vertical_occupancy_max,fold,3,1,1872936963,26,47.893012,47.426965,-0.466047,neutral
permutation,random_forest,end_vertical_occupancy_max,fold,3,2,2001383807,26,47.893012,49.356640,1.463628,harm
permutation,random_forest,end_vertical_occupancy_max,fold,3,3,2926960198,26,47.893012,47.933657,0.040645,neutral
permutation,random_forest,end_vertical_occupancy_max,fold,3,4,2464368731,26,47.893012,48.160417,0.267405,neutral
permutation,random_forest,end_vertical_occupancy_max,fold,3,5,2126651886,26,47.893012,48.557380,0.664367,neutral
permutation,random_forest,end_vertical_occupancy_max,fold,3,6,513183684,26,47.893012,47.826664,-0.066348,neutral
permutation,random_forest,end_vertical_occupancy_max,fold,3,7,3200560690,26,47.893012,48.384983,0.491970,neutral
permutation,random_forest,end_vertical_occupancy_max,fold,3,8,4132272929,26,47.893012,48.267170,0.374157,neutral
permutation,random_forest,end_vertical_occupancy_max,fold,3,9,2359522103,26,47.893012,47.424994,-0.468018,neutral
permutation,random_forest,end_vertical_occupancy_max,fold,4,0,3901401046,26,67.093543,68.200539,1.106996,harm
permutation,random_forest,end_vertical_occupancy_max,fold,4,1,1024250065,26,67.093543,67.784044,0.690501,neutral
permutation,random_forest,end_vertical_occupancy_max,fold,4,2,3371800577,26,67.093543,70.274969,3.181426,harm
permutation,random_forest,end_vertical_occupancy_max,fold,4,3,2441326930,26,67.093543,68.065736,0.972193,neutral
permutation,random_forest,end_vertical_occupancy_max,fold,4,4,3926837445,26,67.093543,70.178839,3.085296,harm
permutation,random_forest,end_vertical_occupancy_max,fold,4,5,726564848,26,67.093543,68.186160,1.092617,harm
permutation,random_forest,end_vertical_occupancy_max,fold,4,6,654369154,26,67.093543,68.957120,1.863577,harm
permutation,random_forest,end_vertical_occupancy_max,fold,4,7,3866469603,26,67.093543,68.184951,1.091408,harm
permutation,random_forest,end_vertical_occupancy_max,fold,4,8,2292938295,26,67.093543,67.168729,0.075186,neutral
permutation,random_forest,end_vertical_occupancy_max,fold,4,9,2296348757,26,67.093543,68.407991,1.314448,harm
permutation,random_forest,end_vertical_occupancy_max,fold,5,0,3673252531,26,67.367468,66.481458,-0.886010,neutral
permutation,random_forest,end_vertical_occupancy_max,fold,5,1,2591131796,26,67.367468,70.427916,3.060448,harm
permutation,random_forest,end_vertical_occupancy_max,fold,5,2,1982097816,26,67.367468,65.970611,-1.396857,improvement
permutation,random_forest,end_vertical_occupancy_max,fold,5,3,1225145358,26,67.367468,68.846918,1.479450,harm
permutation,random_forest,end_vertical_occupancy_max,fold,5,4,3115839410,26,67.367468,71.105015,3.737547,harm
permutation,random_forest,end_vertical_occupancy_max,fold,5,5,4132948108,26,67.367468,67.710333,0.342865,neutral
permutation,random_forest,end_vertical_occupancy_max,fold,5,6,51582114,26,67.367468,71.180629,3.813161,harm
permutation,random_forest,end_vertical_occupancy_max,fold,5,7,3607782301,26,67.367468,74.689032,7.321564,harm
permutation,random_forest,end_vertical_occupancy_max,fold,5,8,1396391420,26,67.367468,71.183077,3.815609,harm
permutation,random_forest,end_vertical_occupancy_max,fold,5,9,1340635272,26,67.367468,65.778576,-1.588892,improvement
permutation,random_forest,end_vertical_occupancy_max,oof,,0,,132,52.784275,54.243797,1.459522,harm
permutation,random_forest,end_vertical_occupancy_max,oof,,1,,132,52.784275,54.802437,2.018162,harm
permutation,random_forest,end_vertical_occupancy_max,oof,,2,,132,52.784275,54.224058,1.439783,harm
permutation,random_forest,end_vertical_occupancy_max,oof,,3,,132,52.784275,54.338646,1.554371,harm
permutation,random_forest,end_vertical_occupancy_max,oof,,4,,132,52.784275,55.630372,2.846097,harm
permutation,random_forest,end_vertical_occupancy_max,oof,,5,,132,52.784275,54.508811,1.724536,harm
permutation,random_forest,end_vertical_occupancy_max,oof,,6,,132,52.784275,54.986665,2.202390,harm
permutation,random_forest,end_vertical_occupancy_max,oof,,7,,132,52.784275,55.859889,3.075614,harm
permutation,random_forest,end_vertical_occupancy_max,oof,,8,,132,52.784275,54.874056,2.089781,harm
permutation,random_forest,end_vertical_occupancy_max,oof,,9,,132,52.784275,53.898382,1.114107,harm
permutation,random_forest,end_vertical_occupancy_min,fold,1,0,478497956,27,50.674813,50.712274,0.037461,neutral
permutation,random_forest,end_vertical_occupancy_min,fold,1,1,3588856899,27,50.674813,50.611636,-0.063176,neutral
permutation,random_forest,end_vertical_occupancy_min,fold,1,2,289592664,27,50.674813,50.582197,-0.092615,neutral
permutation,random_forest,end_vertical_occupancy_min,fold,1,3,2577267912,27,50.674813,50.624325,-0.050488,neutral
permutation,random_forest,end_vertical_occupancy_min,fold,1,4,3311947368,27,50.674813,50.101340,-0.573473,neutral
permutation,random_forest,end_vertical_occupancy_min,fold,1,5,4288353018,27,50.674813,50.696545,0.021732,neutral
permutation,random_forest,end_vertical_occupancy_min,fold,1,6,2375044001,27,50.674813,50.962570,0.287757,neutral
permutation,random_forest,end_vertical_occupancy_min,fold,1,7,234276480,27,50.674813,50.903667,0.228854,neutral
permutation,random_forest,end_vertical_occupancy_min,fold,1,8,1746780143,27,50.674813,50.824088,0.149275,neutral
permutation,random_forest,end_vertical_occupancy_min,fold,1,9,216500949,27,50.674813,51.167941,0.493128,neutral
permutation,random_forest,end_vertical_occupancy_min,fold,2,0,1062933547,27,31.781472,30.964704,-0.816768,neutral
permutation,random_forest,end_vertical_occupancy_min,fold,2,1,518213344,27,31.781472,31.485710,-0.295762,neutral
permutation,random_forest,end_vertical_occupancy_min,fold,2,2,1902427725,27,31.781472,32.383420,0.601948,neutral
permutation,random_forest,end_vertical_occupancy_min,fold,2,3,2346282575,27,31.781472,31.431966,-0.349506,neutral
permutation,random_forest,end_vertical_occupancy_min,fold,2,4,1293719753,27,31.781472,32.523526,0.742054,neutral
permutation,random_forest,end_vertical_occupancy_min,fold,2,5,2034052909,27,31.781472,31.882071,0.100599,neutral
permutation,random_forest,end_vertical_occupancy_min,fold,2,6,1979469419,27,31.781472,31.975477,0.194005,neutral
permutation,random_forest,end_vertical_occupancy_min,fold,2,7,2700409449,27,31.781472,31.387167,-0.394305,neutral
permutation,random_forest,end_vertical_occupancy_min,fold,2,8,4158944628,27,31.781472,31.463736,-0.317736,neutral
permutation,random_forest,end_vertical_occupancy_min,fold,2,9,2476502008,27,31.781472,32.407287,0.625815,neutral
permutation,random_forest,end_vertical_occupancy_min,fold,3,0,2482163159,26,47.893012,48.129579,0.236567,neutral
permutation,random_forest,end_vertical_occupancy_min,fold,3,1,2362635991,26,47.893012,48.248055,0.355043,neutral
permutation,random_forest,end_vertical_occupancy_min,fold,3,2,3470370363,26,47.893012,48.429752,0.536740,neutral
permutation,random_forest,end_vertical_occupancy_min,fold,3,3,1586650676,26,47.893012,48.034598,0.141586,neutral
permutation,random_forest,end_vertical_occupancy_min,fold,3,4,1838246397,26,47.893012,48.132149,0.239136,neutral
permutation,random_forest,end_vertical_occupancy_min,fold,3,5,998996316,26,47.893012,48.364733,0.471721,neutral
permutation,random_forest,end_vertical_occupancy_min,fold,3,6,3079801326,26,47.893012,48.187116,0.294104,neutral
permutation,random_forest,end_vertical_occupancy_min,fold,3,7,2310370283,26,47.893012,48.206052,0.313039,neutral
permutation,random_forest,end_vertical_occupancy_min,fold,3,8,589941068,26,47.893012,47.866095,-0.026917,neutral
permutation,random_forest,end_vertical_occupancy_min,fold,3,9,4098372863,26,47.893012,48.455184,0.562171,neutral
permutation,random_forest,end_vertical_occupancy_min,fold,4,0,3664046689,26,67.093543,67.200567,0.107023,neutral
permutation,random_forest,end_vertical_occupancy_min,fold,4,1,1113108790,26,67.093543,67.650926,0.557383,neutral
permutation,random_forest,end_vertical_occupancy_min,fold,4,2,1202729044,26,67.093543,67.638059,0.544516,neutral
permutation,random_forest,end_vertical_occupancy_min,fold,4,3,1859760167,26,67.093543,67.808035,0.714492,neutral
permutation,random_forest,end_vertical_occupancy_min,fold,4,4,502681141,26,67.093543,67.845810,0.752267,neutral
permutation,random_forest,end_vertical_occupancy_min,fold,4,5,1851037898,26,67.093543,67.033837,-0.059706,neutral
permutation,random_forest,end_vertical_occupancy_min,fold,4,6,2508995273,26,67.093543,68.111516,1.017973,harm
permutation,random_forest,end_vertical_occupancy_min,fold,4,7,3023803753,26,67.093543,67.535090,0.441547,neutral
permutation,random_forest,end_vertical_occupancy_min,fold,4,8,2015928889,26,67.093543,68.019448,0.925905,neutral
permutation,random_forest,end_vertical_occupancy_min,fold,4,9,2155138298,26,67.093543,67.377304,0.283761,neutral
permutation,random_forest,end_vertical_occupancy_min,fold,5,0,1871873100,26,67.367468,66.790996,-0.576472,neutral
permutation,random_forest,end_vertical_occupancy_min,fold,5,1,4205233369,26,67.367468,66.702138,-0.665330,neutral
permutation,random_forest,end_vertical_occupancy_min,fold,5,2,1408961080,26,67.367468,67.426646,0.059178,neutral
permutation,random_forest,end_vertical_occupancy_min,fold,5,3,4046289795,26,67.367468,66.528006,-0.839462,neutral
permutation,random_forest,end_vertical_occupancy_min,fold,5,4,727055261,26,67.367468,67.648854,0.281386,neutral
permutation,random_forest,end_vertical_occupancy_min,fold,5,5,1485925201,26,67.367468,66.958880,-0.408588,neutral
permutation,random_forest,end_vertical_occupancy_min,fold,5,6,4078575265,26,67.367468,67.590661,0.223193,neutral
permutation,random_forest,end_vertical_occupancy_min,fold,5,7,2620054395,26,67.367468,66.188023,-1.179445,improvement
permutation,random_forest,end_vertical_occupancy_min,fold,5,8,2186891732,26,67.367468,67.354164,-0.013304,neutral
permutation,random_forest,end_vertical_occupancy_min,fold,5,9,857828074,26,67.367468,67.386547,0.019079,neutral
permutation,random_forest,end_vertical_occupancy_min,oof,,0,,132,52.784275,52.579001,-0.205274,neutral
permutation,random_forest,end_vertical_occupancy_min,oof,,1,,132,52.784275,52.759526,-0.024749,neutral
permutation,random_forest,end_vertical_occupancy_min,oof,,2,,132,52.784275,53.113087,0.328812,neutral
permutation,random_forest,end_vertical_occupancy_min,oof,,3,,132,52.784275,52.705731,-0.078544,neutral
permutation,random_forest,end_vertical_occupancy_min,oof,,4,,132,52.784275,53.069458,0.285183,neutral
permutation,random_forest,end_vertical_occupancy_min,oof,,5,,132,52.784275,52.809972,0.025697,neutral
permutation,random_forest,end_vertical_occupancy_min,oof,,6,,132,52.784275,53.185219,0.400944,neutral
permutation,random_forest,end_vertical_occupancy_min,oof,,7,,132,52.784275,52.666748,-0.117527,neutral
permutation,random_forest,end_vertical_occupancy_min,oof,,8,,132,52.784275,52.924270,0.139995,neutral
permutation,random_forest,end_vertical_occupancy_min,oof,,9,,132,52.784275,53.183531,0.399256,neutral
permutation,random_forest,equivalent_diameter,fold,1,0,4072705757,27,50.674813,53.547045,2.872232,harm
permutation,random_forest,equivalent_diameter,fold,1,1,1165486853,27,50.674813,53.912831,3.238019,harm
permutation,random_forest,equivalent_diameter,fold,1,2,293123016,27,50.674813,56.766487,6.091674,harm
permutation,random_forest,equivalent_diameter,fold,1,3,784213975,27,50.674813,56.824276,6.149463,harm
permutation,random_forest,equivalent_diameter,fold,1,4,2424417193,27,50.674813,56.998759,6.323947,harm
permutation,random_forest,equivalent_diameter,fold,1,5,3643242424,27,50.674813,55.505787,4.830974,harm
permutation,random_forest,equivalent_diameter,fold,1,6,539276242,27,50.674813,55.847025,5.172212,harm
permutation,random_forest,equivalent_diameter,fold,1,7,1932486727,27,50.674813,54.783762,4.108949,harm
permutation,random_forest,equivalent_diameter,fold,1,8,2594256691,27,50.674813,53.668876,2.994063,harm
permutation,random_forest,equivalent_diameter,fold,1,9,2852791627,27,50.674813,55.659953,4.985140,harm
permutation,random_forest,equivalent_diameter,fold,2,0,1297832777,27,31.781472,38.810896,7.029424,harm
permutation,random_forest,equivalent_diameter,fold,2,1,3804162850,27,31.781472,38.864771,7.083299,harm
permutation,random_forest,equivalent_diameter,fold,2,2,3544431263,27,31.781472,38.076373,6.294901,harm
permutation,random_forest,equivalent_diameter,fold,2,3,2357894986,27,31.781472,38.297297,6.515825,harm
permutation,random_forest,equivalent_diameter,fold,2,4,2016073646,27,31.781472,37.404958,5.623486,harm
permutation,random_forest,equivalent_diameter,fold,2,5,152805269,27,31.781472,33.087965,1.306493,harm
permutation,random_forest,equivalent_diameter,fold,2,6,2906819729,27,31.781472,37.068691,5.287219,harm
permutation,random_forest,equivalent_diameter,fold,2,7,1367132683,27,31.781472,34.234148,2.452676,harm
permutation,random_forest,equivalent_diameter,fold,2,8,1967883256,27,31.781472,36.072701,4.291229,harm
permutation,random_forest,equivalent_diameter,fold,2,9,3165367543,27,31.781472,33.548546,1.767074,harm
permutation,random_forest,equivalent_diameter,fold,3,0,2333510763,26,47.893012,56.382834,8.489822,harm
permutation,random_forest,equivalent_diameter,fold,3,1,2881816206,26,47.893012,49.776302,1.883290,harm
permutation,random_forest,equivalent_diameter,fold,3,2,2833637841,26,47.893012,55.854071,7.961059,harm
permutation,random_forest,equivalent_diameter,fold,3,3,3474687715,26,47.893012,55.299763,7.406751,harm
permutation,random_forest,equivalent_diameter,fold,3,4,2303719485,26,47.893012,55.318869,7.425856,harm
permutation,random_forest,equivalent_diameter,fold,3,5,2532558071,26,47.893012,51.367460,3.474448,harm
permutation,random_forest,equivalent_diameter,fold,3,6,671963269,26,47.893012,56.814686,8.921673,harm
permutation,random_forest,equivalent_diameter,fold,3,7,2940778134,26,47.893012,54.349178,6.456165,harm
permutation,random_forest,equivalent_diameter,fold,3,8,1088793891,26,47.893012,52.685809,4.792797,harm
permutation,random_forest,equivalent_diameter,fold,3,9,737086983,26,47.893012,55.774536,7.881524,harm
permutation,random_forest,equivalent_diameter,fold,4,0,1579391305,26,67.093543,67.638211,0.544668,neutral
permutation,random_forest,equivalent_diameter,fold,4,1,1858503182,26,67.093543,71.359520,4.265977,harm
permutation,random_forest,equivalent_diameter,fold,4,2,133076679,26,67.093543,74.117323,7.023780,harm
permutation,random_forest,equivalent_diameter,fold,4,3,1615406768,26,67.093543,71.978484,4.884941,harm
permutation,random_forest,equivalent_diameter,fold,4,4,2114859803,26,67.093543,72.316144,5.222601,harm
permutation,random_forest,equivalent_diameter,fold,4,5,269248903,26,67.093543,72.361105,5.267562,harm
permutation,random_forest,equivalent_diameter,fold,4,6,2229942344,26,67.093543,73.997510,6.903967,harm
permutation,random_forest,equivalent_diameter,fold,4,7,2533192670,26,67.093543,70.334494,3.240951,harm
permutation,random_forest,equivalent_diameter,fold,4,8,2997029770,26,67.093543,74.724405,7.630862,harm
permutation,random_forest,equivalent_diameter,fold,4,9,1802839405,26,67.093543,70.095789,3.002246,harm
permutation,random_forest,equivalent_diameter,fold,5,0,1497841659,26,67.367468,67.504674,0.137206,neutral
permutation,random_forest,equivalent_diameter,fold,5,1,859780568,26,67.367468,68.216889,0.849421,neutral
permutation,random_forest,equivalent_diameter,fold,5,2,3720061839,26,67.367468,69.433356,2.065888,harm
permutation,random_forest,equivalent_diameter,fold,5,3,1004274148,26,67.367468,69.211147,1.843679,harm
permutation,random_forest,equivalent_diameter,fold,5,4,1963661575,26,67.367468,68.564263,1.196795,harm
permutation,random_forest,equivalent_diameter,fold,5,5,415083237,26,67.367468,68.240172,0.872704,neutral
permutation,random_forest,equivalent_diameter,fold,5,6,3168072257,26,67.367468,69.738882,2.371414,harm
permutation,random_forest,equivalent_diameter,fold,5,7,3678358406,26,67.367468,69.696927,2.329459,harm
permutation,random_forest,equivalent_diameter,fold,5,8,1437445490,26,67.367468,68.905770,1.538302,harm
permutation,random_forest,equivalent_diameter,fold,5,9,3347569789,26,67.367468,69.208583,1.841115,harm
permutation,random_forest,equivalent_diameter,oof,,0,,132,52.784275,56.616160,3.831885,harm
permutation,random_forest,equivalent_diameter,oof,,1,,132,52.784275,56.273983,3.489708,harm
permutation,random_forest,equivalent_diameter,oof,,2,,132,52.784275,58.676369,5.892094,harm
permutation,random_forest,equivalent_diameter,oof,,3,,132,52.784275,58.159142,5.374867,harm
permutation,random_forest,equivalent_diameter,oof,,4,,132,52.784275,57.955163,5.170888,harm
permutation,random_forest,equivalent_diameter,oof,,5,,132,52.784275,55.933473,3.149198,harm
permutation,random_forest,equivalent_diameter,oof,,6,,132,52.784275,58.507972,5.723697,harm
permutation,random_forest,equivalent_diameter,oof,,7,,132,52.784275,56.495297,3.711022,harm
permutation,random_forest,equivalent_diameter,oof,,8,,132,52.784275,57.024531,4.240256,harm
permutation,random_forest,equivalent_diameter,oof,,9,,132,52.784275,56.671826,3.887551,harm
permutation,random_forest,extent,fold,1,0,3934664458,27,50.674813,54.248768,3.573955,harm
permutation,random_forest,extent,fold,1,1,3583436849,27,50.674813,52.425728,1.750915,harm
permutation,random_forest,extent,fold,1,2,2428622289,27,50.674813,53.396048,2.721235,harm
permutation,random_forest,extent,fold,1,3,2896975362,27,50.674813,53.078334,2.403521,harm
permutation,random_forest,extent,fold,1,4,864135044,27,50.674813,53.197265,2.522453,harm
permutation,random_forest,extent,fold,1,5,3065254175,27,50.674813,51.812736,1.137923,harm
permutation,random_forest,extent,fold,1,6,2367407913,27,50.674813,52.372873,1.698060,harm
permutation,random_forest,extent,fold,1,7,1058426658,27,50.674813,51.829594,1.154781,harm
permutation,random_forest,extent,fold,1,8,4878959,27,50.674813,52.046853,1.372040,harm
permutation,random_forest,extent,fold,1,9,2606403073,27,50.674813,53.311149,2.636336,harm
permutation,random_forest,extent,fold,2,0,1707711665,27,31.781472,32.001274,0.219802,neutral
permutation,random_forest,extent,fold,2,1,912303167,27,31.781472,32.889534,1.108062,harm
permutation,random_forest,extent,fold,2,2,1626492809,27,31.781472,33.145030,1.363558,harm
permutation,random_forest,extent,fold,2,3,4201296386,27,31.781472,31.888026,0.106554,neutral
permutation,random_forest,extent,fold,2,4,3108107914,27,31.781472,31.885551,0.104079,neutral
permutation,random_forest,extent,fold,2,5,2530381547,27,31.781472,33.537667,1.756195,harm
permutation,random_forest,extent,fold,2,6,1406305161,27,31.781472,31.473946,-0.307526,neutral
permutation,random_forest,extent,fold,2,7,432646891,27,31.781472,32.438850,0.657378,neutral
permutation,random_forest,extent,fold,2,8,16786684,27,31.781472,34.536772,2.755300,harm
permutation,random_forest,extent,fold,2,9,4266405834,27,31.781472,31.182619,-0.598853,neutral
permutation,random_forest,extent,fold,3,0,1252335821,26,47.893012,50.030269,2.137257,harm
permutation,random_forest,extent,fold,3,1,3677646659,26,47.893012,49.321096,1.428084,harm
permutation,random_forest,extent,fold,3,2,1355562231,26,47.893012,49.017304,1.124292,harm
permutation,random_forest,extent,fold,3,3,1837060184,26,47.893012,48.073448,0.180436,neutral
permutation,random_forest,extent,fold,3,4,2139656652,26,47.893012,50.856569,2.963556,harm
permutation,random_forest,extent,fold,3,5,2787549286,26,47.893012,48.910415,1.017402,harm
permutation,random_forest,extent,fold,3,6,518452412,26,47.893012,49.517775,1.624762,harm
permutation,random_forest,extent,fold,3,7,4252938989,26,47.893012,48.820175,0.927162,neutral
permutation,random_forest,extent,fold,3,8,2359825198,26,47.893012,48.891860,0.998847,neutral
permutation,random_forest,extent,fold,3,9,1391856604,26,47.893012,48.979421,1.086408,harm
permutation,random_forest,extent,fold,4,0,577302710,26,67.093543,67.923358,0.829815,neutral
permutation,random_forest,extent,fold,4,1,4233644124,26,67.093543,68.082843,0.989300,neutral
permutation,random_forest,extent,fold,4,2,2812706407,26,67.093543,67.250668,0.157125,neutral
permutation,random_forest,extent,fold,4,3,2523757191,26,67.093543,67.364790,0.271247,neutral
permutation,random_forest,extent,fold,4,4,4221102925,26,67.093543,68.689124,1.595581,harm
permutation,random_forest,extent,fold,4,5,2345882439,26,67.093543,67.797344,0.703801,neutral
permutation,random_forest,extent,fold,4,6,3782286182,26,67.093543,66.976420,-0.117123,neutral
permutation,random_forest,extent,fold,4,7,2583670745,26,67.093543,68.772295,1.678752,harm
permutation,random_forest,extent,fold,4,8,1662869154,26,67.093543,69.016309,1.922766,harm
permutation,random_forest,extent,fold,4,9,155460758,26,67.093543,67.494030,0.400487,neutral
permutation,random_forest,extent,fold,5,0,3166191257,26,67.367468,65.224013,-2.143455,improvement
permutation,random_forest,extent,fold,5,1,3729277411,26,67.367468,66.253652,-1.113816,improvement
permutation,random_forest,extent,fold,5,2,3106678118,26,67.367468,65.021475,-2.345993,improvement
permutation,random_forest,extent,fold,5,3,63352544,26,67.367468,66.895627,-0.471841,neutral
permutation,random_forest,extent,fold,5,4,999276272,26,67.367468,64.239934,-3.127534,improvement
permutation,random_forest,extent,fold,5,5,2327629748,26,67.367468,65.666088,-1.701380,improvement
permutation,random_forest,extent,fold,5,6,179418005,26,67.367468,65.242920,-2.124548,improvement
permutation,random_forest,extent,fold,5,7,2754425482,26,67.367468,67.491641,0.124173,neutral
permutation,random_forest,extent,fold,5,8,4198482135,26,67.367468,68.954399,1.586931,harm
permutation,random_forest,extent,fold,5,9,3253191920,26,67.367468,67.065502,-0.301966,neutral
permutation,random_forest,extent,oof,,0,,132,52.784275,53.722498,0.938223,neutral
permutation,random_forest,extent,oof,,1,,132,52.784275,53.625829,0.841554,neutral
permutation,random_forest,extent,oof,,2,,132,52.784275,53.410112,0.625837,neutral
permutation,random_forest,extent,oof,,3,,132,52.784275,53.293729,0.509454,neutral
permutation,random_forest,extent,oof,,4,,132,52.784275,53.603502,0.819228,neutral
permutation,random_forest,extent,oof,,5,,132,52.784275,53.380158,0.595883,neutral
permutation,random_forest,extent,oof,,6,,132,52.784275,52.947190,0.162915,neutral
permutation,random_forest,extent,oof,,7,,132,52.784275,53.692688,0.908413,neutral
permutation,random_forest,extent,oof,,8,,132,52.784275,54.516550,1.732275,harm
permutation,random_forest,extent,oof,,9,,132,52.784275,53.434428,0.650153,neutral
permutation,random_forest,feret_diameter,fold,1,0,4037548263,27,50.674813,51.555328,0.880516,neutral
permutation,random_forest,feret_diameter,fold,1,1,2302526568,27,50.674813,50.874745,0.199932,neutral
permutation,random_forest,feret_diameter,fold,1,2,3832099291,27,50.674813,50.493782,-0.181031,neutral
permutation,random_forest,feret_diameter,fold,1,3,2283452001,27,50.674813,51.221204,0.546391,neutral
permutation,random_forest,feret_diameter,fold,1,4,634416102,27,50.674813,50.837463,0.162650,neutral
permutation,random_forest,feret_diameter,fold,1,5,2562589938,27,50.674813,50.671588,-0.003225,neutral
permutation,random_forest,feret_diameter,fold,1,6,845448319,27,50.674813,50.962120,0.287307,neutral
permutation,random_forest,feret_diameter,fold,1,7,2381131100,27,50.674813,51.028703,0.353890,neutral
permutation,random_forest,feret_diameter,fold,1,8,242869461,27,50.674813,50.620574,-0.054239,neutral
permutation,random_forest,feret_diameter,fold,1,9,3377733186,27,50.674813,51.306593,0.631780,neutral
permutation,random_forest,feret_diameter,fold,2,0,1118969882,27,31.781472,32.705708,0.924236,neutral
permutation,random_forest,feret_diameter,fold,2,1,85830849,27,31.781472,32.202666,0.421194,neutral
permutation,random_forest,feret_diameter,fold,2,2,605316989,27,31.781472,32.519372,0.737900,neutral
permutation,random_forest,feret_diameter,fold,2,3,380279940,27,31.781472,31.231308,-0.550164,neutral
permutation,random_forest,feret_diameter,fold,2,4,1266011081,27,31.781472,33.671618,1.890146,harm
permutation,random_forest,feret_diameter,fold,2,5,3953359214,27,31.781472,32.238665,0.457193,neutral
permutation,random_forest,feret_diameter,fold,2,6,2016926207,27,31.781472,31.772727,-0.008745,neutral
permutation,random_forest,feret_diameter,fold,2,7,4176689891,27,31.781472,32.869621,1.088149,harm
permutation,random_forest,feret_diameter,fold,2,8,3028779203,27,31.781472,33.276774,1.495302,harm
permutation,random_forest,feret_diameter,fold,2,9,2360026268,27,31.781472,32.745164,0.963692,neutral
permutation,random_forest,feret_diameter,fold,3,0,2205524468,26,47.893012,47.948558,0.055546,neutral
permutation,random_forest,feret_diameter,fold,3,1,1374871060,26,47.893012,47.976499,0.083487,neutral
permutation,random_forest,feret_diameter,fold,3,2,1000516222,26,47.893012,49.174449,1.281437,harm
permutation,random_forest,feret_diameter,fold,3,3,3181862707,26,47.893012,48.183209,0.290196,neutral
permutation,random_forest,feret_diameter,fold,3,4,4098284784,26,47.893012,49.470854,1.577842,harm
permutation,random_forest,feret_diameter,fold,3,5,715045907,26,47.893012,49.338236,1.445224,harm
permutation,random_forest,feret_diameter,fold,3,6,786234957,26,47.893012,48.624828,0.731816,neutral
permutation,random_forest,feret_diameter,fold,3,7,596319895,26,47.893012,48.237725,0.344712,neutral
permutation,random_forest,feret_diameter,fold,3,8,894908970,26,47.893012,47.782101,-0.110911,neutral
permutation,random_forest,feret_diameter,fold,3,9,1384455277,26,47.893012,49.789101,1.896089,harm
permutation,random_forest,feret_diameter,fold,4,0,656757572,26,67.093543,69.968990,2.875447,harm
permutation,random_forest,feret_diameter,fold,4,1,2373160082,26,67.093543,68.792884,1.699341,harm
permutation,random_forest,feret_diameter,fold,4,2,480902266,26,67.093543,66.012859,-1.080684,improvement
permutation,random_forest,feret_diameter,fold,4,3,3002754210,26,67.093543,67.508377,0.414834,neutral
permutation,random_forest,feret_diameter,fold,4,4,2360818851,26,67.093543,68.344256,1.250713,harm
permutation,random_forest,feret_diameter,fold,4,5,2427473618,26,67.093543,67.212389,0.118846,neutral
permutation,random_forest,feret_diameter,fold,4,6,1101335677,26,67.093543,66.180130,-0.913413,neutral
permutation,random_forest,feret_diameter,fold,4,7,427222194,26,67.093543,68.224154,1.130611,harm
permutation,random_forest,feret_diameter,fold,4,8,1754941149,26,67.093543,67.888917,0.795374,neutral
permutation,random_forest,feret_diameter,fold,4,9,146802466,26,67.093543,70.562822,3.469279,harm
permutation,random_forest,feret_diameter,fold,5,0,3678168250,26,67.367468,68.681090,1.313622,harm
permutation,random_forest,feret_diameter,fold,5,1,2070386974,26,67.367468,69.216049,1.848581,harm
permutation,random_forest,feret_diameter,fold,5,2,4088567998,26,67.367468,67.585568,0.218100,neutral
permutation,random_forest,feret_diameter,fold,5,3,2618345598,26,67.367468,67.635024,0.267556,neutral
permutation,random_forest,feret_diameter,fold,5,4,284904424,26,67.367468,68.752220,1.384752,harm
permutation,random_forest,feret_diameter,fold,5,5,3230004886,26,67.367468,68.352150,0.984682,neutral
permutation,random_forest,feret_diameter,fold,5,6,2225656598,26,67.367468,67.273297,-0.094171,neutral
permutation,random_forest,feret_diameter,fold,5,7,2376801920,26,67.367468,67.263257,-0.104211,neutral
permutation,random_forest,feret_diameter,fold,5,8,1961608220,26,67.367468,68.079385,0.711917,neutral
permutation,random_forest,feret_diameter,fold,5,9,1489995209,26,67.367468,67.439965,0.072497,neutral
permutation,random_forest,feret_diameter,oof,,0,,132,52.784275,53.989489,1.205214,harm
permutation,random_forest,feret_diameter,oof,,1,,132,52.784275,53.626601,0.842326,neutral
permutation,random_forest,feret_diameter,oof,,2,,132,52.784275,52.980681,0.196406,neutral
permutation,random_forest,feret_diameter,oof,,3,,132,52.784275,52.975073,0.190798,neutral
permutation,random_forest,feret_diameter,oof,,4,,132,52.784275,54.034059,1.249784,harm
permutation,random_forest,feret_diameter,oof,,5,,132,52.784275,53.379159,0.594884,neutral
permutation,random_forest,feret_diameter,oof,,6,,132,52.784275,52.786936,0.002661,neutral
permutation,random_forest,feret_diameter,oof,,7,,132,52.784275,53.349305,0.565030,neutral
permutation,random_forest,feret_diameter,oof,,8,,132,52.784275,53.354082,0.569808,neutral
permutation,random_forest,feret_diameter,oof,,9,,132,52.784275,54.181716,1.397441,harm
permutation,random_forest,hu_moment_1,fold,1,0,3421647919,27,50.674813,53.605892,2.931079,harm
permutation,random_forest,hu_moment_1,fold,1,1,1990050744,27,50.674813,54.926806,4.251993,harm
permutation,random_forest,hu_moment_1,fold,1,2,580311455,27,50.674813,50.837827,0.163014,neutral
permutation,random_forest,hu_moment_1,fold,1,3,4080555543,27,50.674813,51.247234,0.572421,neutral
permutation,random_forest,hu_moment_1,fold,1,4,306224964,27,50.674813,51.769360,1.094547,harm
permutation,random_forest,hu_moment_1,fold,1,5,2657975046,27,50.674813,54.918942,4.244129,harm
permutation,random_forest,hu_moment_1,fold,1,6,4019409297,27,50.674813,52.635310,1.960497,harm
permutation,random_forest,hu_moment_1,fold,1,7,2035660531,27,50.674813,50.981996,0.307183,neutral
permutation,random_forest,hu_moment_1,fold,1,8,113465710,27,50.674813,50.983907,0.309094,neutral
permutation,random_forest,hu_moment_1,fold,1,9,3499746445,27,50.674813,51.067582,0.392770,neutral
permutation,random_forest,hu_moment_1,fold,2,0,56880400,27,31.781472,33.616875,1.835403,harm
permutation,random_forest,hu_moment_1,fold,2,1,3999115462,27,31.781472,35.266003,3.484532,harm
permutation,random_forest,hu_moment_1,fold,2,2,2493399477,27,31.781472,33.770027,1.988555,harm
permutation,random_forest,hu_moment_1,fold,2,3,9576829,27,31.781472,34.196756,2.415284,harm
permutation,random_forest,hu_moment_1,fold,2,4,2990758569,27,31.781472,34.216106,2.434634,harm
permutation,random_forest,hu_moment_1,fold,2,5,848056688,27,31.781472,33.465213,1.683741,harm
permutation,random_forest,hu_moment_1,fold,2,6,2215327220,27,31.781472,34.775005,2.993533,harm
permutation,random_forest,hu_moment_1,fold,2,7,295115138,27,31.781472,35.009911,3.228439,harm
permutation,random_forest,hu_moment_1,fold,2,8,3875061779,27,31.781472,34.020736,2.239264,harm
permutation,random_forest,hu_moment_1,fold,2,9,3194138538,27,31.781472,32.810064,1.028592,harm
permutation,random_forest,hu_moment_1,fold,3,0,1478003521,26,47.893012,46.317430,-1.575582,improvement
permutation,random_forest,hu_moment_1,fold,3,1,3384446647,26,47.893012,47.754099,-0.138913,neutral
permutation,random_forest,hu_moment_1,fold,3,2,2393167738,26,47.893012,47.482284,-0.410729,neutral
permutation,random_forest,hu_moment_1,fold,3,3,2308324698,26,47.893012,46.192455,-1.700557,improvement
permutation,random_forest,hu_moment_1,fold,3,4,1780201693,26,47.893012,47.249095,-0.643918,neutral
permutation,random_forest,hu_moment_1,fold,3,5,2766752278,26,47.893012,46.010089,-1.882924,improvement
permutation,random_forest,hu_moment_1,fold,3,6,1847897100,26,47.893012,45.685360,-2.207652,improvement
permutation,random_forest,hu_moment_1,fold,3,7,3093422986,26,47.893012,47.574965,-0.318047,neutral
permutation,random_forest,hu_moment_1,fold,3,8,866032858,26,47.893012,47.282941,-0.610072,neutral
permutation,random_forest,hu_moment_1,fold,3,9,2223385265,26,47.893012,47.824774,-0.068239,neutral
permutation,random_forest,hu_moment_1,fold,4,0,1145492954,26,67.093543,67.507891,0.414348,neutral
permutation,random_forest,hu_moment_1,fold,4,1,1570179193,26,67.093543,69.233114,2.139571,harm
permutation,random_forest,hu_moment_1,fold,4,2,575429371,26,67.093543,67.508118,0.414575,neutral
permutation,random_forest,hu_moment_1,fold,4,3,544823543,26,67.093543,67.331947,0.238404,neutral
permutation,random_forest,hu_moment_1,fold,4,4,1971780096,26,67.093543,70.255649,3.162106,harm
permutation,random_forest,hu_moment_1,fold,4,5,1670319481,26,67.093543,68.170308,1.076765,harm
permutation,random_forest,hu_moment_1,fold,4,6,1797976044,26,67.093543,68.168309,1.074766,harm
permutation,random_forest,hu_moment_1,fold,4,7,3299667763,26,67.093543,66.404783,-0.688760,neutral
permutation,random_forest,hu_moment_1,fold,4,8,3835938701,26,67.093543,67.069615,-0.023928,neutral
permutation,random_forest,hu_moment_1,fold,4,9,3339710772,26,67.093543,68.912205,1.818661,harm
permutation,random_forest,hu_moment_1,fold,5,0,2459952137,26,67.367468,68.386568,1.019100,harm
permutation,random_forest,hu_moment_1,fold,5,1,3291707059,26,67.367468,65.361655,-2.005813,improvement
permutation,random_forest,hu_moment_1,fold,5,2,3979165943,26,67.367468,67.343419,-0.024049,neutral
permutation,random_forest,hu_moment_1,fold,5,3,1393007562,26,67.367468,67.877136,0.509668,neutral
permutation,random_forest,hu_moment_1,fold,5,4,93123230,26,67.367468,67.606384,0.238916,neutral
permutation,random_forest,hu_moment_1,fold,5,5,3162265915,26,67.367468,67.226415,-0.141053,neutral
permutation,random_forest,hu_moment_1,fold,5,6,3501156321,26,67.367468,68.262303,0.894835,neutral
permutation,random_forest,hu_moment_1,fold,5,7,2253683131,26,67.367468,69.649707,2.282239,harm
permutation,random_forest,hu_moment_1,fold,5,8,3755367498,26,67.367468,69.981567,2.614099,harm
permutation,random_forest,hu_moment_1,fold,5,9,3570255717,26,67.367468,70.713199,3.345731,harm
permutation,random_forest,hu_moment_1,oof,,0,,132,52.784275,53.731241,0.946966,neutral
permutation,random_forest,hu_moment_1,oof,,1,,132,52.784275,54.365730,1.581455,harm
permutation,random_forest,hu_moment_1,oof,,2,,132,52.784275,53.220389,0.436114,neutral
permutation,random_forest,hu_moment_1,oof,,3,,132,52.784275,53.207786,0.423511,neutral
permutation,random_forest,hu_moment_1,oof,,4,,132,52.784275,54.049219,1.264944,harm
permutation,random_forest,hu_moment_1,oof,,5,,132,52.784275,53.810222,1.025947,harm
permutation,random_forest,hu_moment_1,oof,,6,,132,52.784275,53.750710,0.966435,neutral
permutation,random_forest,hu_moment_1,oof,,7,,132,52.784275,53.758692,0.974417,neutral
permutation,random_forest,hu_moment_1,oof,,8,,132,52.784275,53.695550,0.911275,neutral
permutation,random_forest,hu_moment_1,oof,,9,,132,52.784275,54.078796,1.294521,harm
permutation,random_forest,hu_moment_2,fold,1,0,1240999253,27,50.674813,50.764997,0.090184,neutral
permutation,random_forest,hu_moment_2,fold,1,1,1018528758,27,50.674813,51.394388,0.719576,neutral
permutation,random_forest,hu_moment_2,fold,1,2,128082302,27,50.674813,51.914252,1.239439,harm
permutation,random_forest,hu_moment_2,fold,1,3,1283138929,27,50.674813,51.035872,0.361059,neutral
permutation,random_forest,hu_moment_2,fold,1,4,2092704120,27,50.674813,50.818691,0.143878,neutral
permutation,random_forest,hu_moment_2,fold,1,5,3088318555,27,50.674813,51.571293,0.896481,neutral
permutation,random_forest,hu_moment_2,fold,1,6,2847795822,27,50.674813,50.699159,0.024346,neutral
permutation,random_forest,hu_moment_2,fold,1,7,4274584481,27,50.674813,50.564414,-0.110399,neutral
permutation,random_forest,hu_moment_2,fold,1,8,703268973,27,50.674813,51.614589,0.939776,neutral
permutation,random_forest,hu_moment_2,fold,1,9,1106836716,27,50.674813,50.759034,0.084221,neutral
permutation,random_forest,hu_moment_2,fold,2,0,2832330077,27,31.781472,32.309940,0.528468,neutral
permutation,random_forest,hu_moment_2,fold,2,1,2260856704,27,31.781472,32.771921,0.990449,neutral
permutation,random_forest,hu_moment_2,fold,2,2,249350025,27,31.781472,31.537632,-0.243840,neutral
permutation,random_forest,hu_moment_2,fold,2,3,1893339410,27,31.781472,32.687015,0.905543,neutral
permutation,random_forest,hu_moment_2,fold,2,4,284088563,27,31.781472,32.487860,0.706388,neutral
permutation,random_forest,hu_moment_2,fold,2,5,898451783,27,31.781472,33.174501,1.393029,harm
permutation,random_forest,hu_moment_2,fold,2,6,709635599,27,31.781472,32.480385,0.698913,neutral
permutation,random_forest,hu_moment_2,fold,2,7,2888054281,27,31.781472,31.407255,-0.374216,neutral
permutation,random_forest,hu_moment_2,fold,2,8,762038635,27,31.781472,32.397222,0.615750,neutral
permutation,random_forest,hu_moment_2,fold,2,9,1682416755,27,31.781472,33.009424,1.227952,harm
permutation,random_forest,hu_moment_2,fold,3,0,3251021468,26,47.893012,47.608234,-0.284779,neutral
permutation,random_forest,hu_moment_2,fold,3,1,2259114493,26,47.893012,47.157543,-0.735469,neutral
permutation,random_forest,hu_moment_2,fold,3,2,2283403462,26,47.893012,47.744112,-0.148900,neutral
permutation,random_forest,hu_moment_2,fold,3,3,1474014504,26,47.893012,47.944454,0.051442,neutral
permutation,random_forest,hu_moment_2,fold,3,4,2466717592,26,47.893012,47.272519,-0.620493,neutral
permutation,random_forest,hu_moment_2,fold,3,5,3538127281,26,47.893012,47.560340,-0.332672,neutral
permutation,random_forest,hu_moment_2,fold,3,6,2919416026,26,47.893012,48.247982,0.354970,neutral
permutation,random_forest,hu_moment_2,fold,3,7,3074343066,26,47.893012,46.490122,-1.402890,improvement
permutation,random_forest,hu_moment_2,fold,3,8,2150290624,26,47.893012,46.925314,-0.967699,neutral
permutation,random_forest,hu_moment_2,fold,3,9,3975920191,26,47.893012,48.765949,0.872936,neutral
permutation,random_forest,hu_moment_2,fold,4,0,1240815639,26,67.093543,66.544699,-0.548844,neutral
permutation,random_forest,hu_moment_2,fold,4,1,3483912495,26,67.093543,66.984396,-0.109147,neutral
permutation,random_forest,hu_moment_2,fold,4,2,855548311,26,67.093543,67.326512,0.232969,neutral
permutation,random_forest,hu_moment_2,fold,4,3,3107849002,26,67.093543,67.067934,-0.025609,neutral
permutation,random_forest,hu_moment_2,fold,4,4,2840627617,26,67.093543,67.050632,-0.042911,neutral
permutation,random_forest,hu_moment_2,fold,4,5,4266984332,26,67.093543,66.959090,-0.134453,neutral
permutation,random_forest,hu_moment_2,fold,4,6,599300035,26,67.093543,66.876485,-0.217058,neutral
permutation,random_forest,hu_moment_2,fold,4,7,1477390080,26,67.093543,66.874070,-0.219473,neutral
permutation,random_forest,hu_moment_2,fold,4,8,3085523352,26,67.093543,66.943016,-0.150527,neutral
permutation,random_forest,hu_moment_2,fold,4,9,3252245342,26,67.093543,67.116635,0.023092,neutral
permutation,random_forest,hu_moment_2,fold,5,0,3432189400,26,67.367468,68.875243,1.507775,harm
permutation,random_forest,hu_moment_2,fold,5,1,1982374268,26,67.367468,69.131738,1.764270,harm
permutation,random_forest,hu_moment_2,fold,5,2,3767186855,26,67.367468,69.368488,2.001020,harm
permutation,random_forest,hu_moment_2,fold,5,3,2899025340,26,67.367468,70.700002,3.332534,harm
permutation,random_forest,hu_moment_2,fold,5,4,768544468,26,67.367468,70.275034,2.907566,harm
permutation,random_forest,hu_moment_2,fold,5,5,711112607,26,67.367468,69.258280,1.890812,harm
permutation,random_forest,hu_moment_2,fold,5,6,2157126099,26,67.367468,69.457557,2.090089,harm
permutation,random_forest,hu_moment_2,fold,5,7,2896396353,26,67.367468,68.117719,0.750251,neutral
permutation,random_forest,hu_moment_2,fold,5,8,107214381,26,67.367468,68.896095,1.528627,harm
permutation,random_forest,hu_moment_2,fold,5,9,3500933644,26,67.367468,69.890289,2.522821,harm
permutation,random_forest,hu_moment_2,oof,,0,,132,52.784275,53.043605,0.259330,neutral
permutation,random_forest,hu_moment_2,oof,,1,,132,52.784275,53.315197,0.530922,neutral
permutation,random_forest,hu_moment_2,oof,,2,,132,52.784275,53.398619,0.614344,neutral
permutation,random_forest,hu_moment_2,oof,,3,,132,52.784275,53.704849,0.920574,neutral
permutation,random_forest,hu_moment_2,oof,,4,,132,52.784275,53.400225,0.615950,neutral
permutation,random_forest,hu_moment_2,oof,,5,,132,52.784275,53.533007,0.748732,neutral
permutation,random_forest,hu_moment_2,oof,,6,,132,52.784275,53.371063,0.586788,neutral
permutation,random_forest,hu_moment_2,oof,,7,,132,52.784275,52.513370,-0.270905,neutral
permutation,random_forest,hu_moment_2,oof,,8,,132,52.784275,53.183287,0.399012,neutral
permutation,random_forest,hu_moment_2,oof,,9,,132,52.784275,53.726084,0.941809,neutral
permutation,random_forest,major_axis_length,fold,1,0,1786198140,27,50.674813,55.438882,4.764069,harm
permutation,random_forest,major_axis_length,fold,1,1,515337467,27,50.674813,60.231264,9.556451,harm
permutation,random_forest,major_axis_length,fold,1,2,3944952757,27,50.674813,59.830125,9.155312,harm
permutation,random_forest,major_axis_length,fold,1,3,1871415083,27,50.674813,56.345895,5.671083,harm
permutation,random_forest,major_axis_length,fold,1,4,3886271734,27,50.674813,64.417974,13.743161,harm
permutation,random_forest,major_axis_length,fold,1,5,2369790539,27,50.674813,49.982311,-0.692502,neutral
permutation,random_forest,major_axis_length,fold,1,6,3006099621,27,50.674813,61.518729,10.843916,harm
permutation,random_forest,major_axis_length,fold,1,7,4198054086,27,50.674813,54.218101,3.543288,harm
permutation,random_forest,major_axis_length,fold,1,8,807526348,27,50.674813,61.608071,10.933258,harm
permutation,random_forest,major_axis_length,fold,1,9,1279986302,27,50.674813,67.489333,16.814520,harm
permutation,random_forest,major_axis_length,fold,2,0,2951586761,27,31.781472,41.548790,9.767318,harm
permutation,random_forest,major_axis_length,fold,2,1,2533615676,27,31.781472,44.321975,12.540503,harm
permutation,random_forest,major_axis_length,fold,2,2,2335822380,27,31.781472,44.917750,13.136278,harm
permutation,random_forest,major_axis_length,fold,2,3,3191027085,27,31.781472,33.371463,1.589991,harm
permutation,random_forest,major_axis_length,fold,2,4,1952395252,27,31.781472,44.802872,13.021400,harm
permutation,random_forest,major_axis_length,fold,2,5,3956116021,27,31.781472,39.103441,7.321969,harm
permutation,random_forest,major_axis_length,fold,2,6,3797816362,27,31.781472,36.549999,4.768527,harm
permutation,random_forest,major_axis_length,fold,2,7,3503433696,27,31.781472,41.713338,9.931866,harm
permutation,random_forest,major_axis_length,fold,2,8,3232500665,27,31.781472,44.891255,13.109783,harm
permutation,random_forest,major_axis_length,fold,2,9,2740418900,27,31.781472,43.697190,11.915718,harm
permutation,random_forest,major_axis_length,fold,3,0,4242792151,26,47.893012,52.865217,4.972205,harm
permutation,random_forest,major_axis_length,fold,3,1,2411497984,26,47.893012,49.628051,1.735039,harm
permutation,random_forest,major_axis_length,fold,3,2,1732395633,26,47.893012,51.039499,3.146486,harm
permutation,random_forest,major_axis_length,fold,3,3,2686572192,26,47.893012,48.338179,0.445166,neutral
permutation,random_forest,major_axis_length,fold,3,4,1563450469,26,47.893012,47.982202,0.089190,neutral
permutation,random_forest,major_axis_length,fold,3,5,2934333788,26,47.893012,51.060920,3.167908,harm
permutation,random_forest,major_axis_length,fold,3,6,2599200342,26,47.893012,49.468899,1.575887,harm
permutation,random_forest,major_axis_length,fold,3,7,2013395734,26,47.893012,48.603993,0.710981,neutral
permutation,random_forest,major_axis_length,fold,3,8,492041717,26,47.893012,51.605495,3.712482,harm
permutation,random_forest,major_axis_length,fold,3,9,669286809,26,47.893012,49.693969,1.800956,harm
permutation,random_forest,major_axis_length,fold,4,0,223220097,26,67.093543,69.299419,2.205876,harm
permutation,random_forest,major_axis_length,fold,4,1,1640013815,26,67.093543,69.800657,2.707114,harm
permutation,random_forest,major_axis_length,fold,4,2,3714520507,26,67.093543,67.106488,0.012945,neutral
permutation,random_forest,major_axis_length,fold,4,3,2082348251,26,67.093543,69.285347,2.191804,harm
permutation,random_forest,major_axis_length,fold,4,4,370965481,26,67.093543,69.665283,2.571740,harm
permutation,random_forest,major_axis_length,fold,4,5,3419908559,26,67.093543,66.487632,-0.605911,neutral
permutation,random_forest,major_axis_length,fold,4,6,1496428454,26,67.093543,69.600136,2.506593,harm
permutation,random_forest,major_axis_length,fold,4,7,2246597178,26,67.093543,67.052717,-0.040826,neutral
permutation,random_forest,major_axis_length,fold,4,8,1914683134,26,67.093543,68.271954,1.178411,harm
permutation,random_forest,major_axis_length,fold,4,9,1485727316,26,67.093543,69.465403,2.371860,harm
permutation,random_forest,major_axis_length,fold,5,0,1854081052,26,67.367468,67.502721,0.135253,neutral
permutation,random_forest,major_axis_length,fold,5,1,3474133118,26,67.367468,68.127838,0.760370,neutral
permutation,random_forest,major_axis_length,fold,5,2,2790242084,26,67.367468,71.146963,3.779495,harm
permutation,random_forest,major_axis_length,fold,5,3,314989017,26,67.367468,73.455052,6.087584,harm
permutation,random_forest,major_axis_length,fold,5,4,245392995,26,67.367468,68.868018,1.500550,harm
permutation,random_forest,major_axis_length,fold,5,5,2328722493,26,67.367468,67.523564,0.156096,neutral
permutation,random_forest,major_axis_length,fold,5,6,2265165306,26,67.367468,66.477584,-0.889884,neutral
permutation,random_forest,major_axis_length,fold,5,7,3208345460,26,67.367468,65.034205,-2.333264,improvement
permutation,random_forest,major_axis_length,fold,5,8,3799211225,26,67.367468,69.160382,1.792914,harm
permutation,random_forest,major_axis_length,fold,5,9,1637422397,26,67.367468,64.832659,-2.534809,improvement
permutation,random_forest,major_axis_length,oof,,0,,132,52.784275,57.197110,4.412835,harm
permutation,random_forest,major_axis_length,oof,,1,,132,52.784275,58.328846,5.544571,harm
permutation,random_forest,major_axis_length,oof,,2,,132,52.784275,58.710677,5.926402,harm
permutation,random_forest,major_axis_length,oof,,3,,132,52.784275,55.987967,3.203693,harm
permutation,random_forest,major_axis_length,oof,,4,,132,52.784275,59.078530,6.294255,harm
permutation,random_forest,major_axis_length,oof,,5,,132,52.784275,54.675684,1.891409,harm
permutation,random_forest,major_axis_length,oof,,6,,132,52.784275,56.606574,3.822299,harm
permutation,random_forest,major_axis_length,oof,,7,,132,52.784275,55.212975,2.428700,harm
permutation,random_forest,major_axis_length,oof,,8,,132,52.784275,59.018677,6.234402,harm
permutation,random_forest,major_axis_length,oof,,9,,132,52.784275,58.983552,6.199278,harm
permutation,random_forest,minor_axis_length,fold,1,0,1216088248,27,50.674813,50.861361,0.186549,neutral
permutation,random_forest,minor_axis_length,fold,1,1,3045117495,27,50.674813,51.083050,0.408237,neutral
permutation,random_forest,minor_axis_length,fold,1,2,1482444254,27,50.674813,51.084826,0.410014,neutral
permutation,random_forest,minor_axis_length,fold,1,3,1732679400,27,50.674813,50.740715,0.065902,neutral
permutation,random_forest,minor_axis_length,fold,1,4,2919484131,27,50.674813,50.212107,-0.462705,neutral
permutation,random_forest,minor_axis_length,fold,1,5,3731604391,27,50.674813,50.681575,0.006762,neutral
permutation,random_forest,minor_axis_length,fold,1,6,1870411358,27,50.674813,50.665312,-0.009501,neutral
permutation,random_forest,minor_axis_length,fold,1,7,2167378774,27,50.674813,50.817122,0.142309,neutral
permutation,random_forest,minor_axis_length,fold,1,8,1245975256,27,50.674813,50.758009,0.083196,neutral
permutation,random_forest,minor_axis_length,fold,1,9,1333968660,27,50.674813,50.563511,-0.111302,neutral
permutation,random_forest,minor_axis_length,fold,2,0,2726194179,27,31.781472,32.374528,0.593056,neutral
permutation,random_forest,minor_axis_length,fold,2,1,4255958012,27,31.781472,31.741623,-0.039849,neutral
permutation,random_forest,minor_axis_length,fold,2,2,33631511,27,31.781472,30.853403,-0.928069,neutral
permutation,random_forest,minor_axis_length,fold,2,3,3266139377,27,31.781472,31.113743,-0.667729,neutral
permutation,random_forest,minor_axis_length,fold,2,4,1803605665,27,31.781472,30.961899,-0.819573,neutral
permutation,random_forest,minor_axis_length,fold,2,5,4265778608,27,31.781472,31.296265,-0.485207,neutral
permutation,random_forest,minor_axis_length,fold,2,6,3520592552,27,31.781472,30.790166,-0.991306,neutral
permutation,random_forest,minor_axis_length,fold,2,7,893667260,27,31.781472,30.816801,-0.964671,neutral
permutation,random_forest,minor_axis_length,fold,2,8,1885562747,27,31.781472,30.999534,-0.781938,neutral
permutation,random_forest,minor_axis_length,fold,2,9,1398763161,27,31.781472,31.747543,-0.033929,neutral
permutation,random_forest,minor_axis_length,fold,3,0,2851940869,26,47.893012,47.300429,-0.592584,neutral
permutation,random_forest,minor_axis_length,fold,3,1,2370105557,26,47.893012,47.690401,-0.202611,neutral
permutation,random_forest,minor_axis_length,fold,3,2,20793028,26,47.893012,47.904244,0.011232,neutral
permutation,random_forest,minor_axis_length,fold,3,3,523055236,26,47.893012,49.401341,1.508329,harm
permutation,random_forest,minor_axis_length,fold,3,4,2736152616,26,47.893012,48.194941,0.301928,neutral
permutation,random_forest,minor_axis_length,fold,3,5,368135538,26,47.893012,47.686199,-0.206813,neutral
permutation,random_forest,minor_axis_length,fold,3,6,2931559114,26,47.893012,48.582069,0.689057,neutral
permutation,random_forest,minor_axis_length,fold,3,7,2598860800,26,47.893012,49.027927,1.134915,harm
permutation,random_forest,minor_axis_length,fold,3,8,2463851236,26,47.893012,49.237774,1.344762,harm
permutation,random_forest,minor_axis_length,fold,3,9,4125791423,26,47.893012,48.069032,0.176020,neutral
permutation,random_forest,minor_axis_length,fold,4,0,1327031000,26,67.093543,67.584636,0.491093,neutral
permutation,random_forest,minor_axis_length,fold,4,1,2832253497,26,67.093543,67.546081,0.452538,neutral
permutation,random_forest,minor_axis_length,fold,4,2,1101272127,26,67.093543,68.030769,0.937226,neutral
permutation,random_forest,minor_axis_length,fold,4,3,2824532285,26,67.093543,67.046903,-0.046640,neutral
permutation,random_forest,minor_axis_length,fold,4,4,2311500309,26,67.093543,67.591378,0.497835,neutral
permutation,random_forest,minor_axis_length,fold,4,5,2803621910,26,67.093543,67.428746,0.335203,neutral
permutation,random_forest,minor_axis_length,fold,4,6,2217053571,26,67.093543,67.627976,0.534433,neutral
permutation,random_forest,minor_axis_length,fold,4,7,1383131033,26,67.093543,66.878670,-0.214873,neutral
permutation,random_forest,minor_axis_length,fold,4,8,769827475,26,67.093543,67.047718,-0.045825,neutral
permutation,random_forest,minor_axis_length,fold,4,9,1911313059,26,67.093543,67.385904,0.292361,neutral
permutation,random_forest,minor_axis_length,fold,5,0,4052606698,26,67.367468,67.622111,0.254643,neutral
permutation,random_forest,minor_axis_length,fold,5,1,662350889,26,67.367468,68.622435,1.254966,harm
permutation,random_forest,minor_axis_length,fold,5,2,3804297048,26,67.367468,67.727612,0.360144,neutral
permutation,random_forest,minor_axis_length,fold,5,3,1040649713,26,67.367468,67.905754,0.538286,neutral
permutation,random_forest,minor_axis_length,fold,5,4,901146349,26,67.367468,67.108989,-0.258479,neutral
permutation,random_forest,minor_axis_length,fold,5,5,3274792478,26,67.367468,68.089910,0.722442,neutral
permutation,random_forest,minor_axis_length,fold,5,6,1721740451,26,67.367468,66.874993,-0.492475,neutral
permutation,random_forest,minor_axis_length,fold,5,7,1231145382,26,67.367468,67.912386,0.544918,neutral
permutation,random_forest,minor_axis_length,fold,5,8,1701783300,26,67.367468,67.853618,0.486150,neutral
permutation,random_forest,minor_axis_length,fold,5,9,748463924,26,67.367468,67.871168,0.503700,neutral
permutation,random_forest,minor_axis_length,oof,,0,,132,52.784275,52.973906,0.189631,neutral
permutation,random_forest,minor_axis_length,oof,,1,,132,52.784275,53.156045,0.371770,neutral
permutation,random_forest,minor_axis_length,oof,,2,,132,52.784275,52.936064,0.151789,neutral
permutation,random_forest,minor_axis_length,oof,,3,,132,52.784275,53.055108,0.270834,neutral
permutation,random_forest,minor_axis_length,oof,,4,,132,52.784275,52.628607,-0.155668,neutral
permutation,random_forest,minor_axis_length,oof,,5,,132,52.784275,52.853999,0.069724,neutral
permutation,random_forest,minor_axis_length,oof,,6,,132,52.784275,52.723552,-0.060723,neutral
permutation,random_forest,minor_axis_length,oof,,7,,132,52.784275,52.904617,0.120342,neutral
permutation,random_forest,minor_axis_length,oof,,8,,132,52.784275,52.992958,0.208683,neutral
permutation,random_forest,minor_axis_length,oof,,9,,132,52.784275,52.946039,0.161764,neutral
permutation,random_forest,perimeter,fold,1,0,2567995507,27,50.674813,52.504461,1.829649,harm
permutation,random_forest,perimeter,fold,1,1,3098549238,27,50.674813,53.627939,2.953126,harm
permutation,random_forest,perimeter,fold,1,2,3020797357,27,50.674813,54.422764,3.747951,harm
permutation,random_forest,perimeter,fold,1,3,2599573888,27,50.674813,53.256736,2.581923,harm
permutation,random_forest,perimeter,fold,1,4,1488121421,27,50.674813,54.363092,3.688279,harm
permutation,random_forest,perimeter,fold,1,5,4236543401,27,50.674813,51.749040,1.074228,harm
permutation,random_forest,perimeter,fold,1,6,1996206203,27,50.674813,51.636669,0.961857,neutral
permutation,random_forest,perimeter,fold,1,7,1767986349,27,50.674813,54.439494,3.764681,harm
permutation,random_forest,perimeter,fold,1,8,1206299363,27,50.674813,53.684786,3.009973,harm
permutation,random_forest,perimeter,fold,1,9,2468175410,27,50.674813,48.775067,-1.899746,improvement
permutation,random_forest,perimeter,fold,2,0,2596841407,27,31.781472,31.792049,0.010577,neutral
permutation,random_forest,perimeter,fold,2,1,2583278319,27,31.781472,32.281470,0.499998,neutral
permutation,random_forest,perimeter,fold,2,2,1796381455,27,31.781472,32.743744,0.962272,neutral
permutation,random_forest,perimeter,fold,2,3,80730372,27,31.781472,32.534572,0.753100,neutral
permutation,random_forest,perimeter,fold,2,4,174389714,27,31.781472,34.373299,2.591827,harm
permutation,random_forest,perimeter,fold,2,5,2090257511,27,31.781472,32.647044,0.865572,neutral
permutation,random_forest,perimeter,fold,2,6,203665751,27,31.781472,32.585515,0.804043,neutral
permutation,random_forest,perimeter,fold,2,7,1308416163,27,31.781472,30.349929,-1.431543,improvement
permutation,random_forest,perimeter,fold,2,8,3151625645,27,31.781472,33.242189,1.460717,harm
permutation,random_forest,perimeter,fold,2,9,1175385010,27,31.781472,35.015022,3.233550,harm
permutation,random_forest,perimeter,fold,3,0,4234612724,26,47.893012,49.458344,1.565332,harm
permutation,random_forest,perimeter,fold,3,1,716609224,26,47.893012,48.579130,0.686117,neutral
permutation,random_forest,perimeter,fold,3,2,4286539267,26,47.893012,48.450449,0.557437,neutral
permutation,random_forest,perimeter,fold,3,3,208109275,26,47.893012,48.235395,0.342383,neutral
permutation,random_forest,perimeter,fold,3,4,1060592319,26,47.893012,47.966015,0.073003,neutral
permutation,random_forest,perimeter,fold,3,5,4082426967,26,47.893012,47.863358,-0.029655,neutral
permutation,random_forest,perimeter,fold,3,6,2704033258,26,47.893012,48.278542,0.385530,neutral
permutation,random_forest,perimeter,fold,3,7,540380709,26,47.893012,48.361587,0.468575,neutral
permutation,random_forest,perimeter,fold,3,8,140738137,26,47.893012,47.968943,0.075931,neutral
permutation,random_forest,perimeter,fold,3,9,2480833260,26,47.893012,48.689119,0.796107,neutral
permutation,random_forest,perimeter,fold,4,0,2277388005,26,67.093543,66.165810,-0.927733,neutral
permutation,random_forest,perimeter,fold,4,1,1548788079,26,67.093543,68.526055,1.432512,harm
permutation,random_forest,perimeter,fold,4,2,4219593851,26,67.093543,67.724184,0.630641,neutral
permutation,random_forest,perimeter,fold,4,3,3916653875,26,67.093543,68.235482,1.141939,harm
permutation,random_forest,perimeter,fold,4,4,2684923859,26,67.093543,67.588242,0.494699,neutral
permutation,random_forest,perimeter,fold,4,5,376639045,26,67.093543,67.246105,0.152562,neutral
permutation,random_forest,perimeter,fold,4,6,392655378,26,67.093543,66.821902,-0.271641,neutral
permutation,random_forest,perimeter,fold,4,7,2282509898,26,67.093543,68.425858,1.332315,harm
permutation,random_forest,perimeter,fold,4,8,1453973033,26,67.093543,68.404752,1.311209,harm
permutation,random_forest,perimeter,fold,4,9,3846019820,26,67.093543,68.276579,1.183036,harm
permutation,random_forest,perimeter,fold,5,0,2189653012,26,67.367468,66.947062,-0.420406,neutral
permutation,random_forest,perimeter,fold,5,1,1462378205,26,67.367468,68.126539,0.759071,neutral
permutation,random_forest,perimeter,fold,5,2,658598124,26,67.367468,67.727049,0.359581,neutral
permutation,random_forest,perimeter,fold,5,3,1087084097,26,67.367468,67.528569,0.161101,neutral
permutation,random_forest,perimeter,fold,5,4,734230583,26,67.367468,67.705239,0.337771,neutral
permutation,random_forest,perimeter,fold,5,5,2619211684,26,67.367468,65.002894,-2.364574,improvement
permutation,random_forest,perimeter,fold,5,6,540298795,26,67.367468,68.317839,0.950371,neutral
permutation,random_forest,perimeter,fold,5,7,1139252941,26,67.367468,67.511941,0.144473,neutral
permutation,random_forest,perimeter,fold,5,8,3272933946,26,67.367468,67.542170,0.174702,neutral
permutation,random_forest,perimeter,fold,5,9,299772538,26,67.367468,66.944805,-0.422663,neutral
permutation,random_forest,perimeter,oof,,0,,132,52.784275,53.203465,0.419190,neutral
permutation,random_forest,perimeter,oof,,1,,132,52.784275,54.057416,1.273141,harm
permutation,random_forest,perimeter,oof,,2,,132,52.784275,54.052572,1.268297,harm
permutation,random_forest,perimeter,oof,,3,,132,52.784275,53.790537,1.006262,harm
permutation,random_forest,perimeter,oof,,4,,132,52.784275,54.247193,1.462918,harm
permutation,random_forest,perimeter,oof,,5,,132,52.784275,52.739512,-0.044763,neutral
permutation,random_forest,perimeter,oof,,6,,132,52.784275,53.355109,0.570834,neutral
permutation,random_forest,perimeter,oof,,7,,132,52.784275,53.644685,0.860410,neutral
permutation,random_forest,perimeter,oof,,8,,132,52.784275,54.006370,1.222095,harm
permutation,random_forest,perimeter,oof,,9,,132,52.784275,53.363678,0.579403,neutral
permutation,random_forest,roundness,fold,1,0,1539491255,27,50.674813,50.395483,-0.279329,neutral
permutation,random_forest,roundness,fold,1,1,959217444,27,50.674813,50.609074,-0.065739,neutral
permutation,random_forest,roundness,fold,1,2,3955744546,27,50.674813,50.771372,0.096559,neutral
permutation,random_forest,roundness,fold,1,3,1049498219,27,50.674813,50.679257,0.004445,neutral
permutation,random_forest,roundness,fold,1,4,3661670872,27,50.674813,50.604116,-0.070697,neutral
permutation,random_forest,roundness,fold,1,5,1839960214,27,50.674813,50.550628,-0.124184,neutral
permutation,random_forest,roundness,fold,1,6,3650053108,27,50.674813,50.558595,-0.116218,neutral
permutation,random_forest,roundness,fold,1,7,2559958915,27,50.674813,50.657267,-0.017546,neutral
permutation,random_forest,roundness,fold,1,8,537941592,27,50.674813,50.635328,-0.039485,neutral
permutation,random_forest,roundness,fold,1,9,1538657836,27,50.674813,50.583173,-0.091640,neutral
permutation,random_forest,roundness,fold,2,0,2930289840,27,31.781472,31.758123,-0.023349,neutral
permutation,random_forest,roundness,fold,2,1,4001019900,27,31.781472,31.949646,0.168174,neutral
permutation,random_forest,roundness,fold,2,2,578336854,27,31.781472,31.438149,-0.343323,neutral
permutation,random_forest,roundness,fold,2,3,3772813284,27,31.781472,31.974457,0.192985,neutral
permutation,random_forest,roundness,fold,2,4,3030665123,27,31.781472,31.955580,0.174108,neutral
permutation,random_forest,roundness,fold,2,5,764773168,27,31.781472,31.872267,0.090795,neutral
permutation,random_forest,roundness,fold,2,6,1016854723,27,31.781472,32.095232,0.313760,neutral
permutation,random_forest,roundness,fold,2,7,611893449,27,31.781472,31.886570,0.105098,neutral
permutation,random_forest,roundness,fold,2,8,2639459229,27,31.781472,32.098513,0.317041,neutral
permutation,random_forest,roundness,fold,2,9,1882429121,27,31.781472,31.500087,-0.281385,neutral
permutation,random_forest,roundness,fold,3,0,3690701478,26,47.893012,47.833423,-0.059589,neutral
permutation,random_forest,roundness,fold,3,1,283051529,26,47.893012,48.145270,0.252257,neutral
permutation,random_forest,roundness,fold,3,2,3181063600,26,47.893012,47.869420,-0.023593,neutral
permutation,random_forest,roundness,fold,3,3,2626013063,26,47.893012,48.389845,0.496833,neutral
permutation,random_forest,roundness,fold,3,4,3483318407,26,47.893012,48.068239,0.175227,neutral
permutation,random_forest,roundness,fold,3,5,2770224786,26,47.893012,48.177669,0.284656,neutral
permutation,random_forest,roundness,fold,3,6,621057027,26,47.893012,48.032330,0.139317,neutral
permutation,random_forest,roundness,fold,3,7,122421412,26,47.893012,47.761718,-0.131295,neutral
permutation,random_forest,roundness,fold,3,8,688896882,26,47.893012,47.872634,-0.020378,neutral
permutation,random_forest,roundness,fold,3,9,1175651847,26,47.893012,47.800306,-0.092707,neutral
permutation,random_forest,roundness,fold,4,0,2685445344,26,67.093543,67.152028,0.058485,neutral
permutation,random_forest,roundness,fold,4,1,1193724274,26,67.093543,67.264829,0.171286,neutral
permutation,random_forest,roundness,fold,4,2,4193672252,26,67.093543,67.347696,0.254152,neutral
permutation,random_forest,roundness,fold,4,3,4264291399,26,67.093543,67.399923,0.306379,neutral
permutation,random_forest,roundness,fold,4,4,3604200763,26,67.093543,66.881256,-0.212287,neutral
permutation,random_forest,roundness,fold,4,5,95989177,26,67.093543,66.901603,-0.191940,neutral
permutation,random_forest,roundness,fold,4,6,1018287822,26,67.093543,67.043334,-0.050209,neutral
permutation,random_forest,roundness,fold,4,7,2735567048,26,67.093543,67.038843,-0.054700,neutral
permutation,random_forest,roundness,fold,4,8,2616946144,26,67.093543,67.305883,0.212340,neutral
permutation,random_forest,roundness,fold,4,9,1680101450,26,67.093543,67.167053,0.073510,neutral
permutation,random_forest,roundness,fold,5,0,2235932071,26,67.367468,67.457682,0.090214,neutral
permutation,random_forest,roundness,fold,5,1,1357530297,26,67.367468,67.387961,0.020493,neutral
permutation,random_forest,roundness,fold,5,2,584849085,26,67.367468,67.405650,0.038182,neutral
permutation,random_forest,roundness,fold,5,3,2106445213,26,67.367468,67.342948,-0.024520,neutral
permutation,random_forest,roundness,fold,5,4,914885460,26,67.367468,67.604065,0.236596,neutral
permutation,random_forest,roundness,fold,5,5,859096231,26,67.367468,67.572332,0.204864,neutral
permutation,random_forest,roundness,fold,5,6,845509913,26,67.367468,67.753325,0.385856,neutral
permutation,random_forest,roundness,fold,5,7,2567884808,26,67.367468,67.241998,-0.125470,neutral
permutation,random_forest,roundness,fold,5,8,3322052576,26,67.367468,67.521668,0.154200,neutral
permutation,random_forest,roundness,fold,5,9,2949744194,26,67.367468,67.079120,-0.288348,neutral
permutation,random_forest,roundness,oof,,0,,132,52.784275,52.739915,-0.044360,neutral
permutation,random_forest,roundness,oof,,1,,132,52.784275,52.892689,0.108414,neutral
permutation,random_forest,roundness,oof,,2,,132,52.784275,52.786734,0.002459,neutral
permutation,random_forest,roundness,oof,,3,,132,52.784275,52.978037,0.193762,neutral
permutation,random_forest,roundness,oof,,4,,132,52.784275,52.844730,0.060455,neutral
permutation,random_forest,roundness,oof,,5,,132,52.784275,52.836060,0.051785,neutral
permutation,random_forest,roundness,oof,,6,,132,52.784275,52.918235,0.133960,neutral
permutation,random_forest,roundness,oof,,7,,132,52.784275,52.740834,-0.043441,neutral
permutation,random_forest,roundness,oof,,8,,132,52.784275,52.909231,0.124956,neutral
permutation,random_forest,roundness,oof,,9,,132,52.784275,52.647397,-0.136877,neutral
permutation,random_forest,solidity,fold,1,0,2320907518,27,50.674813,58.666538,7.991725,harm
permutation,random_forest,solidity,fold,1,1,4177457186,27,50.674813,60.684994,10.010181,harm
permutation,random_forest,solidity,fold,1,2,2293427380,27,50.674813,62.225836,11.551024,harm
permutation,random_forest,solidity,fold,1,3,45215085,27,50.674813,63.582308,12.907495,harm
permutation,random_forest,solidity,fold,1,4,3080014103,27,50.674813,54.925064,4.250251,harm
permutation,random_forest,solidity,fold,1,5,1518179484,27,50.674813,54.812851,4.138038,harm
permutation,random_forest,solidity,fold,1,6,1548377384,27,50.674813,57.244747,6.569934,harm
permutation,random_forest,solidity,fold,1,7,1153131477,27,50.674813,62.063157,11.388344,harm
permutation,random_forest,solidity,fold,1,8,410056678,27,50.674813,57.817892,7.143079,harm
permutation,random_forest,solidity,fold,1,9,3576641096,27,50.674813,54.035630,3.360817,harm
permutation,random_forest,solidity,fold,2,0,4203436569,27,31.781472,44.747664,12.966192,harm
permutation,random_forest,solidity,fold,2,1,665392313,27,31.781472,41.117425,9.335953,harm
permutation,random_forest,solidity,fold,2,2,3085038964,27,31.781472,42.908075,11.126603,harm
permutation,random_forest,solidity,fold,2,3,3521994719,27,31.781472,40.984180,9.202708,harm
permutation,random_forest,solidity,fold,2,4,1901530574,27,31.781472,36.650987,4.869515,harm
permutation,random_forest,solidity,fold,2,5,2590155963,27,31.781472,45.421089,13.639617,harm
permutation,random_forest,solidity,fold,2,6,3830966436,27,31.781472,37.400696,5.619224,harm
permutation,random_forest,solidity,fold,2,7,2366419800,27,31.781472,46.661628,14.880156,harm
permutation,random_forest,solidity,fold,2,8,749040411,27,31.781472,47.393874,15.612402,harm
permutation,random_forest,solidity,fold,2,9,2915868431,27,31.781472,43.950431,12.168959,harm
permutation,random_forest,solidity,fold,3,0,1369785623,26,47.893012,56.759776,8.866764,harm
permutation,random_forest,solidity,fold,3,1,216779788,26,47.893012,55.015775,7.122763,harm
permutation,random_forest,solidity,fold,3,2,3068892205,26,47.893012,57.435894,9.542882,harm
permutation,random_forest,solidity,fold,3,3,2956094987,26,47.893012,61.190950,13.297938,harm
permutation,random_forest,solidity,fold,3,4,296923292,26,47.893012,59.144422,11.251410,harm
permutation,random_forest,solidity,fold,3,5,3944895763,26,47.893012,57.313286,9.420273,harm
permutation,random_forest,solidity,fold,3,6,4121084218,26,47.893012,59.431553,11.538541,harm
permutation,random_forest,solidity,fold,3,7,3329065995,26,47.893012,52.087756,4.194744,harm
permutation,random_forest,solidity,fold,3,8,1790319921,26,47.893012,58.425070,10.532058,harm
permutation,random_forest,solidity,fold,3,9,2854665702,26,47.893012,57.843159,9.950147,harm
permutation,random_forest,solidity,fold,4,0,4061700441,26,67.093543,77.431443,10.337900,harm
permutation,random_forest,solidity,fold,4,1,2357853135,26,67.093543,66.703632,-0.389911,neutral
permutation,random_forest,solidity,fold,4,2,30927356,26,67.093543,76.173209,9.079666,harm
permutation,random_forest,solidity,fold,4,3,1255786559,26,67.093543,63.734134,-3.359409,improvement
permutation,random_forest,solidity,fold,4,4,711749522,26,67.093543,71.919959,4.826415,harm
permutation,random_forest,solidity,fold,4,5,2238725563,26,67.093543,73.202024,6.108481,harm
permutation,random_forest,solidity,fold,4,6,164573744,26,67.093543,68.391109,1.297566,harm
permutation,random_forest,solidity,fold,4,7,4194595161,26,67.093543,71.500744,4.407201,harm
permutation,random_forest,solidity,fold,4,8,2068233293,26,67.093543,68.024756,0.931213,neutral
permutation,random_forest,solidity,fold,4,9,1052363121,26,67.093543,72.384526,5.290983,harm
permutation,random_forest,solidity,fold,5,0,3865440489,26,67.367468,76.227471,8.860003,harm
permutation,random_forest,solidity,fold,5,1,1555108959,26,67.367468,82.096476,14.729008,harm
permutation,random_forest,solidity,fold,5,2,3694352044,26,67.367468,75.402911,8.035443,harm
permutation,random_forest,solidity,fold,5,3,1462370265,26,67.367468,72.302921,4.935453,harm
permutation,random_forest,solidity,fold,5,4,217513384,26,67.367468,71.028561,3.661093,harm
permutation,random_forest,solidity,fold,5,5,885910284,26,67.367468,80.330097,12.962629,harm
permutation,random_forest,solidity,fold,5,6,1884973174,26,67.367468,70.259410,2.891942,harm
permutation,random_forest,solidity,fold,5,7,2119591696,26,67.367468,68.022812,0.655344,neutral
permutation,random_forest,solidity,fold,5,8,3818681648,26,67.367468,79.572410,12.204942,harm
permutation,random_forest,solidity,fold,5,9,1488956311,26,67.367468,76.847897,9.480429,harm
permutation,random_forest,solidity,oof,,0,,132,52.784275,62.599010,9.814735,harm
permutation,random_forest,solidity,oof,,1,,132,52.784275,60.968775,8.184500,harm
permutation,random_forest,solidity,oof,,2,,132,52.784275,62.673697,9.889422,harm
permutation,random_forest,solidity,oof,,3,,132,52.784275,60.236540,7.452265,harm
permutation,random_forest,solidity,oof,,4,,132,52.784275,58.537650,5.753375,harm
permutation,random_forest,solidity,oof,,5,,132,52.784275,62.032553,9.248278,harm
permutation,random_forest,solidity,oof,,6,,132,52.784275,58.375461,5.591186,harm
permutation,random_forest,solidity,oof,,7,,132,52.784275,59.980783,7.196508,harm
permutation,random_forest,solidity,oof,,8,,132,52.784275,62.100726,9.316451,harm
permutation,random_forest,solidity,oof,,9,,132,52.784275,60.830218,8.045943,harm
removal,dense,area,fold,1,,,27,53.941613,61.601880,7.660267,harm
removal,dense,area,fold,2,,,27,43.306228,49.855572,6.549344,harm
removal,dense,area,fold,3,,,26,58.930772,57.593669,-1.337102,improvement
removal,dense,area,fold,4,,,26,66.590015,70.529154,3.939139,harm
removal,dense,area,fold,5,,,26,51.972007,47.839748,-4.132259,improvement
removal,dense,area,oof,,,,132,54.852306,57.457410,2.605104,harm
removal,dense,area_contour_relation,fold,1,,,27,53.941613,61.261820,7.320208,harm
removal,dense,area_contour_relation,fold,2,,,27,43.306228,40.638763,-2.667465,improvement
removal,dense,area_contour_relation,fold,3,,,26,58.930772,57.045496,-1.885276,improvement
removal,dense,area_contour_relation,fold,4,,,26,66.590015,76.339716,9.749701,harm
removal,dense,area_contour_relation,fold,5,,,26,51.972007,62.012564,10.040557,harm
removal,dense,area_contour_relation,oof,,,,132,54.852306,59.330742,4.478436,harm
removal,dense,area_major_axis_product,fold,1,,,27,53.941613,62.289714,8.348101,harm
removal,dense,area_major_axis_product,fold,2,,,27,43.306228,35.395726,-7.910502,improvement
removal,dense,area_major_axis_product,fold,3,,,26,58.930772,58.697672,-0.233099,neutral
removal,dense,area_major_axis_product,fold,4,,,26,66.590015,71.238348,4.648333,harm
removal,dense,area_major_axis_product,fold,5,,,26,51.972007,53.587333,1.615325,harm
removal,dense,area_major_axis_product,oof,,,,132,54.852306,56.129652,1.277346,harm
removal,dense,area_power_1_5,fold,1,,,27,53.941613,59.160675,5.219062,harm
removal,dense,area_power_1_5,fold,2,,,27,43.306228,35.611475,-7.694752,improvement
removal,dense,area_power_1_5,fold,3,,,26,58.930772,56.764493,-2.166279,improvement
removal,dense,area_power_1_5,fold,4,,,26,66.590015,64.351874,-2.238141,improvement
removal,dense,area_power_1_5,fold,5,,,26,51.972007,51.208901,-0.763107,neutral
removal,dense,area_power_1_5,oof,,,,132,54.852306,53.328068,-1.524237,improvement
removal,dense,area_transformations,fold,1,,,27,53.941613,56.249266,2.307654,harm
removal,dense,area_transformations,fold,2,,,27,43.306228,29.823275,-13.482953,improvement
removal,dense,area_transformations,fold,3,,,26,58.930772,54.407382,-4.523390,improvement
removal,dense,area_transformations,fold,4,,,26,66.590015,63.582479,-3.007536,improvement
removal,dense,area_transformations,fold,5,,,26,51.972007,67.349516,15.377508,harm
removal,dense,area_transformations,oof,,,,132,54.852306,54.111988,-0.740318,neutral
removal,dense,aspect_ratio,fold,1,,,27,53.941613,60.420276,6.478663,harm
removal,dense,aspect_ratio,fold,2,,,27,43.306228,50.044503,6.738275,harm
removal,dense,aspect_ratio,fold,3,,,26,58.930772,58.568822,-0.361949,neutral
removal,dense,aspect_ratio,fold,4,,,26,66.590015,62.446672,-4.143343,improvement
removal,dense,aspect_ratio,fold,5,,,26,51.972007,72.497347,20.525340,harm
removal,dense,aspect_ratio,oof,,,,132,54.852306,60.711234,5.858929,harm
removal,dense,bbox_area,fold,1,,,27,53.941613,63.159996,9.218383,harm
removal,dense,bbox_area,fold,2,,,27,43.306228,58.371093,15.064865,harm
removal,dense,bbox_area,fold,3,,,26,58.930772,54.184083,-4.746689,improvement
removal,dense,bbox_area,fold,4,,,26,66.590015,81.896040,15.306025,harm
removal,dense,bbox_area,fold,5,,,26,51.972007,55.354364,3.382356,harm
removal,dense,bbox_area,oof,,,,132,54.852306,62.565425,7.713119,harm
removal,dense,bbox_height,fold,1,,,27,53.941613,63.080658,9.139045,harm
removal,dense,bbox_height,fold,2,,,27,43.306228,50.252873,6.946645,harm
removal,dense,bbox_height,fold,3,,,26,58.930772,56.727090,-2.203682,improvement
removal,dense,bbox_height,fold,4,,,26,66.590015,73.729071,7.139056,harm
removal,dense,bbox_height,fold,5,,,26,51.972007,71.999721,20.027714,harm
removal,dense,bbox_height,oof,,,,132,54.852306,63.059532,8.207227,harm
removal,dense,bbox_width,fold,1,,,27,53.941613,59.188941,5.247328,harm
removal,dense,bbox_width,fold,2,,,27,43.306228,45.444935,2.138707,harm
removal,dense,bbox_width,fold,3,,,26,58.930772,56.156104,-2.774667,improvement
removal,dense,bbox_width,fold,4,,,26,66.590015,85.605355,19.015340,harm
removal,dense,bbox_width,fold,5,,,26,51.972007,62.900783,10.928776,harm
removal,dense,bbox_width,oof,,,,132,54.852306,61.714644,6.862338,harm
removal,dense,bounding_rectangle_relations,fold,1,,,27,53.941613,51.486227,-2.455386,improvement
removal,dense,bounding_rectangle_relations,fold,2,,,27,43.306228,38.975038,-4.331190,improvement
removal,dense,bounding_rectangle_relations,fold,3,,,26,58.930772,55.983123,-2.947649,improvement
removal,dense,bounding_rectangle_relations,fold,4,,,26,66.590015,60.394683,-6.195331,improvement
removal,dense,bounding_rectangle_relations,fold,5,,,26,51.972007,65.835279,13.863271,harm
removal,dense,bounding_rectangle_relations,oof,,,,132,54.852306,54.393897,-0.458409,neutral
removal,dense,center_to_end_occupancy_ratio,fold,1,,,27,53.941613,72.012016,18.070403,harm
removal,dense,center_to_end_occupancy_ratio,fold,2,,,27,43.306228,41.022550,-2.283678,improvement
removal,dense,center_to_end_occupancy_ratio,fold,3,,,26,58.930772,55.913569,-3.017203,improvement
removal,dense,center_to_end_occupancy_ratio,fold,4,,,26,66.590015,69.746273,3.156258,harm
removal,dense,center_to_end_occupancy_ratio,fold,5,,,26,51.972007,57.785354,5.813346,harm
removal,dense,center_to_end_occupancy_ratio,oof,,,,132,54.852306,59.253851,4.401546,harm
removal,dense,center_vertical_occupancy,fold,1,,,27,53.941613,59.886762,5.945149,harm
removal,dense,center_vertical_occupancy,fold,2,,,27,43.306228,31.795811,-11.510417,improvement
removal,dense,center_vertical_occupancy,fold,3,,,26,58.930772,60.271127,1.340355,harm
removal,dense,center_vertical_occupancy,fold,4,,,26,66.590015,67.193610,0.603595,neutral
removal,dense,center_vertical_occupancy,fold,5,,,26,51.972007,55.661466,3.689459,harm
removal,dense,center_vertical_occupancy,oof,,,,132,54.852306,54.823566,-0.028739,neutral
removal,dense,centroid_x_offset,fold,1,,,27,53.941613,60.135606,6.193993,harm
removal,dense,centroid_x_offset,fold,2,,,27,43.306228,39.952536,-3.353692,improvement
removal,dense,centroid_x_offset,fold,3,,,26,58.930772,58.581092,-0.349680,neutral
removal,dense,centroid_x_offset,fold,4,,,26,66.590015,73.891686,7.301671,harm
removal,dense,centroid_x_offset,fold,5,,,26,51.972007,61.374454,9.402446,harm
removal,dense,centroid_x_offset,oof,,,,132,54.852306,58.654605,3.802299,harm
removal,dense,centroid_y_ratio,fold,1,,,27,53.941613,56.703991,2.762378,harm
removal,dense,centroid_y_ratio,fold,2,,,27,43.306228,39.836758,-3.469470,improvement
removal,dense,centroid_y_ratio,fold,3,,,26,58.930772,54.233121,-4.697651,improvement
removal,dense,centroid_y_ratio,fold,4,,,26,66.590015,69.608752,3.018738,harm
removal,dense,centroid_y_ratio,fold,5,,,26,51.972007,65.624939,13.652931,harm
removal,dense,centroid_y_ratio,oof,,,,132,54.852306,57.066192,2.213886,harm
removal,dense,circularity,fold,1,,,27,53.941613,61.261820,7.320208,harm
removal,dense,circularity,fold,2,,,27,43.306228,40.638763,-2.667465,improvement
removal,dense,circularity,fold,3,,,26,58.930772,57.045496,-1.885276,improvement
removal,dense,circularity,fold,4,,,26,66.590015,76.339716,9.749701,harm
removal,dense,circularity,fold,5,,,26,51.972007,62.012564,10.040557,harm
removal,dense,circularity,oof,,,,132,54.852306,59.330742,4.478436,harm
removal,dense,convex_area,fold,1,,,27,53.941613,60.726947,6.785334,harm
removal,dense,convex_area,fold,2,,,27,43.306228,36.987368,-6.318860,improvement
removal,dense,convex_area,fold,3,,,26,58.930772,56.086689,-2.844083,improvement
removal,dense,convex_area,fold,4,,,26,66.590015,66.998423,0.408408,neutral
removal,dense,convex_area,fold,5,,,26,51.972007,64.358796,12.386789,harm
removal,dense,convex_area,oof,,,,132,54.852306,56.907789,2.055483,harm
removal,dense,convex_hull_relations,fold,1,,,27,53.941613,56.666175,2.724562,harm
removal,dense,convex_hull_relations,fold,2,,,27,43.306228,35.606950,-7.699278,improvement
removal,dense,convex_hull_relations,fold,3,,,26,58.930772,51.659642,-7.271129,improvement
removal,dense,convex_hull_relations,fold,4,,,26,66.590015,73.375264,6.785249,harm
removal,dense,convex_hull_relations,fold,5,,,26,51.972007,57.454490,5.482482,harm
removal,dense,convex_hull_relations,oof,,,,132,54.852306,54.818929,-0.033376,neutral
removal,dense,convexity,fold,1,,,27,53.941613,55.957984,2.016371,harm
removal,dense,convexity,fold,2,,,27,43.306228,41.600875,-1.705353,improvement
removal,dense,convexity,fold,3,,,26,58.930772,57.159352,-1.771420,improvement
removal,dense,convexity,fold,4,,,26,66.590015,68.337717,1.747702,harm
removal,dense,convexity,fold,5,,,26,51.972007,62.156608,10.184601,harm
removal,dense,convexity,oof,,,,132,54.852306,56.917309,2.065003,harm
removal,dense,end_vertical_occupancy_max,fold,1,,,27,53.941613,81.900817,27.959204,harm
removal,dense,end_vertical_occupancy_max,fold,2,,,27,43.306228,53.397916,10.091688,harm
removal,dense,end_vertical_occupancy_max,fold,3,,,26,58.930772,60.154652,1.223881,harm
removal,dense,end_vertical_occupancy_max,fold,4,,,26,66.590015,64.713415,-1.876600,improvement
removal,dense,end_vertical_occupancy_max,fold,5,,,26,51.972007,62.283113,10.311105,harm
removal,dense,end_vertical_occupancy_max,oof,,,,132,54.852306,64.537852,9.685546,harm
removal,dense,end_vertical_occupancy_min,fold,1,,,27,53.941613,58.877263,4.935650,harm
removal,dense,end_vertical_occupancy_min,fold,2,,,27,43.306228,32.321460,-10.984768,improvement
removal,dense,end_vertical_occupancy_min,fold,3,,,26,58.930772,62.047523,3.116752,harm
removal,dense,end_vertical_occupancy_min,fold,4,,,26,66.590015,67.368227,0.778213,neutral
removal,dense,end_vertical_occupancy_min,fold,5,,,26,51.972007,70.404781,18.432774,harm
removal,dense,end_vertical_occupancy_min,oof,,,,132,54.852306,58.012874,3.160568,harm
removal,dense,equivalent_diameter,fold,1,,,27,53.941613,62.389805,8.448192,harm
removal,dense,equivalent_diameter,fold,2,,,27,43.306228,38.701468,-4.604760,improvement
removal,dense,equivalent_diameter,fold,3,,,26,58.930772,54.428661,-4.502111,improvement
removal,dense,equivalent_diameter,fold,4,,,26,66.590015,77.841343,11.251328,harm
removal,dense,equivalent_diameter,fold,5,,,26,51.972007,64.714218,12.742210,harm
removal,dense,equivalent_diameter,oof,,,,132,54.852306,59.477683,4.625377,harm
removal,dense,equivalent_ellipse_relation,fold,1,,,27,53.941613,61.944950,8.003337,harm
removal,dense,equivalent_ellipse_relation,fold,2,,,27,43.306228,41.140387,-2.165841,improvement
removal,dense,equivalent_ellipse_relation,fold,3,,,26,58.930772,59.095467,0.164695,neutral
removal,dense,equivalent_ellipse_relation,fold,4,,,26,66.590015,73.984484,7.394470,harm
removal,dense,equivalent_ellipse_relation,fold,5,,,26,51.972007,55.905540,3.933533,harm
removal,dense,equivalent_ellipse_relation,oof,,,,132,54.852306,58.310052,3.457746,harm
removal,dense,extent,fold,1,,,27,53.941613,80.710800,26.769187,harm
removal,dense,extent,fold,2,,,27,43.306228,39.105070,-4.201157,improvement
removal,dense,extent,fold,3,,,26,58.930772,56.940502,-1.990269,improvement
removal,dense,extent,fold,4,,,26,66.590015,80.317122,13.727107,harm
removal,dense,extent,fold,5,,,26,51.972007,71.198308,19.226300,harm
removal,dense,extent,oof,,,,132,54.852306,65.567293,10.714988,harm
removal,dense,feret_diameter,fold,1,,,27,53.941613,58.904312,4.962699,harm
removal,dense,feret_diameter,fold,2,,,27,43.306228,46.233529,2.927301,harm
removal,dense,feret_diameter,fold,3,,,26,58.930772,60.706182,1.775410,harm
removal,dense,feret_diameter,fold,4,,,26,66.590015,72.206082,5.616067,harm
removal,dense,feret_diameter,fold,5,,,26,51.972007,65.171581,13.199573,harm
removal,dense,feret_diameter,oof,,,,132,54.852306,60.521982,5.669677,harm
removal,dense,hu_moment_1,fold,1,,,27,53.941613,58.003422,4.061810,harm
removal,dense,hu_moment_1,fold,2,,,27,43.306228,44.632595,1.326367,harm
removal,dense,hu_moment_1,fold,3,,,26,58.930772,58.518575,-0.412196,neutral
removal,dense,hu_moment_1,fold,4,,,26,66.590015,66.004265,-0.585749,neutral
removal,dense,hu_moment_1,fold,5,,,26,51.972007,54.984753,3.012746,harm
removal,dense,hu_moment_1,oof,,,,132,54.852306,56.351287,1.498982,harm
removal,dense,hu_moment_2,fold,1,,,27,53.941613,64.516949,10.575336,harm
removal,dense,hu_moment_2,fold,2,,,27,43.306228,30.884041,-12.422187,improvement
removal,dense,hu_moment_2,fold,3,,,26,58.930772,56.853967,-2.076804,improvement
removal,dense,hu_moment_2,fold,4,,,26,66.590015,65.815124,-0.774891,neutral
removal,dense,hu_moment_2,fold,5,,,26,51.972007,56.503601,4.531594,harm
removal,dense,hu_moment_2,oof,,,,132,54.852306,54.805430,-0.046876,neutral
removal,dense,major_axis_length,fold,1,,,27,53.941613,65.597949,11.656336,harm
removal,dense,major_axis_length,fold,2,,,27,43.306228,39.268106,-4.038122,improvement
removal,dense,major_axis_length,fold,3,,,26,58.930772,49.033664,-9.897107,improvement
removal,dense,major_axis_length,fold,4,,,26,66.590015,74.075031,7.485016,harm
removal,dense,major_axis_length,fold,5,,,26,51.972007,73.646903,21.674895,harm
removal,dense,major_axis_length,oof,,,,132,54.852306,60.204765,5.352460,harm
removal,dense,minor_axis_length,fold,1,,,27,53.941613,59.847402,5.905790,harm
removal,dense,minor_axis_length,fold,2,,,27,43.306228,39.015338,-4.290890,improvement
removal,dense,minor_axis_length,fold,3,,,26,58.930772,51.981061,-6.949710,improvement
removal,dense,minor_axis_length,fold,4,,,26,66.590015,79.831708,13.241693,harm
removal,dense,minor_axis_length,fold,5,,,26,51.972007,56.061712,4.089705,harm
removal,dense,minor_axis_length,oof,,,,132,54.852306,57.227504,2.375198,harm
removal,dense,perimeter,fold,1,,,27,53.941613,62.555208,8.613596,harm
removal,dense,perimeter,fold,2,,,27,43.306228,39.788380,-3.517848,improvement
removal,dense,perimeter,fold,3,,,26,58.930772,55.527526,-3.403245,improvement
removal,dense,perimeter,fold,4,,,26,66.590015,85.894007,19.303993,harm
removal,dense,perimeter,fold,5,,,26,51.972007,49.905587,-2.066420,improvement
removal,dense,perimeter,oof,,,,132,54.852306,58.619561,3.767255,harm
removal,dense,roundness,fold,1,,,27,53.941613,61.944950,8.003337,harm
removal,dense,roundness,fold,2,,,27,43.306228,41.140387,-2.165841,improvement
removal,dense,roundness,fold,3,,,26,58.930772,59.095467,0.164695,neutral
removal,dense,roundness,fold,4,,,26,66.590015,73.984484,7.394470,harm
removal,dense,roundness,fold,5,,,26,51.972007,55.905540,3.933533,harm
removal,dense,roundness,oof,,,,132,54.852306,58.310052,3.457746,harm
removal,dense,solidity,fold,1,,,27,53.941613,67.124604,13.182991,harm
removal,dense,solidity,fold,2,,,27,43.306228,42.978248,-0.327980,neutral
removal,dense,solidity,fold,3,,,26,58.930772,53.297193,-5.633579,improvement
removal,dense,solidity,fold,4,,,26,66.590015,74.196601,7.606587,harm
removal,dense,solidity,fold,5,,,26,51.972007,64.729266,12.757259,harm
removal,dense,solidity,oof,,,,132,54.852306,60.383156,5.530850,harm
removal,dense,vertical_occupancy_relation,fold,1,,,27,53.941613,72.012016,18.070403,harm
removal,dense,vertical_occupancy_relation,fold,2,,,27,43.306228,41.022550,-2.283678,improvement
removal,dense,vertical_occupancy_relation,fold,3,,,26,58.930772,55.913569,-3.017203,improvement
removal,dense,vertical_occupancy_relation,fold,4,,,26,66.590015,69.746273,3.156258,harm
removal,dense,vertical_occupancy_relation,fold,5,,,26,51.972007,57.785354,5.813346,harm
removal,dense,vertical_occupancy_relation,oof,,,,132,54.852306,59.253851,4.401546,harm
removal,random_forest,area,fold,1,,,27,50.674813,51.348503,0.673690,neutral
removal,random_forest,area,fold,2,,,27,31.781472,33.061896,1.280424,harm
removal,random_forest,area,fold,3,,,26,47.893012,48.632520,0.739508,neutral
removal,random_forest,area,fold,4,,,26,67.093543,66.395608,-0.697935,neutral
removal,random_forest,area,fold,5,,,26,67.367468,66.206926,-1.160542,improvement
removal,random_forest,area,oof,,,,132,52.784275,52.963577,0.179302,neutral
removal,random_forest,area_contour_relation,fold,1,,,27,50.674813,50.974822,0.300010,neutral
removal,random_forest,area_contour_relation,fold,2,,,27,31.781472,32.319713,0.538241,neutral
removal,random_forest,area_contour_relation,fold,3,,,26,47.893012,47.947899,0.054887,neutral
removal,random_forest,area_contour_relation,fold,4,,,26,67.093543,67.054851,-0.038693,neutral
removal,random_forest,area_contour_relation,fold,5,,,26,67.367468,67.182483,-0.184985,neutral
removal,random_forest,area_contour_relation,oof,,,,132,52.784275,52.922489,0.138214,neutral
removal,random_forest,area_major_axis_product,fold,1,,,27,50.674813,51.931107,1.256294,harm
removal,random_forest,area_major_axis_product,fold,2,,,27,31.781472,33.219244,1.437772,harm
removal,random_forest,area_major_axis_product,fold,3,,,26,47.893012,49.052165,1.159152,harm
removal,random_forest,area_major_axis_product,fold,4,,,26,67.093543,66.885598,-0.207945,neutral
removal,random_forest,area_major_axis_product,fold,5,,,26,67.367468,66.641469,-0.725999,neutral
removal,random_forest,area_major_axis_product,oof,,,,132,52.784275,53.379693,0.595418,neutral
removal,random_forest,area_power_1_5,fold,1,,,27,50.674813,51.891616,1.216803,harm
removal,random_forest,area_power_1_5,fold,2,,,27,31.781472,33.307430,1.525958,harm
removal,random_forest,area_power_1_5,fold,3,,,26,47.893012,49.070768,1.177756,harm
removal,random_forest,area_power_1_5,fold,4,,,26,67.093543,66.568482,-0.525061,neutral
removal,random_forest,area_power_1_5,fold,5,,,26,67.367468,66.661081,-0.706387,neutral
removal,random_forest,area_power_1_5,oof,,,,132,52.784275,53.334719,0.550444,neutral
removal,random_forest,area_transformations,fold,1,,,27,50.674813,51.776959,1.102146,harm
removal,random_forest,area_transformations,fold,2,,,27,31.781472,31.815419,0.033947,neutral
removal,random_forest,area_transformations,fold,3,,,26,47.893012,48.852293,0.959281,neutral
removal,random_forest,area_transformations,fold,4,,,26,67.093543,67.163683,0.070140,neutral
removal,random_forest,area_transformations,fold,5,,,26,67.367468,66.561962,-0.805506,neutral
removal,random_forest,area_transformations,oof,,,,132,52.784275,53.060762,0.276487,neutral
removal,random_forest,aspect_ratio,fold,1,,,27,50.674813,52.121526,1.446713,harm
removal,random_forest,aspect_ratio,fold,2,,,27,31.781472,34.145338,2.363866,harm
removal,random_forest,aspect_ratio,fold,3,,,26,47.893012,48.371362,0.478350,neutral
removal,random_forest,aspect_ratio,fold,4,,,26,67.093543,61.995818,-5.097725,improvement
removal,random_forest,aspect_ratio,fold,5,,,26,67.367468,67.442935,0.075467,neutral
removal,random_forest,aspect_ratio,oof,,,,132,52.784275,52.668699,-0.115575,neutral
removal,random_forest,bbox_area,fold,1,,,27,50.674813,51.969973,1.295161,harm
removal,random_forest,bbox_area,fold,2,,,27,31.781472,32.556361,0.774889,neutral
removal,random_forest,bbox_area,fold,3,,,26,47.893012,47.579629,-0.313383,neutral
removal,random_forest,bbox_area,fold,4,,,26,67.093543,65.949335,-1.144208,improvement
removal,random_forest,bbox_area,fold,5,,,26,67.367468,66.530013,-0.837455,neutral
removal,random_forest,bbox_area,oof,,,,132,52.784275,52.755640,-0.028635,neutral
removal,random_forest,bbox_height,fold,1,,,27,50.674813,51.319987,0.645174,neutral
removal,random_forest,bbox_height,fold,2,,,27,31.781472,32.500604,0.719132,neutral
removal,random_forest,bbox_height,fold,3,,,26,47.893012,47.991815,0.098803,neutral
removal,random_forest,bbox_height,fold,4,,,26,67.093543,65.859290,-1.234253,improvement
removal,random_forest,bbox_height,fold,5,,,26,67.367468,66.373089,-0.994379,neutral
removal,random_forest,bbox_height,oof,,,,132,52.784275,52.643826,-0.140449,neutral
removal,random_forest,bbox_width,fold,1,,,27,50.674813,51.787695,1.112882,harm
removal,random_forest,bbox_width,fold,2,,,27,31.781472,32.734300,0.952828,neutral
removal,random_forest,bbox_width,fold,3,,,26,47.893012,47.998232,0.105220,neutral
removal,random_forest,bbox_width,fold,4,,,26,67.093543,65.586232,-1.507311,improvement
removal,random_forest,bbox_width,fold,5,,,26,67.367468,66.558529,-0.808939,neutral
removal,random_forest,bbox_width,oof,,,,132,52.784275,52.771301,-0.012974,neutral
removal,random_forest,bounding_rectangle_relations,fold,1,,,27,50.674813,52.639396,1.964584,harm
removal,random_forest,bounding_rectangle_relations,fold,2,,,27,31.781472,35.580952,3.799480,harm
removal,random_forest,bounding_rectangle_relations,fold,3,,,26,47.893012,49.478749,1.585737,harm
removal,random_forest,bounding_rectangle_relations,fold,4,,,26,67.093543,64.561501,-2.532042,improvement
removal,random_forest,bounding_rectangle_relations,fold,5,,,26,67.367468,65.096529,-2.270939,improvement
removal,random_forest,bounding_rectangle_relations,oof,,,,132,52.784275,53.329588,0.545313,neutral
removal,random_forest,center_to_end_occupancy_ratio,fold,1,,,27,50.674813,51.825884,1.151072,harm
removal,random_forest,center_to_end_occupancy_ratio,fold,2,,,27,31.781472,34.056657,2.275185,harm
removal,random_forest,center_to_end_occupancy_ratio,fold,3,,,26,47.893012,48.132195,0.239183,neutral
removal,random_forest,center_to_end_occupancy_ratio,fold,4,,,26,67.093543,65.976997,-1.116546,improvement
removal,random_forest,center_to_end_occupancy_ratio,fold,5,,,26,67.367468,67.343417,-0.024051,neutral
removal,random_forest,center_to_end_occupancy_ratio,oof,,,,132,52.784275,53.307549,0.523274,neutral
removal,random_forest,center_vertical_occupancy,fold,1,,,27,50.674813,50.747562,0.072749,neutral
removal,random_forest,center_vertical_occupancy,fold,2,,,27,31.781472,34.353992,2.572520,harm
removal,random_forest,center_vertical_occupancy,fold,3,,,26,47.893012,51.212248,3.319235,harm
removal,random_forest,center_vertical_occupancy,fold,4,,,26,67.093543,66.843649,-0.249894,neutral
removal,random_forest,center_vertical_occupancy,fold,5,,,26,67.367468,63.962799,-3.404669,improvement
removal,random_forest,center_vertical_occupancy,oof,,,,132,52.784275,53.259303,0.475028,neutral
removal,random_forest,centroid_x_offset,fold,1,,,27,50.674813,51.621487,0.946674,neutral
removal,random_forest,centroid_x_offset,fold,2,,,27,31.781472,33.119973,1.338501,harm
removal,random_forest,centroid_x_offset,fold,3,,,26,47.893012,48.681294,0.788281,neutral
removal,random_forest,centroid_x_offset,fold,4,,,26,67.093543,65.857022,-1.236521,improvement
removal,random_forest,centroid_x_offset,fold,5,,,26,67.367468,66.458397,-0.909071,neutral
removal,random_forest,centroid_x_offset,oof,,,,132,52.784275,52.984348,0.200073,neutral
removal,random_forest,centroid_y_ratio,fold,1,,,27,50.674813,52.497931,1.823119,harm
removal,random_forest,centroid_y_ratio,fold,2,,,27,31.781472,31.206056,-0.575416,neutral
removal,random_forest,centroid_y_ratio,fold,3,,,26,47.893012,48.264092,0.371080,neutral
removal,random_forest,centroid_y_ratio,fold,4,,,26,67.093543,69.148168,2.054625,harm
removal,random_forest,centroid_y_ratio,fold,5,,,26,67.367468,67.708156,0.340687,neutral
removal,random_forest,centroid_y_ratio,oof,,,,132,52.784275,53.584382,0.800107,neutral
removal,random_forest,circularity,fold,1,,,27,50.674813,50.974822,0.300010,neutral
removal,random_forest,circularity,fold,2,,,27,31.781472,32.319713,0.538241,neutral
removal,random_forest,circularity,fold,3,,,26,47.893012,47.947899,0.054887,neutral
removal,random_forest,circularity,fold,4,,,26,67.093543,67.054851,-0.038693,neutral
removal,random_forest,circularity,fold,5,,,26,67.367468,67.182483,-0.184985,neutral
removal,random_forest,circularity,oof,,,,132,52.784275,52.922489,0.138214,neutral
removal,random_forest,convex_area,fold,1,,,27,50.674813,51.767276,1.092464,harm
removal,random_forest,convex_area,fold,2,,,27,31.781472,33.075554,1.294082,harm
removal,random_forest,convex_area,fold,3,,,26,47.893012,48.266296,0.373284,neutral
removal,random_forest,convex_area,fold,4,,,26,67.093543,66.517475,-0.576068,neutral
removal,random_forest,convex_area,fold,5,,,26,67.367468,66.320653,-1.046815,improvement
removal,random_forest,convex_area,oof,,,,132,52.784275,53.026299,0.242024,neutral
removal,random_forest,convex_hull_relations,fold,1,,,27,50.674813,56.483430,5.808617,harm
removal,random_forest,convex_hull_relations,fold,2,,,27,31.781472,31.385506,-0.395966,neutral
removal,random_forest,convex_hull_relations,fold,3,,,26,47.893012,52.500674,4.607662,harm
removal,random_forest,convex_hull_relations,fold,4,,,26,67.093543,73.826680,6.733136,harm
removal,random_forest,convex_hull_relations,fold,5,,,26,67.367468,68.130842,0.763374,neutral
removal,random_forest,convex_hull_relations,oof,,,,132,52.784275,56.275563,3.491288,harm
removal,random_forest,convexity,fold,1,,,27,50.674813,51.188409,0.513596,neutral
removal,random_forest,convexity,fold,2,,,27,31.781472,32.888621,1.107149,harm
removal,random_forest,convexity,fold,3,,,26,47.893012,48.473647,0.580635,neutral
removal,random_forest,convexity,fold,4,,,26,67.093543,66.598719,-0.494824,neutral
removal,random_forest,convexity,fold,5,,,26,67.367468,66.289172,-1.078296,improvement
removal,random_forest,convexity,oof,,,,132,52.784275,52.920302,0.136027,neutral
removal,random_forest,end_vertical_occupancy_max,fold,1,,,27,50.674813,51.433498,0.758685,neutral
removal,random_forest,end_vertical_occupancy_max,fold,2,,,27,31.781472,32.961001,1.179529,harm
removal,random_forest,end_vertical_occupancy_max,fold,3,,,26,47.893012,47.902343,0.009331,neutral
removal,random_forest,end_vertical_occupancy_max,fold,4,,,26,67.093543,66.447240,-0.646303,neutral
removal,random_forest,end_vertical_occupancy_max,fold,5,,,26,67.367468,65.538777,-1.828692,improvement
removal,random_forest,end_vertical_occupancy_max,oof,,,,132,52.784275,52.695067,-0.089208,neutral
removal,random_forest,end_vertical_occupancy_min,fold,1,,,27,50.674813,51.386662,0.711849,neutral
removal,random_forest,end_vertical_occupancy_min,fold,2,,,27,31.781472,33.562600,1.781128,harm
removal,random_forest,end_vertical_occupancy_min,fold,3,,,26,47.893012,48.550650,0.657638,neutral
removal,random_forest,end_vertical_occupancy_min,fold,4,,,26,67.093543,67.030549,-0.062994,neutral
removal,random_forest,end_vertical_occupancy_min,fold,5,,,26,67.367468,67.398772,0.031304,neutral
removal,random_forest,end_vertical_occupancy_min,oof,,,,132,52.784275,53.417495,0.633220,neutral
removal,random_forest,equivalent_diameter,fold,1,,,27,50.674813,51.594857,0.920044,neutral
removal,random_forest,equivalent_diameter,fold,2,,,27,31.781472,32.468463,0.686991,neutral
removal,random_forest,equivalent_diameter,fold,3,,,26,47.893012,48.039192,0.146180,neutral
removal,random_forest,equivalent_diameter,fold,4,,,26,67.093543,65.916430,-1.177113,improvement
removal,random_forest,equivalent_diameter,fold,5,,,26,67.367468,66.944916,-0.422552,neutral
removal,random_forest,equivalent_diameter,oof,,,,132,52.784275,52.826694,0.042419,neutral
removal,random_forest,equivalent_ellipse_relation,fold,1,,,27,50.674813,51.664068,0.989255,neutral
removal,random_forest,equivalent_ellipse_relation,fold,2,,,27,31.781472,33.078085,1.296613,harm
removal,random_forest,equivalent_ellipse_relation,fold,3,,,26,47.893012,48.359925,0.466912,neutral
removal,random_forest,equivalent_ellipse_relation,fold,4,,,26,67.093543,66.810522,-0.283021,neutral
removal,random_forest,equivalent_ellipse_relation,fold,5,,,26,67.367468,65.899302,-1.468166,improvement
removal,random_forest,equivalent_ellipse_relation,oof,,,,132,52.784275,52.998876,0.214601,neutral
removal,random_forest,extent,fold,1,,,27,50.674813,52.006586,1.331773,harm
removal,random_forest,extent,fold,2,,,27,31.781472,33.073760,1.292288,harm
removal,random_forest,extent,fold,3,,,26,47.893012,49.228258,1.335245,harm
removal,random_forest,extent,fold,4,,,26,67.093543,66.697312,-0.396232,neutral
removal,random_forest,extent,fold,5,,,26,67.367468,65.272726,-2.094742,improvement
removal,random_forest,extent,oof,,,,132,52.784275,53.093371,0.309096,neutral
removal,random_forest,feret_diameter,fold,1,,,27,50.674813,51.871454,1.196642,harm
removal,random_forest,feret_diameter,fold,2,,,27,31.781472,32.823842,1.042370,harm
removal,random_forest,feret_diameter,fold,3,,,26,47.893012,48.606347,0.713334,neutral
removal,random_forest,feret_diameter,fold,4,,,26,67.093543,65.897461,-1.196082,improvement
removal,random_forest,feret_diameter,fold,5,,,26,67.367468,66.459340,-0.908128,neutral
removal,random_forest,feret_diameter,oof,,,,132,52.784275,52.968294,0.184019,neutral
removal,random_forest,hu_moment_1,fold,1,,,27,50.674813,52.105959,1.431146,harm
removal,random_forest,hu_moment_1,fold,2,,,27,31.781472,34.248429,2.466957,harm
removal,random_forest,hu_moment_1,fold,3,,,26,47.893012,47.782252,-0.110760,neutral
removal,random_forest,hu_moment_1,fold,4,,,26,67.093543,67.298983,0.205440,neutral
removal,random_forest,hu_moment_1,fold,5,,,26,67.367468,66.582168,-0.785300,neutral
removal,random_forest,hu_moment_1,oof,,,,132,52.784275,53.445583,0.661308,neutral
removal,random_forest,hu_moment_2,fold,1,,,27,50.674813,51.761224,1.086412,harm
removal,random_forest,hu_moment_2,fold,2,,,27,31.781472,33.442840,1.661368,harm
removal,random_forest,hu_moment_2,fold,3,,,26,47.893012,47.875447,-0.017565,neutral
removal,random_forest,hu_moment_2,fold,4,,,26,67.093543,66.595777,-0.497766,neutral
removal,random_forest,hu_moment_2,fold,5,,,26,67.367468,66.907231,-0.460237,neutral
removal,random_forest,hu_moment_2,oof,,,,132,52.784275,53.154163,0.369888,neutral
removal,random_forest,major_axis_length,fold,1,,,27,50.674813,51.391833,0.717020,neutral
removal,random_forest,major_axis_length,fold,2,,,27,31.781472,32.878538,1.097066,harm
removal,random_forest,major_axis_length,fold,3,,,26,47.893012,47.902826,0.009813,neutral
removal,random_forest,major_axis_length,fold,4,,,26,67.093543,66.625831,-0.467712,neutral
removal,random_forest,major_axis_length,fold,5,,,26,67.367468,66.516185,-0.851283,neutral
removal,random_forest,major_axis_length,oof,,,,132,52.784275,52.897469,0.113194,neutral
removal,random_forest,minor_axis_length,fold,1,,,27,50.674813,51.995521,1.320708,harm
removal,random_forest,minor_axis_length,fold,2,,,27,31.781472,32.864608,1.083136,harm
removal,random_forest,minor_axis_length,fold,3,,,26,47.893012,48.528639,0.635627,neutral
removal,random_forest,minor_axis_length,fold,4,,,26,67.093543,66.710503,-0.383040,neutral
removal,random_forest,minor_axis_length,fold,5,,,26,67.367468,66.114073,-1.253395,improvement
removal,random_forest,minor_axis_length,oof,,,,132,52.784275,53.078841,0.294566,neutral
removal,random_forest,perimeter,fold,1,,,27,50.674813,51.091456,0.416643,neutral
removal,random_forest,perimeter,fold,2,,,27,31.781472,32.509670,0.728198,neutral
removal,random_forest,perimeter,fold,3,,,26,47.893012,48.148776,0.255763,neutral
removal,random_forest,perimeter,fold,4,,,26,67.093543,65.972376,-1.121167,improvement
removal,random_forest,perimeter,fold,5,,,26,67.367468,65.684028,-1.683440,improvement
removal,random_forest,perimeter,oof,,,,132,52.784275,52.516402,-0.267873,neutral
removal,random_forest,roundness,fold,1,,,27,50.674813,51.664068,0.989255,neutral
removal,random_forest,roundness,fold,2,,,27,31.781472,33.078085,1.296613,harm
removal,random_forest,roundness,fold,3,,,26,47.893012,48.359925,0.466912,neutral
removal,random_forest,roundness,fold,4,,,26,67.093543,66.810522,-0.283021,neutral
removal,random_forest,roundness,fold,5,,,26,67.367468,65.899302,-1.468166,improvement
removal,random_forest,roundness,oof,,,,132,52.784275,52.998876,0.214601,neutral
removal,random_forest,solidity,fold,1,,,27,50.674813,56.832802,6.157989,harm
removal,random_forest,solidity,fold,2,,,27,31.781472,32.008529,0.227057,neutral
removal,random_forest,solidity,fold,3,,,26,47.893012,52.034930,4.141918,harm
removal,random_forest,solidity,fold,4,,,26,67.093543,75.334808,8.241265,harm
removal,random_forest,solidity,fold,5,,,26,67.367468,68.229660,0.862192,neutral
removal,random_forest,solidity,oof,,,,132,52.784275,56.699245,3.914970,harm
removal,random_forest,vertical_occupancy_relation,fold,1,,,27,50.674813,51.825884,1.151072,harm
removal,random_forest,vertical_occupancy_relation,fold,2,,,27,31.781472,34.056657,2.275185,harm
removal,random_forest,vertical_occupancy_relation,fold,3,,,26,47.893012,48.132195,0.239183,neutral
removal,random_forest,vertical_occupancy_relation,fold,4,,,26,67.093543,65.976997,-1.116546,improvement
removal,random_forest,vertical_occupancy_relation,fold,5,,,26,67.367468,67.343417,-0.024051,neutral
removal,random_forest,vertical_occupancy_relation,oof,,,,132,52.784275,53.307549,0.523274,neutral
